▲ Next.js 16.3.5 (webpack)
- Local:         http://localhost:3073
- Network:       http://10.0.0.157:3073
✓ Ready in 285ms
✓ Running next.config.ts took 223ms
[eve:dev] ../../../../../Users/jaywest/Myeve/node_modules/@vercel/otel/dist/node/index.js (23:28893) [33m[EVAL] [0mUse of direct `eval` function is strongly discouraged as it poses security risks and may cause issues with minification.
[eve:dev]  - Use of direct `eval` here. in ../../../../../../../../../../../../Users/jaywest/Myeve/node_modules/@vercel/otel/dist/node/index.js at 254579..254583
[eve:dev]  [38;5;240m │[0m 
[eve:dev]  [38;5;240m │[0m [38;5;115mHelp[0m: Consider using indirect eval. For more information, check the documentation: https://rolldown.rs/guide/troubleshooting#avoiding-direct-eval
[eve:dev] ../../../../../Users/jaywest/Myeve/node_modules/@vercel/otel/dist/node/index.js (23:28893) [33m[EVAL] [0mUse of direct `eval` function is strongly discouraged as it poses security risks and may cause issues with minification.
[eve:dev]  - Use of direct `eval` here. in ../../../../../../../../../../../../Users/jaywest/Myeve/node_modules/@vercel/otel/dist/node/index.js at 254579..254583
[eve:dev]  [38;5;240m │[0m 
[eve:dev]  [38;5;240m │[0m [38;5;115mHelp[0m: Consider using indirect eval. For more information, check the documentation: https://rolldown.rs/guide/troubleshooting#avoiding-direct-eval
[eve:dev] (node:27763) [DEP0040] DeprecationWarning: The `punycode` module is deprecated. Please use a userland alternative instead.
[eve:dev] (Use `node --trace-deprecation ...` to show where the warning was created)
[eve:dev] (node:27763) [DEP0040] DeprecationWarning: The `punycode` module is deprecated. Please use a userland alternative instead.
[eve:dev] (Use `node --trace-deprecation ...` to show where the warning was created)
[eve:dev] server listening at http://127.0.0.1:57365/

 GET /api/task-runs?threadId=1d977819-1d00-42c3-b607-5c229c579976 200 in 1410ms (next.js: 1341ms, application-code: 70ms)
○ Compiling /chat ...
⚠ ../../../../../Users/jaywest/Myeve/node_modules/@novnc/novnc/core/util/browser.js
The generated code contains 'async/await' because this module is using "topLevelAwait".
However, your target environment does not appear to support 'async/await'.
As a result, the code may not run as expected or may cause runtime errors.

Import trace for requested module:
../../../../../Users/jaywest/Myeve/node_modules/@novnc/novnc/core/util/browser.js
../../../../../Users/jaywest/Myeve/node_modules/@novnc/novnc/core/rfb.js
./components/computer-viewer.tsx
./components/computer-workspace.tsx
./app/chat.tsx
 GET /api/task-runs?threadId=1d977819-1d00-42c3-b607-5c229c579976 200 in 5.7s (next.js: 5.6s, application-code: 53ms)
 GET /chat 200 in 8.3s (next.js: 7.8s, proxy.ts: 162ms, application-code: 349ms)
[browser] ../../../../../Users/jaywest/Myeve/node_modules/@novnc/novnc/core/util/browser.js
The generated code contains 'async/await' because this module is using "topLevelAwait".
However, your target environment does not appear to support 'async/await'.
As a result, the code may not run as expected or may cause runtime errors.
⚠ ../../../../../Users/jaywest/Myeve/node_modules/@novnc/novnc/core/util/browser.js
The generated code contains 'async/await' because this module is using "topLevelAwait".
However, your target environment does not appear to support 'async/await'.
As a result, the code may not run as expected or may cause runtime errors.

Import trace for requested module:
../../../../../Users/jaywest/Myeve/node_modules/@novnc/novnc/core/util/browser.js
../../../../../Users/jaywest/Myeve/node_modules/@novnc/novnc/core/rfb.js
./components/computer-viewer.tsx
./components/computer-workspace.tsx
./app/chat.tsx
[browser] ../../../../../Users/jaywest/Myeve/node_modules/@novnc/novnc/core/util/browser.js
The generated code contains 'async/await' because this module is using "topLevelAwait".
However, your target environment does not appear to support 'async/await'.
As a result, the code may not run as expected or may cause runtime errors.

Import trace for requested module:
../../../../../Users/jaywest/Myeve/node_modules/@novnc/novnc/core/util/browser.js
../../../../../Users/jaywest/Myeve/node_modules/@novnc/novnc/core/rfb.js
./components/computer-viewer.tsx
./components/computer-workspace.tsx
./app/chat.tsx
⚠ ../../../../../Users/jaywest/Myeve/node_modules/@novnc/novnc/core/util/browser.js
The generated code contains 'async/await' because this module is using "topLevelAwait".
However, your target environment does not appear to support 'async/await'.
As a result, the code may not run as expected or may cause runtime errors.

Import trace for requested module:
../../../../../Users/jaywest/Myeve/node_modules/@novnc/novnc/core/util/browser.js
../../../../../Users/jaywest/Myeve/node_modules/@novnc/novnc/core/rfb.js
./components/computer-viewer.tsx
./components/computer-workspace.tsx
./app/chat.tsx
Model catalog failed Error [GatewayAuthenticationError]: AI Gateway authentication failed: No authentication provided.

Option 1 - API key:
Create an API key: https://vercel.com/d?to=%2F%5Bteam%5D%2F%7E%2Fai%2Fapi-keys
Provide via 'apiKey' option or 'AI_GATEWAY_API_KEY' environment variable.

Option 2 - Vercel access token:
Pass a Vercel personal access token or Vercel app access token via the 'apiKey' option.

Option 3 - OIDC token:
Run 'npx vercel link' to link your project, then 'vc env pull' to fetch the token.
    at async GET (app/api/models/route.ts:11:24)
   9 |
  10 |   try {
> 11 |     const { models } = await gateway.getAvailableModels();
     |                        ^
  12 |     const language = models
  13 |       .filter((model) => (model.modelType ?? "language") === "language")
  14 |       .map((model) => ({ {
  statusCode: 401,
  generationId: undefined,
  isRetryable: false,
  type: 'authentication_error',
  [cause]: Error [VercelOidcTokenError]: The 'x-vercel-oidc-token' header is missing from the request. Do you have the OIDC option enabled in the Vercel project settings?
  Unable to find project root directory. Have you linked your project with `vc link?`
      at async GET (app/api/models/route.ts:11:24)
     9 |
    10 |   try {
  > 11 |     const { models } = await gateway.getAvailableModels();
       |                        ^
    12 |     const language = models
    13 |       .filter((model) => (model.modelType ?? "language") === "language")
    14 |       .map((model) => ({ {
    cause: undefined
  }
}
 GET /api/commands 200 in 1577ms (next.js: 1354ms, application-code: 223ms)
 GET /api/models 503 in 1579ms (next.js: 1356ms, application-code: 223ms)
 GET /api/capabilities 200 in 846ms (next.js: 622ms, application-code: 224ms)
[browser] ../../../../../Users/jaywest/Myeve/node_modules/@novnc/novnc/core/util/browser.js
The generated code contains 'async/await' because this module is using "topLevelAwait".
However, your target environment does not appear to support 'async/await'.
As a result, the code may not run as expected or may cause runtime errors.

Import trace for requested module:
../../../../../Users/jaywest/Myeve/node_modules/@novnc/novnc/core/util/browser.js
../../../../../Users/jaywest/Myeve/node_modules/@novnc/novnc/core/rfb.js
./components/computer-viewer.tsx
./components/computer-workspace.tsx
./app/chat.tsx
 GET /api/commands 200 in 2ms (next.js: 0.6ms, application-code: 1.5ms)
Model catalog failed Error [GatewayAuthenticationError]: AI Gateway authentication failed: No authentication provided.

Option 1 - API key:
Create an API key: https://vercel.com/d?to=%2F%5Bteam%5D%2F%7E%2Fai%2Fapi-keys
Provide via 'apiKey' option or 'AI_GATEWAY_API_KEY' environment variable.

Option 2 - Vercel access token:
Pass a Vercel personal access token or Vercel app access token via the 'apiKey' option.

Option 3 - OIDC token:
Run 'npx vercel link' to link your project, then 'vc env pull' to fetch the token.
    at async GET (app/api/models/route.ts:11:24)
   9 |
  10 |   try {
> 11 |     const { models } = await gateway.getAvailableModels();
     |                        ^
  12 |     const language = models
  13 |       .filter((model) => (model.modelType ?? "language") === "language")
  14 |       .map((model) => ({ {
  statusCode: 401,
  generationId: undefined,
  isRetryable: false,
  type: 'authentication_error',
  [cause]: Error [VercelOidcTokenError]: The 'x-vercel-oidc-token' header is missing from the request. Do you have the OIDC option enabled in the Vercel project settings?
  Unable to find project root directory. Have you linked your project with `vc link?`
      at async GET (app/api/models/route.ts:11:24)
     9 |
    10 |   try {
  > 11 |     const { models } = await gateway.getAvailableModels();
       |                        ^
    12 |     const language = models
    13 |       .filter((model) => (model.modelType ?? "language") === "language")
    14 |       .map((model) => ({ {
    cause: undefined
  }
}
 GET /api/models 503 in 4ms (next.js: 0.9ms, application-code: 3ms)
 GET /api/threads 200 in 1600ms (next.js: 1354ms, application-code: 246ms)
 GET /api/agents 200 in 1602ms (next.js: 1354ms, application-code: 248ms)
 GET /api/threads 200 in 3ms (next.js: 0.5ms, application-code: 3ms)
 GET /api/agents 200 in 5ms (next.js: 0.3ms, application-code: 4ms)
 GET /api/threads/1d977819-1d00-42c3-b607-5c229c579976 404 in 1804ms (next.js: 1800ms, application-code: 4ms)
 GET /api/threads/1d977819-1d00-42c3-b607-5c229c579976 404 in 4ms (next.js: 1.6ms, application-code: 2ms)
 GET /api/threads/1d977819-1d00-42c3-b607-5c229c579976 404 in 2ms (next.js: 0.5ms, application-code: 1.8ms)
 GET /api/threads/1d977819-1d00-42c3-b607-5c229c579976 404 in 2ms (next.js: 0.6ms, application-code: 1.7ms)
 GET /api/task-runs?threadId=1d977819-1d00-42c3-b607-5c229c579976 200 in 8ms (next.js: 2ms, application-code: 6ms)
 GET /api/task-runs?threadId=1d977819-1d00-42c3-b607-5c229c579976 200 in 3ms (next.js: 0.5ms, application-code: 2ms)
 GET /api/task-runs?threadId=1d977819-1d00-42c3-b607-5c229c579976 200 in 4ms (next.js: 0.6ms, application-code: 4ms)
 GET /api/task-runs?threadId=1d977819-1d00-42c3-b607-5c229c579976 200 in 3ms (next.js: 0.6ms, application-code: 3ms)
 GET /api/task-runs?threadId=1d977819-1d00-42c3-b607-5c229c579976 200 in 3ms (next.js: 0.7ms, application-code: 1.9ms)
 GET /api/threads/1d977819-1d00-42c3-b607-5c229c579976 404 in 5ms (next.js: 1.9ms, application-code: 3ms)
 PUT /api/threads/1d977819-1d00-42c3-b607-5c229c579976 200 in 5ms (next.js: 0.5ms, application-code: 5ms)
 PUT /api/threads/1d977819-1d00-42c3-b607-5c229c579976 200 in 4ms (next.js: 0.5ms, application-code: 3ms)
[eve:dev] [eve:harness.tool-loop] AI Gateway authentication failed: AI Gateway received no credentials. {
[eve:dev]   errorId: 'dc531104-4036-4f04-863d-ba926a2a19c9',
[eve:dev]   hint: 'Run `eve link` to populate `VERCEL_OIDC_TOKEN`, or set `AI_GATEWAY_API_KEY` — create a key at https://vercel.com/dashboard/ai/api-keys.',
[eve:dev]   sessionId: 'wrun_01M305NJZ82PD91CR926H4V7MV',
[eve:dev]   turnId: 'turn_0'
[eve:dev] }
 PUT /api/threads/1d977819-1d00-42c3-b607-5c229c579976 200 in 4ms (next.js: 0.5ms, application-code: 3ms)
 PUT /api/threads/1d977819-1d00-42c3-b607-5c229c579976 200 in 4ms (next.js: 0.7ms, application-code: 4ms)
 GET /api/task-runs?threadId=1d977819-1d00-42c3-b607-5c229c579976 200 in 3ms (next.js: 0.6ms, application-code: 2ms)
 GET /api/task-runs?threadId=1d977819-1d00-42c3-b607-5c229c579976 200 in 3ms (next.js: 0.5ms, application-code: 3ms)
 GET /api/threads 200 in 3ms (next.js: 0.6ms, application-code: 3ms)
⚠ ../../../../../Users/jaywest/Myeve/node_modules/@novnc/novnc/core/util/browser.js
The generated code contains 'async/await' because this module is using "topLevelAwait".
However, your target environment does not appear to support 'async/await'.
As a result, the code may not run as expected or may cause runtime errors.

Import trace for requested module:
../../../../../Users/jaywest/Myeve/node_modules/@novnc/novnc/core/util/browser.js
../../../../../Users/jaywest/Myeve/node_modules/@novnc/novnc/core/rfb.js
./components/computer-viewer.tsx
./components/computer-workspace.tsx
./app/chat.tsx
[browser] ../../../../../Users/jaywest/Myeve/node_modules/@novnc/novnc/core/util/browser.js
The generated code contains 'async/await' because this module is using "topLevelAwait".
However, your target environment does not appear to support 'async/await'.
As a result, the code may not run as expected or may cause runtime errors.

Import trace for requested module:
../../../../../Users/jaywest/Myeve/node_modules/@novnc/novnc/core/util/browser.js
../../../../../Users/jaywest/Myeve/node_modules/@novnc/novnc/core/rfb.js
./components/computer-viewer.tsx
./components/computer-workspace.tsx
./app/chat.tsx
⚠ ../../../../../Users/jaywest/Myeve/node_modules/@novnc/novnc/core/util/browser.js
The generated code contains 'async/await' because this module is using "topLevelAwait".
However, your target environment does not appear to support 'async/await'.
As a result, the code may not run as expected or may cause runtime errors.

Import trace for requested module:
../../../../../Users/jaywest/Myeve/node_modules/@novnc/novnc/core/util/browser.js
../../../../../Users/jaywest/Myeve/node_modules/@novnc/novnc/core/rfb.js
./components/computer-viewer.tsx
./components/computer-workspace.tsx
./app/chat.tsx
[browser] ../../../../../Users/jaywest/Myeve/node_modules/@novnc/novnc/core/util/browser.js
The generated code contains 'async/await' because this module is using "topLevelAwait".
However, your target environment does not appear to support 'async/await'.
As a result, the code may not run as expected or may cause runtime errors.

Import trace for requested module:
../../../../../Users/jaywest/Myeve/node_modules/@novnc/novnc/core/util/browser.js
../../../../../Users/jaywest/Myeve/node_modules/@novnc/novnc/core/rfb.js
./components/computer-viewer.tsx
./components/computer-workspace.tsx
./app/chat.tsx
 GET /api/goals/focus 200 in 957ms (next.js: 930ms, application-code: 27ms)
 GET /api/goals 200 in 966ms (next.js: 938ms, application-code: 28ms)
 GET /api/goals/focus 200 in 2ms (next.js: 0.4ms, application-code: 2ms)
 GET /api/goals 200 in 1.6ms (next.js: 0.3ms, application-code: 1.3ms)
 POST /api/goals 201 in 32ms (next.js: 0.8ms, application-code: 31ms)
 GET /api/goals 200 in 4ms (next.js: 0.6ms, application-code: 3ms)
⚠ ../../../../../Users/jaywest/Myeve/node_modules/@novnc/novnc/core/util/browser.js
The generated code contains 'async/await' because this module is using "topLevelAwait".
However, your target environment does not appear to support 'async/await'.
As a result, the code may not run as expected or may cause runtime errors.

Import trace for requested module:
../../../../../Users/jaywest/Myeve/node_modules/@novnc/novnc/core/util/browser.js
../../../../../Users/jaywest/Myeve/node_modules/@novnc/novnc/core/rfb.js
./components/computer-viewer.tsx
./components/computer-workspace.tsx
./app/chat.tsx
 GET /api/goals/focus 200 in 11ms (next.js: 0.6ms, application-code: 11ms)
⚠ ../../../../../Users/jaywest/Myeve/node_modules/@novnc/novnc/core/util/browser.js
The generated code contains 'async/await' because this module is using "topLevelAwait".
However, your target environment does not appear to support 'async/await'.
As a result, the code may not run as expected or may cause runtime errors.

Import trace for requested module:
../../../../../Users/jaywest/Myeve/node_modules/@novnc/novnc/core/util/browser.js
../../../../../Users/jaywest/Myeve/node_modules/@novnc/novnc/core/rfb.js
./components/computer-viewer.tsx
./components/computer-workspace.tsx
./app/chat.tsx
[browser] ../../../../../Users/jaywest/Myeve/node_modules/@novnc/novnc/core/util/browser.js
The generated code contains 'async/await' because this module is using "topLevelAwait".
However, your target environment does not appear to support 'async/await'.
As a result, the code may not run as expected or may cause runtime errors.

Import trace for requested module:
../../../../../Users/jaywest/Myeve/node_modules/@novnc/novnc/core/util/browser.js
../../../../../Users/jaywest/Myeve/node_modules/@novnc/novnc/core/rfb.js
./components/computer-viewer.tsx
./components/computer-workspace.tsx
./app/chat.tsx
 GET /api/goals/goal_b96e7077-00db-43dd-913c-372f69f9301e 200 in 834ms (next.js: 816ms, application-code: 17ms)
 GET /api/threads 200 in 25ms (next.js: 4ms, application-code: 21ms)
 POST /api/goals/goal_b96e7077-00db-43dd-913c-372f69f9301e 201 in 22ms (next.js: 1.4ms, application-code: 20ms)
 GET /api/goals 200 in 12ms (next.js: 3ms, application-code: 8ms)
 GET /api/goals/focus 200 in 12ms (next.js: 3ms, application-code: 9ms)
 GET /api/goals/goal_b96e7077-00db-43dd-913c-372f69f9301e 200 in 6ms (next.js: 0.4ms, application-code: 6ms)
 POST /api/goals/goal_b96e7077-00db-43dd-913c-372f69f9301e 201 in 20ms (next.js: 1.4ms, application-code: 19ms)
 GET /api/goals 200 in 5ms (next.js: 0.8ms, application-code: 4ms)
 GET /api/goals/focus 200 in 10ms (next.js: 0.7ms, application-code: 9ms)
 GET /api/goals/goal_b96e7077-00db-43dd-913c-372f69f9301e 200 in 8ms (next.js: 0.6ms, application-code: 7ms)
 POST /api/goals 201 in 8ms (next.js: 0.6ms, application-code: 8ms)
 GET /api/goals 200 in 4ms (next.js: 0.6ms, application-code: 3ms)
 GET /api/goals/focus 200 in 7ms (next.js: 0.4ms, application-code: 7ms)
 GET /api/goals/goal_c5991e7d-514a-475a-9554-f2483a51ca34 200 in 6ms (next.js: 1.7ms, application-code: 4ms)
⚠ ../../../../../Users/jaywest/Myeve/node_modules/@novnc/novnc/core/util/browser.js
The generated code contains 'async/await' because this module is using "topLevelAwait".
However, your target environment does not appear to support 'async/await'.
As a result, the code may not run as expected or may cause runtime errors.

Import trace for requested module:
../../../../../Users/jaywest/Myeve/node_modules/@novnc/novnc/core/util/browser.js
../../../../../Users/jaywest/Myeve/node_modules/@novnc/novnc/core/rfb.js
./components/computer-viewer.tsx
./components/computer-workspace.tsx
./app/chat.tsx
⚠ ../../../../../Users/jaywest/Myeve/node_modules/@novnc/novnc/core/util/browser.js
The generated code contains 'async/await' because this module is using "topLevelAwait".
However, your target environment does not appear to support 'async/await'.
As a result, the code may not run as expected or may cause runtime errors.

Import trace for requested module:
../../../../../Users/jaywest/Myeve/node_modules/@novnc/novnc/core/util/browser.js
../../../../../Users/jaywest/Myeve/node_modules/@novnc/novnc/core/rfb.js
./components/computer-viewer.tsx
./components/computer-workspace.tsx
./app/chat.tsx
[browser] ../../../../../Users/jaywest/Myeve/node_modules/@novnc/novnc/core/util/browser.js
The generated code contains 'async/await' because this module is using "topLevelAwait".
However, your target environment does not appear to support 'async/await'.
As a result, the code may not run as expected or may cause runtime errors.

Import trace for requested module:
../../../../../Users/jaywest/Myeve/node_modules/@novnc/novnc/core/util/browser.js
../../../../../Users/jaywest/Myeve/node_modules/@novnc/novnc/core/rfb.js
./components/computer-viewer.tsx
./components/computer-workspace.tsx
./app/chat.tsx
 GET /goals 200 in 1324ms (next.js: 914ms, proxy.ts: 3ms, application-code: 406ms)
[browser] ../../../../../Users/jaywest/Myeve/node_modules/@novnc/novnc/core/util/browser.js
The generated code contains 'async/await' because this module is using "topLevelAwait".
However, your target environment does not appear to support 'async/await'.
As a result, the code may not run as expected or may cause runtime errors.
 GET /api/goals 200 in 26ms (next.js: 3ms, application-code: 23ms)
⚠ ../../../../../Users/jaywest/Myeve/node_modules/@novnc/novnc/core/util/browser.js
The generated code contains 'async/await' because this module is using "topLevelAwait".
However, your target environment does not appear to support 'async/await'.
As a result, the code may not run as expected or may cause runtime errors.

Import trace for requested module:
../../../../../Users/jaywest/Myeve/node_modules/@novnc/novnc/core/util/browser.js
../../../../../Users/jaywest/Myeve/node_modules/@novnc/novnc/core/rfb.js
./components/computer-viewer.tsx
./components/computer-workspace.tsx
./app/chat.tsx
 GET /api/goals/focus 200 in 24ms (next.js: 3ms, application-code: 21ms)
[browser] ../../../../../Users/jaywest/Myeve/node_modules/@novnc/novnc/core/util/browser.js
The generated code contains 'async/await' because this module is using "topLevelAwait".
However, your target environment does not appear to support 'async/await'.
As a result, the code may not run as expected or may cause runtime errors.

Import trace for requested module:
../../../../../Users/jaywest/Myeve/node_modules/@novnc/novnc/core/util/browser.js
../../../../../Users/jaywest/Myeve/node_modules/@novnc/novnc/core/rfb.js
./components/computer-viewer.tsx
./components/computer-workspace.tsx
./app/chat.tsx
⚠ ../../../../../Users/jaywest/Myeve/node_modules/@novnc/novnc/core/util/browser.js
The generated code contains 'async/await' because this module is using "topLevelAwait".
However, your target environment does not appear to support 'async/await'.
As a result, the code may not run as expected or may cause runtime errors.

Import trace for requested module:
../../../../../Users/jaywest/Myeve/node_modules/@novnc/novnc/core/util/browser.js
../../../../../Users/jaywest/Myeve/node_modules/@novnc/novnc/core/rfb.js
./components/computer-viewer.tsx
./components/computer-workspace.tsx
./app/chat.tsx
Model catalog failed Error [GatewayAuthenticationError]: AI Gateway authentication failed: No authentication provided.

Option 1 - API key:
Create an API key: https://vercel.com/d?to=%2F%5Bteam%5D%2F%7E%2Fai%2Fapi-keys
Provide via 'apiKey' option or 'AI_GATEWAY_API_KEY' environment variable.

Option 2 - Vercel access token:
Pass a Vercel personal access token or Vercel app access token via the 'apiKey' option.

Option 3 - OIDC token:
Run 'npx vercel link' to link your project, then 'vc env pull' to fetch the token.
    at async GET (app/api/models/route.ts:11:24)
   9 |
  10 |   try {
> 11 |     const { models } = await gateway.getAvailableModels();
     |                        ^
  12 |     const language = models
  13 |       .filter((model) => (model.modelType ?? "language") === "language")
  14 |       .map((model) => ({ {
  statusCode: 401,
  generationId: undefined,
  isRetryable: false,
  type: 'authentication_error',
  [cause]: Error [VercelOidcTokenError]: The 'x-vercel-oidc-token' header is missing from the request. Do you have the OIDC option enabled in the Vercel project settings?
  Unable to find project root directory. Have you linked your project with `vc link?`
      at async GET (app/api/models/route.ts:11:24)
     9 |
    10 |   try {
  > 11 |     const { models } = await gateway.getAvailableModels();
       |                        ^
    12 |     const language = models
    13 |       .filter((model) => (model.modelType ?? "language") === "language")
    14 |       .map((model) => ({ {
    cause: undefined
  }
}
 GET /api/commands 200 in 959ms (next.js: 773ms, application-code: 186ms)
 GET /api/models 503 in 968ms (next.js: 782ms, application-code: 186ms)
 GET /api/capabilities 200 in 954ms (next.js: 767ms, application-code: 186ms)
[browser] ../../../../../Users/jaywest/Myeve/node_modules/@novnc/novnc/core/util/browser.js
The generated code contains 'async/await' because this module is using "topLevelAwait".
However, your target environment does not appear to support 'async/await'.
As a result, the code may not run as expected or may cause runtime errors.

Import trace for requested module:
../../../../../Users/jaywest/Myeve/node_modules/@novnc/novnc/core/util/browser.js
../../../../../Users/jaywest/Myeve/node_modules/@novnc/novnc/core/rfb.js
./components/computer-viewer.tsx
./components/computer-workspace.tsx
./app/chat.tsx
 GET /api/goals 200 in 848ms (next.js: 658ms, application-code: 190ms)
⚠ ../../../../../Users/jaywest/Myeve/node_modules/@novnc/novnc/core/util/browser.js
The generated code contains 'async/await' because this module is using "topLevelAwait".
However, your target environment does not appear to support 'async/await'.
As a result, the code may not run as expected or may cause runtime errors.

Import trace for requested module:
../../../../../Users/jaywest/Myeve/node_modules/@novnc/novnc/core/util/browser.js
../../../../../Users/jaywest/Myeve/node_modules/@novnc/novnc/core/rfb.js
./components/computer-viewer.tsx
./components/computer-workspace.tsx
./app/chat.tsx
 GET /api/agents 200 in 977ms (next.js: 775ms, application-code: 202ms)
 GET /api/threads 200 in 977ms (next.js: 771ms, application-code: 206ms)
 GET /api/goals/focus 200 in 17ms (next.js: 2ms, application-code: 15ms)
[browser] ../../../../../Users/jaywest/Myeve/node_modules/@novnc/novnc/core/util/browser.js
The generated code contains 'async/await' because this module is using "topLevelAwait".
However, your target environment does not appear to support 'async/await'.
As a result, the code may not run as expected or may cause runtime errors.

Import trace for requested module:
../../../../../Users/jaywest/Myeve/node_modules/@novnc/novnc/core/util/browser.js
../../../../../Users/jaywest/Myeve/node_modules/@novnc/novnc/core/rfb.js
./components/computer-viewer.tsx
./components/computer-workspace.tsx
./app/chat.tsx
⚠ ../../../../../Users/jaywest/Myeve/node_modules/@novnc/novnc/core/util/browser.js
The generated code contains 'async/await' because this module is using "topLevelAwait".
However, your target environment does not appear to support 'async/await'.
As a result, the code may not run as expected or may cause runtime errors.

Import trace for requested module:
../../../../../Users/jaywest/Myeve/node_modules/@novnc/novnc/core/util/browser.js
../../../../../Users/jaywest/Myeve/node_modules/@novnc/novnc/core/rfb.js
./components/computer-viewer.tsx
./components/computer-workspace.tsx
./app/chat.tsx
Model catalog failed Error [GatewayAuthenticationError]: AI Gateway authentication failed: No authentication provided.

Option 1 - API key:
Create an API key: https://vercel.com/d?to=%2F%5Bteam%5D%2F%7E%2Fai%2Fapi-keys
Provide via 'apiKey' option or 'AI_GATEWAY_API_KEY' environment variable.

Option 2 - Vercel access token:
Pass a Vercel personal access token or Vercel app access token via the 'apiKey' option.

Option 3 - OIDC token:
Run 'npx vercel link' to link your project, then 'vc env pull' to fetch the token.
    at async GET (app/api/models/route.ts:11:24)
   9 |
  10 |   try {
> 11 |     const { models } = await gateway.getAvailableModels();
     |                        ^
  12 |     const language = models
  13 |       .filter((model) => (model.modelType ?? "language") === "language")
  14 |       .map((model) => ({ {
  statusCode: 401,
  generationId: undefined,
  isRetryable: false,
  type: 'authentication_error',
  [cause]: Error [VercelOidcTokenError]: The 'x-vercel-oidc-token' header is missing from the request. Do you have the OIDC option enabled in the Vercel project settings?
  Unable to find project root directory. Have you linked your project with `vc link?`
      at async GET (app/api/models/route.ts:11:24)
     9 |
    10 |   try {
  > 11 |     const { models } = await gateway.getAvailableModels();
       |                        ^
    12 |     const language = models
    13 |       .filter((model) => (model.modelType ?? "language") === "language")
    14 |       .map((model) => ({ {
    cause: undefined
  }
}
 GET /api/update-check 200 in 877ms (next.js: 765ms, application-code: 112ms)
 GET /api/commands 200 in 864ms (next.js: 752ms, application-code: 112ms)
 GET /api/models 503 in 864ms (next.js: 752ms, application-code: 112ms)
 GET /api/capabilities 200 in 865ms (next.js: 753ms, application-code: 112ms)
[browser] ../../../../../Users/jaywest/Myeve/node_modules/@novnc/novnc/core/util/browser.js
The generated code contains 'async/await' because this module is using "topLevelAwait".
However, your target environment does not appear to support 'async/await'.
As a result, the code may not run as expected or may cause runtime errors.

Import trace for requested module:
../../../../../Users/jaywest/Myeve/node_modules/@novnc/novnc/core/util/browser.js
../../../../../Users/jaywest/Myeve/node_modules/@novnc/novnc/core/rfb.js
./components/computer-viewer.tsx
./components/computer-workspace.tsx
./app/chat.tsx
 GET /api/capabilities 200 in 2ms (next.js: 0.5ms, application-code: 1.6ms)
 GET /api/update-check 200 in 1.3ms (next.js: 0.4ms, application-code: 0.9ms)
 GET /api/goals/goal_b96e7077-00db-43dd-913c-372f69f9301e 200 in 884ms (next.js: 758ms, application-code: 125ms)
 GET /api/agents 200 in 808ms (next.js: 680ms, application-code: 128ms)
 GET /api/threads 200 in 15ms (next.js: 2ms, application-code: 13ms)
⚠ ../../../../../Users/jaywest/Myeve/node_modules/@novnc/novnc/core/util/browser.js
The generated code contains 'async/await' because this module is using "topLevelAwait".
However, your target environment does not appear to support 'async/await'.
As a result, the code may not run as expected or may cause runtime errors.

Import trace for requested module:
../../../../../Users/jaywest/Myeve/node_modules/@novnc/novnc/core/util/browser.js
../../../../../Users/jaywest/Myeve/node_modules/@novnc/novnc/core/rfb.js
./components/computer-viewer.tsx
./components/computer-workspace.tsx
./app/chat.tsx
[browser] ../../../../../Users/jaywest/Myeve/node_modules/@novnc/novnc/core/util/browser.js
The generated code contains 'async/await' because this module is using "topLevelAwait".
However, your target environment does not appear to support 'async/await'.
As a result, the code may not run as expected or may cause runtime errors.

Import trace for requested module:
../../../../../Users/jaywest/Myeve/node_modules/@novnc/novnc/core/util/browser.js
../../../../../Users/jaywest/Myeve/node_modules/@novnc/novnc/core/rfb.js
./components/computer-viewer.tsx
./components/computer-workspace.tsx
./app/chat.tsx
⚠ ../../../../../Users/jaywest/Myeve/node_modules/@novnc/novnc/core/util/browser.js
The generated code contains 'async/await' because this module is using "topLevelAwait".
However, your target environment does not appear to support 'async/await'.
As a result, the code may not run as expected or may cause runtime errors.

Import trace for requested module:
../../../../../Users/jaywest/Myeve/node_modules/@novnc/novnc/core/util/browser.js
../../../../../Users/jaywest/Myeve/node_modules/@novnc/novnc/core/rfb.js
./components/computer-viewer.tsx
./components/computer-workspace.tsx
./app/chat.tsx
[browser] ../../../../../Users/jaywest/Myeve/node_modules/@novnc/novnc/core/util/browser.js
The generated code contains 'async/await' because this module is using "topLevelAwait".
However, your target environment does not appear to support 'async/await'.
As a result, the code may not run as expected or may cause runtime errors.

Import trace for requested module:
../../../../../Users/jaywest/Myeve/node_modules/@novnc/novnc/core/util/browser.js
../../../../../Users/jaywest/Myeve/node_modules/@novnc/novnc/core/rfb.js
./components/computer-viewer.tsx
./components/computer-workspace.tsx
./app/chat.tsx
 GET /api/review-schedule 200 in 1173ms (next.js: 1120ms, application-code: 53ms)
 GET /api/automations 200 in 1197ms (next.js: 1138ms, application-code: 59ms)
 GET /api/automations 200 in 2ms (next.js: 0.7ms, application-code: 1.6ms)
 GET /api/threads 200 in 17ms (next.js: 2ms, application-code: 15ms)
 GET /api/review-schedule 200 in 5ms (next.js: 1.5ms, application-code: 3ms)
 GET /api/review-schedule 200 in 8ms (next.js: 0.5ms, application-code: 7ms)
⚠ ../../../../../Users/jaywest/Myeve/node_modules/@novnc/novnc/core/util/browser.js
The generated code contains 'async/await' because this module is using "topLevelAwait".
However, your target environment does not appear to support 'async/await'.
As a result, the code may not run as expected or may cause runtime errors.

Import trace for requested module:
../../../../../Users/jaywest/Myeve/node_modules/@novnc/novnc/core/util/browser.js
../../../../../Users/jaywest/Myeve/node_modules/@novnc/novnc/core/rfb.js
./components/computer-viewer.tsx
./components/computer-workspace.tsx
./app/chat.tsx
[browser] ../../../../../Users/jaywest/Myeve/node_modules/@novnc/novnc/core/util/browser.js
The generated code contains 'async/await' because this module is using "topLevelAwait".
However, your target environment does not appear to support 'async/await'.
As a result, the code may not run as expected or may cause runtime errors.

Import trace for requested module:
../../../../../Users/jaywest/Myeve/node_modules/@novnc/novnc/core/util/browser.js
../../../../../Users/jaywest/Myeve/node_modules/@novnc/novnc/core/rfb.js
./components/computer-viewer.tsx
./components/computer-workspace.tsx
./app/chat.tsx
⚠ ../../../../../Users/jaywest/Myeve/node_modules/@novnc/novnc/core/util/browser.js
The generated code contains 'async/await' because this module is using "topLevelAwait".
However, your target environment does not appear to support 'async/await'.
As a result, the code may not run as expected or may cause runtime errors.

Import trace for requested module:
../../../../../Users/jaywest/Myeve/node_modules/@novnc/novnc/core/util/browser.js
../../../../../Users/jaywest/Myeve/node_modules/@novnc/novnc/core/rfb.js
./components/computer-viewer.tsx
./components/computer-workspace.tsx
./app/chat.tsx
 GET /api/capabilities 200 in 2.9s (next.js: 2.7s, application-code: 249ms)
 GET /api/capabilities 200 in 2.9s (next.js: 2.6s, application-code: 249ms)
[browser] ../../../../../Users/jaywest/Myeve/node_modules/@novnc/novnc/core/util/browser.js
The generated code contains 'async/await' because this module is using "topLevelAwait".
However, your target environment does not appear to support 'async/await'.
As a result, the code may not run as expected or may cause runtime errors.

Import trace for requested module:
../../../../../Users/jaywest/Myeve/node_modules/@novnc/novnc/core/util/browser.js
../../../../../Users/jaywest/Myeve/node_modules/@novnc/novnc/core/rfb.js
./components/computer-viewer.tsx
./components/computer-workspace.tsx
./app/chat.tsx
 GET /api/readiness 200 in 2.9s (next.js: 2.7s, application-code: 252ms)
⚠ ../../../../../Users/jaywest/Myeve/node_modules/@novnc/novnc/core/util/browser.js
The generated code contains 'async/await' because this module is using "topLevelAwait".
However, your target environment does not appear to support 'async/await'.
As a result, the code may not run as expected or may cause runtime errors.

Import trace for requested module:
../../../../../Users/jaywest/Myeve/node_modules/@novnc/novnc/core/util/browser.js
../../../../../Users/jaywest/Myeve/node_modules/@novnc/novnc/core/rfb.js
./components/computer-viewer.tsx
./components/computer-workspace.tsx
./app/chat.tsx
 GET /api/operations 200 in 2.9s (next.js: 2.6s, application-code: 259ms)
 GET /api/operations 200 in 2.9s (next.js: 2.6s, application-code: 260ms)
 GET /api/agents 200 in 2.0s (next.js: 1787ms, application-code: 262ms)
[browser] ../../../../../Users/jaywest/Myeve/node_modules/@novnc/novnc/core/util/browser.js
The generated code contains 'async/await' because this module is using "topLevelAwait".
However, your target environment does not appear to support 'async/await'.
As a result, the code may not run as expected or may cause runtime errors.

Import trace for requested module:
../../../../../Users/jaywest/Myeve/node_modules/@novnc/novnc/core/util/browser.js
../../../../../Users/jaywest/Myeve/node_modules/@novnc/novnc/core/rfb.js
./components/computer-viewer.tsx
./components/computer-workspace.tsx
./app/chat.tsx
⚠ ../../../../../Users/jaywest/Myeve/node_modules/@novnc/novnc/core/util/browser.js
The generated code contains 'async/await' because this module is using "topLevelAwait".
However, your target environment does not appear to support 'async/await'.
As a result, the code may not run as expected or may cause runtime errors.

Import trace for requested module:
../../../../../Users/jaywest/Myeve/node_modules/@novnc/novnc/core/util/browser.js
../../../../../Users/jaywest/Myeve/node_modules/@novnc/novnc/core/rfb.js
./components/computer-viewer.tsx
./components/computer-workspace.tsx
./app/chat.tsx
 GET /api/capabilities 200 in 1031ms (next.js: 990ms, application-code: 41ms)
[browser] ../../../../../Users/jaywest/Myeve/node_modules/@novnc/novnc/core/util/browser.js
The generated code contains 'async/await' because this module is using "topLevelAwait".
However, your target environment does not appear to support 'async/await'.
As a result, the code may not run as expected or may cause runtime errors.

Import trace for requested module:
../../../../../Users/jaywest/Myeve/node_modules/@novnc/novnc/core/util/browser.js
../../../../../Users/jaywest/Myeve/node_modules/@novnc/novnc/core/rfb.js
./components/computer-viewer.tsx
./components/computer-workspace.tsx
./app/chat.tsx
 GET /api/goals 200 in 1037ms (next.js: 992ms, application-code: 44ms)
 GET /api/goals 200 in 1046ms (next.js: 1001ms, application-code: 45ms)
 GET /api/agents 200 in 1037ms (next.js: 990ms, application-code: 47ms)
⚠ ../../../../../Users/jaywest/Myeve/node_modules/@novnc/novnc/core/util/browser.js
The generated code contains 'async/await' because this module is using "topLevelAwait".
However, your target environment does not appear to support 'async/await'.
As a result, the code may not run as expected or may cause runtime errors.

Import trace for requested module:
../../../../../Users/jaywest/Myeve/node_modules/@novnc/novnc/core/util/browser.js
../../../../../Users/jaywest/Myeve/node_modules/@novnc/novnc/core/rfb.js
./components/computer-viewer.tsx
./components/computer-workspace.tsx
./app/chat.tsx
 GET /api/owner-knowledge?page=1&limit=25 200 in 1049ms (next.js: 992ms, application-code: 57ms)
 GET /api/agents 200 in 1055ms (next.js: 997ms, application-code: 58ms)
[browser] ../../../../../Users/jaywest/Myeve/node_modules/@novnc/novnc/core/util/browser.js
The generated code contains 'async/await' because this module is using "topLevelAwait".
However, your target environment does not appear to support 'async/await'.
As a result, the code may not run as expected or may cause runtime errors.

Import trace for requested module:
../../../../../Users/jaywest/Myeve/node_modules/@novnc/novnc/core/util/browser.js
../../../../../Users/jaywest/Myeve/node_modules/@novnc/novnc/core/rfb.js
./components/computer-viewer.tsx
./components/computer-workspace.tsx
./app/chat.tsx
⚠ ../../../../../Users/jaywest/Myeve/node_modules/@novnc/novnc/core/util/browser.js
The generated code contains 'async/await' because this module is using "topLevelAwait".
However, your target environment does not appear to support 'async/await'.
As a result, the code may not run as expected or may cause runtime errors.

Import trace for requested module:
../../../../../Users/jaywest/Myeve/node_modules/@novnc/novnc/core/util/browser.js
../../../../../Users/jaywest/Myeve/node_modules/@novnc/novnc/core/rfb.js
./components/computer-viewer.tsx
./components/computer-workspace.tsx
./app/chat.tsx

../../../../../Users/jaywest/Myeve/node_modules/eve/dist/src/internal/application/optional-package-install.js
Critical dependency: the request of a dependency is an expression

Import trace for requested module:
../../../../../Users/jaywest/Myeve/node_modules/eve/dist/src/internal/application/optional-package-install.js
../../../../../Users/jaywest/Myeve/node_modules/eve/dist/src/execution/sandbox/bash-tool.js
../../../../../Users/jaywest/Myeve/node_modules/eve/dist/src/public/tools/define-bash-tool.js
../../../../../Users/jaywest/Myeve/node_modules/eve/dist/src/public/tools/index.js
../../../../../Users/jaywest/Myeve/node_modules/@agent-browser/eve/dist/extension/tools/click.mjs
../../../../../Users/jaywest/Myeve/node_modules/@agent-browser/eve/dist/tools/index.mjs
./lib/readiness.ts
./app/api/readiness/route.ts
 GET /api/capabilities 200 in 4.1s (next.js: 3.8s, application-code: 333ms)
[browser] ../../../../../Users/jaywest/Myeve/node_modules/@novnc/novnc/core/util/browser.js
The generated code contains 'async/await' because this module is using "topLevelAwait".
However, your target environment does not appear to support 'async/await'.
As a result, the code may not run as expected or may cause runtime errors.

Import trace for requested module:
../../../../../Users/jaywest/Myeve/node_modules/@novnc/novnc/core/util/browser.js
../../../../../Users/jaywest/Myeve/node_modules/@novnc/novnc/core/rfb.js
./components/computer-viewer.tsx
./components/computer-workspace.tsx
./app/chat.tsx
 GET /api/slack 200 in 4.1s (next.js: 3.8s, application-code: 345ms)
 GET /api/readiness 200 in 4.1s (next.js: 3.8s, application-code: 346ms)
 GET /api/skills 200 in 3.7s (next.js: 3.3s, application-code: 348ms)
 GET /api/skills 200 in 12ms (next.js: 0.5ms, application-code: 12ms)
 GET /api/agents 200 in 4.1s (next.js: 3.8s, application-code: 352ms)
 GET /api/slack 200 in 3ms (next.js: 0.4ms, application-code: 3ms)
 GET /api/imessage 200 in 4.1s (next.js: 3.8s, application-code: 363ms)
 GET /api/imessage 200 in 2.0ms (next.js: 0.5ms, application-code: 1.4ms)
 GET /api/threads 200 in 36ms (next.js: 16ms, application-code: 20ms)
 GET /api/review-schedule 200 in 51ms (next.js: 8ms, application-code: 43ms)
 GET /api/review-schedule 200 in 8ms (next.js: 0.6ms, application-code: 7ms)
 GET /api/review-schedule 200 in 3ms (next.js: 0.5ms, application-code: 2ms)
 GET /api/review-schedule 200 in 4ms (next.js: 0.6ms, application-code: 3ms)
 GET /api/capabilities 200 in 3ms (next.js: 0.8ms, application-code: 2ms)
 GET /api/capabilities 200 in 2ms (next.js: 0.5ms, application-code: 1.8ms)
 GET /api/readiness 200 in 105ms (next.js: 0.8ms, application-code: 104ms)
 GET /api/operations 200 in 100ms (next.js: 6ms, application-code: 94ms)
 GET /api/readiness 200 in 1.8ms (next.js: 0.6ms, application-code: 1.2ms)
 GET /api/operations 200 in 4ms (next.js: 0.4ms, application-code: 4ms)
 GET /api/goals 200 in 12ms (next.js: 5ms, application-code: 7ms)
 GET /api/goals 200 in 4ms (next.js: 0.7ms, application-code: 3ms)
 GET /api/agents 200 in 7ms (next.js: 0.4ms, application-code: 7ms)
 GET /api/agents 200 in 17ms (next.js: 1.0ms, application-code: 16ms)
 GET /api/owner-knowledge?page=1&limit=25 200 in 13ms (next.js: 5ms, application-code: 8ms)
 GET /api/capabilities 200 in 1.9ms (next.js: 0.5ms, application-code: 1.4ms)
 GET /api/capabilities 200 in 1.9ms (next.js: 0.4ms, application-code: 1.5ms)
 GET /api/agents 200 in 8ms (next.js: 0.5ms, application-code: 8ms)
 GET /api/agents 200 in 4ms (next.js: 0.5ms, application-code: 3ms)
 GET /api/slack 200 in 4ms (next.js: 0.9ms, application-code: 3ms)
 GET /api/slack 200 in 5ms (next.js: 0.5ms, application-code: 5ms)
 GET /api/imessage 200 in 4ms (next.js: 1.1ms, application-code: 2ms)
 GET /api/imessage 200 in 2.0ms (next.js: 0.4ms, application-code: 1.5ms)
 GET /api/skills 200 in 6ms (next.js: 0.6ms, application-code: 5ms)
 GET /api/skills 200 in 11ms (next.js: 1.1ms, application-code: 10ms)
 GET /api/review-schedule 200 in 4ms (next.js: 0.6ms, application-code: 3ms)
 GET /api/review-schedule 200 in 3ms (next.js: 0.3ms, application-code: 2ms)
⚠ ../../../../../Users/jaywest/Myeve/node_modules/@novnc/novnc/core/util/browser.js
The generated code contains 'async/await' because this module is using "topLevelAwait".
However, your target environment does not appear to support 'async/await'.
As a result, the code may not run as expected or may cause runtime errors.

Import trace for requested module:
../../../../../Users/jaywest/Myeve/node_modules/@novnc/novnc/core/util/browser.js
../../../../../Users/jaywest/Myeve/node_modules/@novnc/novnc/core/rfb.js
./components/computer-viewer.tsx
./components/computer-workspace.tsx
./app/chat.tsx

../../../../../Users/jaywest/Myeve/node_modules/eve/dist/src/internal/application/optional-package-install.js
Critical dependency: the request of a dependency is an expression

Import trace for requested module:
../../../../../Users/jaywest/Myeve/node_modules/eve/dist/src/internal/application/optional-package-install.js
../../../../../Users/jaywest/Myeve/node_modules/eve/dist/src/execution/sandbox/bash-tool.js
../../../../../Users/jaywest/Myeve/node_modules/eve/dist/src/public/tools/define-bash-tool.js
../../../../../Users/jaywest/Myeve/node_modules/eve/dist/src/public/tools/index.js
../../../../../Users/jaywest/Myeve/node_modules/@agent-browser/eve/dist/extension/tools/click.mjs
../../../../../Users/jaywest/Myeve/node_modules/@agent-browser/eve/dist/tools/index.mjs
./lib/readiness.ts
./app/api/readiness/route.ts
[browser] ../../../../../Users/jaywest/Myeve/node_modules/@novnc/novnc/core/util/browser.js
The generated code contains 'async/await' because this module is using "topLevelAwait".
However, your target environment does not appear to support 'async/await'.
As a result, the code may not run as expected or may cause runtime errors.

Import trace for requested module:
../../../../../Users/jaywest/Myeve/node_modules/@novnc/novnc/core/util/browser.js
../../../../../Users/jaywest/Myeve/node_modules/@novnc/novnc/core/rfb.js
./components/computer-viewer.tsx
./components/computer-workspace.tsx
./app/chat.tsx
[browser] ../../../../../Users/jaywest/Myeve/node_modules/@novnc/novnc/core/util/browser.js
The generated code contains 'async/await' because this module is using "topLevelAwait".
However, your target environment does not appear to support 'async/await'.
As a result, the code may not run as expected or may cause runtime errors.

Import trace for requested module:
../../../../../Users/jaywest/Myeve/node_modules/@novnc/novnc/core/util/browser.js
../../../../../Users/jaywest/Myeve/node_modules/@novnc/novnc/core/rfb.js
./components/computer-viewer.tsx
./components/computer-workspace.tsx
./app/chat.tsx
⚠ ../../../../../Users/jaywest/Myeve/node_modules/@novnc/novnc/core/util/browser.js
The generated code contains 'async/await' because this module is using "topLevelAwait".
However, your target environment does not appear to support 'async/await'.
As a result, the code may not run as expected or may cause runtime errors.

Import trace for requested module:
../../../../../Users/jaywest/Myeve/node_modules/@novnc/novnc/core/util/browser.js
../../../../../Users/jaywest/Myeve/node_modules/@novnc/novnc/core/rfb.js
./components/computer-viewer.tsx
./components/computer-workspace.tsx
./app/chat.tsx

../../../../../Users/jaywest/Myeve/node_modules/eve/dist/src/internal/application/optional-package-install.js
Critical dependency: the request of a dependency is an expression

Import trace for requested module:
../../../../../Users/jaywest/Myeve/node_modules/eve/dist/src/internal/application/optional-package-install.js
../../../../../Users/jaywest/Myeve/node_modules/eve/dist/src/execution/sandbox/bash-tool.js
../../../../../Users/jaywest/Myeve/node_modules/eve/dist/src/public/tools/define-bash-tool.js
../../../../../Users/jaywest/Myeve/node_modules/eve/dist/src/public/tools/index.js
../../../../../Users/jaywest/Myeve/node_modules/@agent-browser/eve/dist/extension/tools/click.mjs
../../../../../Users/jaywest/Myeve/node_modules/@agent-browser/eve/dist/tools/index.mjs
./lib/readiness.ts
./app/api/readiness/route.ts
 GET /api/relay 200 in 2.8s (next.js: 2.7s, application-code: 139ms)
 GET /api/relay 200 in 2.8s (next.js: 2.7s, application-code: 139ms)
[browser] ../../../../../Users/jaywest/Myeve/node_modules/@novnc/novnc/core/util/browser.js
The generated code contains 'async/await' because this module is using "topLevelAwait".
However, your target environment does not appear to support 'async/await'.
As a result, the code may not run as expected or may cause runtime errors.

Import trace for requested module:
../../../../../Users/jaywest/Myeve/node_modules/@novnc/novnc/core/util/browser.js
../../../../../Users/jaywest/Myeve/node_modules/@novnc/novnc/core/rfb.js
./components/computer-viewer.tsx
./components/computer-workspace.tsx
./app/chat.tsx
 GET /api/agents/activity 200 in 2.0s (next.js: 1864ms, application-code: 143ms)
⚠ ../../../../../Users/jaywest/Myeve/node_modules/@novnc/novnc/core/util/browser.js
The generated code contains 'async/await' because this module is using "topLevelAwait".
However, your target environment does not appear to support 'async/await'.
As a result, the code may not run as expected or may cause runtime errors.

Import trace for requested module:
../../../../../Users/jaywest/Myeve/node_modules/@novnc/novnc/core/util/browser.js
../../../../../Users/jaywest/Myeve/node_modules/@novnc/novnc/core/rfb.js
./components/computer-viewer.tsx
./components/computer-workspace.tsx
./app/chat.tsx

../../../../../Users/jaywest/Myeve/node_modules/eve/dist/src/internal/application/optional-package-install.js
Critical dependency: the request of a dependency is an expression

Import trace for requested module:
../../../../../Users/jaywest/Myeve/node_modules/eve/dist/src/internal/application/optional-package-install.js
../../../../../Users/jaywest/Myeve/node_modules/eve/dist/src/execution/sandbox/bash-tool.js
../../../../../Users/jaywest/Myeve/node_modules/eve/dist/src/public/tools/define-bash-tool.js
../../../../../Users/jaywest/Myeve/node_modules/eve/dist/src/public/tools/index.js
../../../../../Users/jaywest/Myeve/node_modules/@agent-browser/eve/dist/extension/tools/click.mjs
../../../../../Users/jaywest/Myeve/node_modules/@agent-browser/eve/dist/tools/index.mjs
./lib/readiness.ts
./app/api/readiness/route.ts
 GET /api/approvals 200 in 2.3s (next.js: 2.1s, application-code: 156ms)
 GET /api/approvals 200 in 2.3s (next.js: 2.1s, application-code: 156ms)
 GET /api/control?view=all 200 in 2.6s (next.js: 2.5s, application-code: 158ms)
[browser] ../../../../../Users/jaywest/Myeve/node_modules/@novnc/novnc/core/util/browser.js
The generated code contains 'async/await' because this module is using "topLevelAwait".
However, your target environment does not appear to support 'async/await'.
As a result, the code may not run as expected or may cause runtime errors.

Import trace for requested module:
../../../../../Users/jaywest/Myeve/node_modules/@novnc/novnc/core/util/browser.js
../../../../../Users/jaywest/Myeve/node_modules/@novnc/novnc/core/rfb.js
./components/computer-viewer.tsx
./components/computer-workspace.tsx
./app/chat.tsx
⚠ ../../../../../Users/jaywest/Myeve/node_modules/@novnc/novnc/core/util/browser.js
The generated code contains 'async/await' because this module is using "topLevelAwait".
However, your target environment does not appear to support 'async/await'.
As a result, the code may not run as expected or may cause runtime errors.

Import trace for requested module:
../../../../../Users/jaywest/Myeve/node_modules/@novnc/novnc/core/util/browser.js
../../../../../Users/jaywest/Myeve/node_modules/@novnc/novnc/core/rfb.js
./components/computer-viewer.tsx
./components/computer-workspace.tsx
./app/chat.tsx

../../../../../Users/jaywest/Myeve/node_modules/eve/dist/src/internal/application/optional-package-install.js
Critical dependency: the request of a dependency is an expression

Import trace for requested module:
../../../../../Users/jaywest/Myeve/node_modules/eve/dist/src/internal/application/optional-package-install.js
../../../../../Users/jaywest/Myeve/node_modules/eve/dist/src/execution/sandbox/bash-tool.js
../../../../../Users/jaywest/Myeve/node_modules/eve/dist/src/public/tools/define-bash-tool.js
../../../../../Users/jaywest/Myeve/node_modules/eve/dist/src/public/tools/index.js
../../../../../Users/jaywest/Myeve/node_modules/@agent-browser/eve/dist/extension/tools/click.mjs
../../../../../Users/jaywest/Myeve/node_modules/@agent-browser/eve/dist/tools/index.mjs
./lib/readiness.ts
./app/api/readiness/route.ts
[browser] ../../../../../Users/jaywest/Myeve/node_modules/@novnc/novnc/core/util/browser.js
The generated code contains 'async/await' because this module is using "topLevelAwait".
However, your target environment does not appear to support 'async/await'.
As a result, the code may not run as expected or may cause runtime errors.

Import trace for requested module:
../../../../../Users/jaywest/Myeve/node_modules/@novnc/novnc/core/util/browser.js
../../../../../Users/jaywest/Myeve/node_modules/@novnc/novnc/core/rfb.js
./components/computer-viewer.tsx
./components/computer-workspace.tsx
./app/chat.tsx
 GET /api/task-runs 200 in 1108ms (next.js: 1084ms, application-code: 23ms)
 GET /api/agents/activity 200 in 1119ms (next.js: 1095ms, application-code: 24ms)
 GET /api/task-runs 200 in 1124ms (next.js: 1100ms, application-code: 25ms)
 GET /api/finance 200 in 1102ms (next.js: 1077ms, application-code: 25ms)
 GET /api/finance 200 in 1.6ms (next.js: 0.4ms, application-code: 1.2ms)
 GET /api/threads 200 in 25ms (next.js: 9ms, application-code: 16ms)
 GET /api/routines 200 in 20ms (next.js: 3ms, application-code: 18ms)
 GET /api/routines 200 in 9ms (next.js: 0.5ms, application-code: 9ms)
 GET /api/threads 200 in 9ms (next.js: 1.4ms, application-code: 8ms)
 GET /api/relay 200 in 62ms (next.js: 8ms, application-code: 54ms)
 GET /api/relay 200 in 1.8ms (next.js: 0.6ms, application-code: 1.1ms)
 GET /api/actions 200 in 14ms (next.js: 5ms, application-code: 9ms)
 GET /api/routines 200 in 19ms (next.js: 0.8ms, application-code: 18ms)
 GET /api/actions 200 in 14ms (next.js: 0.4ms, application-code: 14ms)
 GET /api/routines 200 in 24ms (next.js: 0.8ms, application-code: 23ms)
 GET /api/control?view=all 200 in 20ms (next.js: 3ms, application-code: 17ms)
 GET /api/approvals 200 in 20ms (next.js: 14ms, application-code: 5ms)
 GET /api/approvals 200 in 4ms (next.js: 0.8ms, application-code: 3ms)
 GET /api/agents/activity 200 in 10ms (next.js: 1.2ms, application-code: 9ms)
 GET /api/task-runs 200 in 8ms (next.js: 2ms, application-code: 5ms)
 GET /api/agents/activity 200 in 5ms (next.js: 0.6ms, application-code: 4ms)
 GET /api/task-runs 200 in 1.9ms (next.js: 0.4ms, application-code: 1.5ms)
 GET /api/finance 200 in 5ms (next.js: 1.4ms, application-code: 4ms)
 GET /api/finance 200 in 3ms (next.js: 0.7ms, application-code: 2ms)
 GET /api/goals 200 in 15ms (next.js: 6ms, application-code: 9ms)
 GET /api/goals 200 in 5ms (next.js: 0.3ms, application-code: 5ms)
 GET /api/agents 200 in 8ms (next.js: 0.5ms, application-code: 8ms)
 GET /api/agents 200 in 26ms (next.js: 5ms, application-code: 21ms)
⚠ ../../../../../Users/jaywest/Myeve/node_modules/@novnc/novnc/core/util/browser.js
The generated code contains 'async/await' because this module is using "topLevelAwait".
However, your target environment does not appear to support 'async/await'.
As a result, the code may not run as expected or may cause runtime errors.

Import trace for requested module:
../../../../../Users/jaywest/Myeve/node_modules/@novnc/novnc/core/util/browser.js
../../../../../Users/jaywest/Myeve/node_modules/@novnc/novnc/core/rfb.js
./components/computer-viewer.tsx
./components/computer-workspace.tsx
./app/chat.tsx

../../../../../Users/jaywest/Myeve/node_modules/eve/dist/src/internal/application/optional-package-install.js
Critical dependency: the request of a dependency is an expression

Import trace for requested module:
../../../../../Users/jaywest/Myeve/node_modules/eve/dist/src/internal/application/optional-package-install.js
../../../../../Users/jaywest/Myeve/node_modules/eve/dist/src/execution/sandbox/bash-tool.js
../../../../../Users/jaywest/Myeve/node_modules/eve/dist/src/public/tools/define-bash-tool.js
../../../../../Users/jaywest/Myeve/node_modules/eve/dist/src/public/tools/index.js
../../../../../Users/jaywest/Myeve/node_modules/@agent-browser/eve/dist/extension/tools/click.mjs
../../../../../Users/jaywest/Myeve/node_modules/@agent-browser/eve/dist/tools/index.mjs
./lib/readiness.ts
./app/api/readiness/route.ts
⚠ ../../../../../Users/jaywest/Myeve/node_modules/@novnc/novnc/core/util/browser.js
The generated code contains 'async/await' because this module is using "topLevelAwait".
However, your target environment does not appear to support 'async/await'.
As a result, the code may not run as expected or may cause runtime errors.

Import trace for requested module:
../../../../../Users/jaywest/Myeve/node_modules/@novnc/novnc/core/util/browser.js
../../../../../Users/jaywest/Myeve/node_modules/@novnc/novnc/core/rfb.js
./components/computer-viewer.tsx
./components/computer-workspace.tsx
./app/chat.tsx
[browser] ../../../../../Users/jaywest/Myeve/node_modules/@novnc/novnc/core/util/browser.js
The generated code contains 'async/await' because this module is using "topLevelAwait".
However, your target environment does not appear to support 'async/await'.
As a result, the code may not run as expected or may cause runtime errors.

Import trace for requested module:
../../../../../Users/jaywest/Myeve/node_modules/@novnc/novnc/core/util/browser.js
../../../../../Users/jaywest/Myeve/node_modules/@novnc/novnc/core/rfb.js
./components/computer-viewer.tsx
./components/computer-workspace.tsx
./app/chat.tsx
⚠ ../../../../../Users/jaywest/Myeve/node_modules/@novnc/novnc/core/util/browser.js
The generated code contains 'async/await' because this module is using "topLevelAwait".
However, your target environment does not appear to support 'async/await'.
As a result, the code may not run as expected or may cause runtime errors.

Import trace for requested module:
../../../../../Users/jaywest/Myeve/node_modules/@novnc/novnc/core/util/browser.js
../../../../../Users/jaywest/Myeve/node_modules/@novnc/novnc/core/rfb.js
./components/computer-viewer.tsx
./components/computer-workspace.tsx
./app/chat.tsx
 GET /api/owner-data 200 in 1819ms (next.js: 1581ms, application-code: 238ms)
⚠ ../../../../../Users/jaywest/Myeve/node_modules/@novnc/novnc/core/util/browser.js
The generated code contains 'async/await' because this module is using "topLevelAwait".
However, your target environment does not appear to support 'async/await'.
As a result, the code may not run as expected or may cause runtime errors.

Import trace for requested module:
../../../../../Users/jaywest/Myeve/node_modules/@novnc/novnc/core/util/browser.js
../../../../../Users/jaywest/Myeve/node_modules/@novnc/novnc/core/rfb.js
./components/computer-viewer.tsx
./components/computer-workspace.tsx
./app/chat.tsx
[browser] ../../../../../Users/jaywest/Myeve/node_modules/@novnc/novnc/core/util/browser.js
The generated code contains 'async/await' because this module is using "topLevelAwait".
However, your target environment does not appear to support 'async/await'.
As a result, the code may not run as expected or may cause runtime errors.

Import trace for requested module:
../../../../../Users/jaywest/Myeve/node_modules/@novnc/novnc/core/util/browser.js
../../../../../Users/jaywest/Myeve/node_modules/@novnc/novnc/core/rfb.js
./components/computer-viewer.tsx
./components/computer-workspace.tsx
./app/chat.tsx
 GET /manage/data 200 in 1350ms (next.js: 1297ms, proxy.ts: 29ms, application-code: 24ms)
⚠ ../../../../../Users/jaywest/Myeve/node_modules/@novnc/novnc/core/util/browser.js
The generated code contains 'async/await' because this module is using "topLevelAwait".
However, your target environment does not appear to support 'async/await'.
As a result, the code may not run as expected or may cause runtime errors.

Import trace for requested module:
../../../../../Users/jaywest/Myeve/node_modules/@novnc/novnc/core/util/browser.js
../../../../../Users/jaywest/Myeve/node_modules/@novnc/novnc/core/rfb.js
./components/computer-viewer.tsx
./components/computer-workspace.tsx
./app/chat.tsx
[browser] ../../../../../Users/jaywest/Myeve/node_modules/@novnc/novnc/core/util/browser.js
The generated code contains 'async/await' because this module is using "topLevelAwait".
However, your target environment does not appear to support 'async/await'.
As a result, the code may not run as expected or may cause runtime errors.

Import trace for requested module:
../../../../../Users/jaywest/Myeve/node_modules/@novnc/novnc/core/util/browser.js
../../../../../Users/jaywest/Myeve/node_modules/@novnc/novnc/core/rfb.js
./components/computer-viewer.tsx
./components/computer-workspace.tsx
./app/chat.tsx
⚠ ../../../../../Users/jaywest/Myeve/node_modules/@novnc/novnc/core/util/browser.js
The generated code contains 'async/await' because this module is using "topLevelAwait".
However, your target environment does not appear to support 'async/await'.
As a result, the code may not run as expected or may cause runtime errors.

Import trace for requested module:
../../../../../Users/jaywest/Myeve/node_modules/@novnc/novnc/core/util/browser.js
../../../../../Users/jaywest/Myeve/node_modules/@novnc/novnc/core/rfb.js
./components/computer-viewer.tsx
./components/computer-workspace.tsx
./app/chat.tsx
Model catalog failed Error [GatewayAuthenticationError]: AI Gateway authentication failed: No authentication provided.

Option 1 - API key:
Create an API key: https://vercel.com/d?to=%2F%5Bteam%5D%2F%7E%2Fai%2Fapi-keys
Provide via 'apiKey' option or 'AI_GATEWAY_API_KEY' environment variable.

Option 2 - Vercel access token:
Pass a Vercel personal access token or Vercel app access token via the 'apiKey' option.

Option 3 - OIDC token:
Run 'npx vercel link' to link your project, then 'vc env pull' to fetch the token.
    at async GET (app/api/models/route.ts:11:24)
   9 |
  10 |   try {
> 11 |     const { models } = await gateway.getAvailableModels();
     |                        ^
  12 |     const language = models
  13 |       .filter((model) => (model.modelType ?? "language") === "language")
  14 |       .map((model) => ({ {
  statusCode: 401,
  generationId: undefined,
  isRetryable: false,
  type: 'authentication_error',
  [cause]: Error [VercelOidcTokenError]: The 'x-vercel-oidc-token' header is missing from the request. Do you have the OIDC option enabled in the Vercel project settings?
  Unable to find project root directory. Have you linked your project with `vc link?`
      at async GET (app/api/models/route.ts:11:24)
     9 |
    10 |   try {
  > 11 |     const { models } = await gateway.getAvailableModels();
       |                        ^
    12 |     const language = models
    13 |       .filter((model) => (model.modelType ?? "language") === "language")
    14 |       .map((model) => ({ {
    cause: undefined
  }
}
 GET /api/update-check 200 in 1216ms (next.js: 1103ms, application-code: 112ms)
 GET /api/commands 200 in 1207ms (next.js: 1095ms, application-code: 112ms)
 GET /api/models 503 in 1214ms (next.js: 1102ms, application-code: 112ms)
 GET /api/capabilities 200 in 1224ms (next.js: 1111ms, application-code: 113ms)
[browser] ../../../../../Users/jaywest/Myeve/node_modules/@novnc/novnc/core/util/browser.js
The generated code contains 'async/await' because this module is using "topLevelAwait".
However, your target environment does not appear to support 'async/await'.
As a result, the code may not run as expected or may cause runtime errors.

Import trace for requested module:
../../../../../Users/jaywest/Myeve/node_modules/@novnc/novnc/core/util/browser.js
../../../../../Users/jaywest/Myeve/node_modules/@novnc/novnc/core/rfb.js
./components/computer-viewer.tsx
./components/computer-workspace.tsx
./app/chat.tsx
 GET /api/capabilities 200 in 2ms (next.js: 0.4ms, application-code: 1.6ms)
 GET /api/update-check 200 in 1.2ms (next.js: 0.4ms, application-code: 0.9ms)
 GET /api/commands 200 in 1.2ms (next.js: 0.3ms, application-code: 0.9ms)
Model catalog failed Error [GatewayAuthenticationError]: AI Gateway authentication failed: No authentication provided.

Option 1 - API key:
Create an API key: https://vercel.com/d?to=%2F%5Bteam%5D%2F%7E%2Fai%2Fapi-keys
Provide via 'apiKey' option or 'AI_GATEWAY_API_KEY' environment variable.

Option 2 - Vercel access token:
Pass a Vercel personal access token or Vercel app access token via the 'apiKey' option.

Option 3 - OIDC token:
Run 'npx vercel link' to link your project, then 'vc env pull' to fetch the token.
    at async GET (app/api/models/route.ts:11:24)
   9 |
  10 |   try {
> 11 |     const { models } = await gateway.getAvailableModels();
     |                        ^
  12 |     const language = models
  13 |       .filter((model) => (model.modelType ?? "language") === "language")
  14 |       .map((model) => ({ {
  statusCode: 401,
  generationId: undefined,
  isRetryable: false,
  type: 'authentication_error',
  [cause]: Error [VercelOidcTokenError]: The 'x-vercel-oidc-token' header is missing from the request. Do you have the OIDC option enabled in the Vercel project settings?
  Unable to find project root directory. Have you linked your project with `vc link?`
      at async GET (app/api/models/route.ts:11:24)
     9 |
    10 |   try {
  > 11 |     const { models } = await gateway.getAvailableModels();
       |                        ^
    12 |     const language = models
    13 |       .filter((model) => (model.modelType ?? "language") === "language")
    14 |       .map((model) => ({ {
    cause: undefined
  }
}
 GET /api/models 503 in 3ms (next.js: 0.3ms, application-code: 2ms)
 GET /api/capabilities 200 in 1.5ms (next.js: 0.3ms, application-code: 1.1ms)
 GET /api/agents 200 in 1228ms (next.js: 1100ms, application-code: 127ms)
 GET /api/threads 200 in 1090ms (next.js: 961ms, application-code: 129ms)
 GET /api/threads 200 in 7ms (next.js: 0.2ms, application-code: 7ms)
⚠ ../../../../../Users/jaywest/Myeve/node_modules/@novnc/novnc/core/util/browser.js
The generated code contains 'async/await' because this module is using "topLevelAwait".
However, your target environment does not appear to support 'async/await'.
As a result, the code may not run as expected or may cause runtime errors.

Import trace for requested module:
../../../../../Users/jaywest/Myeve/node_modules/@novnc/novnc/core/util/browser.js
../../../../../Users/jaywest/Myeve/node_modules/@novnc/novnc/core/rfb.js
./components/computer-viewer.tsx
./components/computer-workspace.tsx
./app/chat.tsx
 GET /api/goals 200 in 13ms (next.js: 3ms, application-code: 10ms)
 GET /api/agents 200 in 19ms (next.js: 0.5ms, application-code: 18ms)
 GET /api/agents 200 in 17ms (next.js: 0.3ms, application-code: 17ms)
[browser] ../../../../../Users/jaywest/Myeve/node_modules/@novnc/novnc/core/util/browser.js
The generated code contains 'async/await' because this module is using "topLevelAwait".
However, your target environment does not appear to support 'async/await'.
As a result, the code may not run as expected or may cause runtime errors.

Import trace for requested module:
../../../../../Users/jaywest/Myeve/node_modules/@novnc/novnc/core/util/browser.js
../../../../../Users/jaywest/Myeve/node_modules/@novnc/novnc/core/rfb.js
./components/computer-viewer.tsx
./components/computer-workspace.tsx
./app/chat.tsx
⚠ ../../../../../Users/jaywest/Myeve/node_modules/@novnc/novnc/core/util/browser.js
The generated code contains 'async/await' because this module is using "topLevelAwait".
However, your target environment does not appear to support 'async/await'.
As a result, the code may not run as expected or may cause runtime errors.

Import trace for requested module:
../../../../../Users/jaywest/Myeve/node_modules/@novnc/novnc/core/util/browser.js
../../../../../Users/jaywest/Myeve/node_modules/@novnc/novnc/core/rfb.js
./components/computer-viewer.tsx
./components/computer-workspace.tsx
./app/chat.tsx
[browser] ../../../../../Users/jaywest/Myeve/node_modules/@novnc/novnc/core/util/browser.js
The generated code contains 'async/await' because this module is using "topLevelAwait".
However, your target environment does not appear to support 'async/await'.
As a result, the code may not run as expected or may cause runtime errors.

Import trace for requested module:
../../../../../Users/jaywest/Myeve/node_modules/@novnc/novnc/core/util/browser.js
../../../../../Users/jaywest/Myeve/node_modules/@novnc/novnc/core/rfb.js
./components/computer-viewer.tsx
./components/computer-workspace.tsx
./app/chat.tsx
 GET /api/goals 200 in 925ms (next.js: 894ms, application-code: 30ms)
 GET /api/owner-knowledge?page=1&limit=25 200 in 629ms (next.js: 597ms, application-code: 31ms)
 GET /api/agents 200 in 929ms (next.js: 896ms, application-code: 33ms)
 GET /api/automations 200 in 937ms (next.js: 903ms, application-code: 34ms)
 GET /api/automations 200 in 3ms (next.js: 0.5ms, application-code: 2ms)
 GET /api/owner-data 200 in 83ms (next.js: 4ms, application-code: 79ms)
 GET /api/owner-data?download=1 200 in 52ms (next.js: 0.6ms, application-code: 51ms)
 POST /api/owner-data 200 in 10ms (next.js: 0.6ms, application-code: 10ms)
 GET /api/threads 200 in 23ms (next.js: 9ms, application-code: 14ms)
 GET /api/threads 200 in 15ms (next.js: 3ms, application-code: 12ms)
Owner archive validation failed Error: Archive path is unsafe: ../synthetic.txt
    at validateOwnerArchive (lib/owner-data.ts:257:46)
    at async POST (app/api/owner-data/route.ts:83:24)
  255 |   for (const entry of entries) {
  256 |     const original = (entry as JSZip.JSZipObject & { unsafeOriginalName?: string }).unsafeOriginalName ?? entry.name;
> 257 |     if (archivePathIsUnsafe(original)) throw new Error(`Archive path is unsafe: ${original}`);
      |                                              ^
  258 |   }
  259 |   const manifestFile = zip.file("manifest.json");
  260 |   if (!manifestFile) throw new Error("The archive manifest is missing.");
 POST /api/owner-data 400 in 9ms (next.js: 0.6ms, application-code: 9ms)
 POST /api/owner-data 200 in 11ms (next.js: 0.5ms, application-code: 10ms)
Owner archive validation failed Error: The archive domain manifest is invalid.
    at validateOwnerArchive (lib/owner-data.ts:295:11)
    at async POST (app/api/owner-data/route.ts:83:24)
  293 |       !seen.has(`data/${domain.id}.json`),
  294 |     )
> 295 |   ) throw new Error("The archive domain manifest is invalid.");
      |           ^
  296 |   const missingRequired = OWNER_DATA_DOMAINS.filter((domain) => domain.required && !domainIds.has(domain.id));
  297 |   if (missingRequired.length > 0) throw new Error(`The archive is missing required domain data: ${missingRequired.map((domain) => domain.name).join(", ")}`);
  298 |   const checksumFile = zip.file("checksums.json");
 POST /api/owner-data 400 in 10ms (next.js: 0.5ms, application-code: 9ms)
Owner archive validation failed Error: This backup uses format version 99, but this MyEve supports up to version 1.
    at parseManifest (lib/owner-data.ts:238:89)
    at validateOwnerArchive (lib/owner-data.ts:261:20)
    at async POST (app/api/owner-data/route.ts:83:24)
  236 |   const value = JSON.parse(raw) as Partial<OwnerArchiveManifest>;
  237 |   if (value.format !== OWNER_ARCHIVE_FORMAT) throw new Error("This is not a MyEve backup archive.");
> 238 |   if (typeof value.version !== "number" || value.version > OWNER_ARCHIVE_VERSION) throw new Error(`This backup uses format version ${String(value.version)}, but this MyEve supports up to version ${OWNER_ARCHIVE_VERSION}.`);
      |                                                                                         ^
  239 |   if (value.version !== OWNER_ARCHIVE_VERSION || typeof value.createdAt !== "string" || value.verifiedAtCreation !== true || typeof value.schemaVersion !== "string" || !Array.isArray(value.domains) || value.checksums === null || ...
  240 |     throw new Error("This is not a supported MyEve backup archive.");
  241 |   }
 POST /api/owner-data 400 in 4ms (next.js: 0.5ms, application-code: 4ms)
Owner archive validation failed SyntaxError: Expected property name or '}' in JSON at position 1 (line 1 column 2)
    at JSON.parse (<anonymous>)
    at parseManifest (lib/owner-data.ts:236:22)
    at validateOwnerArchive (lib/owner-data.ts:261:20)
    at async POST (app/api/owner-data/route.ts:83:24)
  234 |
  235 | function parseManifest(raw: string): OwnerArchiveManifest {
> 236 |   const value = JSON.parse(raw) as Partial<OwnerArchiveManifest>;
      |                      ^
  237 |   if (value.format !== OWNER_ARCHIVE_FORMAT) throw new Error("This is not a MyEve backup archive.");
  238 |   if (typeof value.version !== "number" || value.version > OWNER_ARCHIVE_VERSION) throw new Error(`This backup uses format version ${String(value.version)}, but this MyEve supports up to version ${OWNER_ARCHIVE_VERSION}.`);
  239 |   if (value.version !== OWNER_ARCHIVE_VERSION || typeof value.createdAt !== "string" || value.verifiedAtCreation !== true || typeof value.schemaVersion !== "string" || !Array.isArray(value.domains) || value.checksums === null || ...
 POST /api/owner-data 400 in 7ms (next.js: 0.6ms, application-code: 7ms)
Owner archive validation failed Error: Archive integrity check failed: data/profile.json
    at validateOwnerArchive (lib/owner-data.ts:277:93)
    at async POST (app/api/owner-data/route.ts:83:24)
  275 |     uncompressedBytes += content.byteLength;
  276 |     if (uncompressedBytes > OWNER_ARCHIVE_MAX_UNCOMPRESSED_BYTES) throw new Error("The archive expands beyond the safe validation limit.");
> 277 |     if (content.byteLength !== expected.bytes || sha256(content) !== expected.sha256) throw new Error(`Archive integrity check failed: ${expected.path}`);
      |                                                                                             ^
  278 |     if (typeof expected.recordCount === "number") recordCount += expected.recordCount;
  279 |   }
  280 |   if (uncompressedBytes / Math.max(1, input.byteLength) > OWNER_ARCHIVE_MAX_COMPRESSION_RATIO) throw new Error("The archive compression ratio exceeds the safe validation limit.");
 POST /api/owner-data 400 in 8ms (next.js: 0.5ms, application-code: 8ms)
Owner archive validation failed Error: The archive contains too many entries.
    at validateOwnerArchive (lib/owner-data.ts:254:57)
    at async POST (app/api/owner-data/route.ts:83:24)
  252 |   const zip = await JSZip.loadAsync(input, { checkCRC32: true });
  253 |   const entries = Object.values(zip.files);
> 254 |   if (entries.length > OWNER_ARCHIVE_MAX_ENTRIES) throw new Error("The archive contains too many entries.");
      |                                                         ^
  255 |   for (const entry of entries) {
  256 |     const original = (entry as JSZip.JSZipObject & { unsafeOriginalName?: string }).unsafeOriginalName ?? entry.name;
  257 |     if (archivePathIsUnsafe(original)) throw new Error(`Archive path is unsafe: ${original}`);
 POST /api/owner-data 400 in 4ms (next.js: 0.5ms, application-code: 4ms)
 POST /api/owner-data 200 in 8ms (next.js: 0.5ms, application-code: 7ms)
 POST /api/owner-data 200 in 14ms (next.js: 0.5ms, application-code: 14ms)
 POST /api/owner-data 413 in 38ms (next.js: 0.7ms, application-code: 37ms)
Owner archive validation failed Error: The archive compression ratio exceeds the safe validation limit.
    at validateOwnerArchive (lib/owner-data.ts:280:102)
    at async POST (app/api/owner-data/route.ts:83:24)
  278 |     if (typeof expected.recordCount === "number") recordCount += expected.recordCount;
  279 |   }
> 280 |   if (uncompressedBytes / Math.max(1, input.byteLength) > OWNER_ARCHIVE_MAX_COMPRESSION_RATIO) throw new Error("The archive compression ratio exceeds the safe validation limit.");
      |                                                                                                      ^
  281 |   const unexpected = entries.find((file) => !file.dir && file.name !== "manifest.json" && !seen.has(file.name));
  282 |   if (unexpected) throw new Error(`Archive contains an unexpected file: ${unexpected.name}`);
  283 |   if (!seen.has("checksums.json")) throw new Error("The archive is missing checksum metadata.");
 POST /api/owner-data 400 in 43ms (next.js: 1.1ms, application-code: 42ms)
 GET /api/threads 200 in 62ms (next.js: 7ms, application-code: 55ms)
 GET /api/goals 200 in 13ms (next.js: 3ms, application-code: 10ms)
 GET /api/goals 200 in 10ms (next.js: 2ms, application-code: 8ms)
 GET /api/agents 200 in 21ms (next.js: 1.5ms, application-code: 20ms)
 GET /api/agents 200 in 13ms (next.js: 0.5ms, application-code: 13ms)
 GET /api/goals 200 in 6ms (next.js: 0.4ms, application-code: 5ms)
 GET /api/goals 200 in 2ms (next.js: 0.4ms, application-code: 2ms)
 GET /api/agents 200 in 12ms (next.js: 0.5ms, application-code: 11ms)
 GET /api/agents 200 in 9ms (next.js: 0.2ms, application-code: 9ms)
 GET /api/owner-data 200 in 17ms (next.js: 0.7ms, application-code: 17ms)
 GET /api/threads 200 in 7ms (next.js: 1.1ms, application-code: 6ms)
 GET /api/capabilities 200 in 5ms (next.js: 3ms, application-code: 2ms)
 GET /api/capabilities 200 in 1.9ms (next.js: 0.5ms, application-code: 1.4ms)
 GET /api/agents 200 in 15ms (next.js: 0.5ms, application-code: 15ms)
 GET /api/agents 200 in 3ms (next.js: 0.5ms, application-code: 3ms)
 GET /api/threads 200 in 16ms (next.js: 2ms, application-code: 13ms)
 POST /api/agents 201 in 12ms (next.js: 1.2ms, application-code: 11ms)
 GET /api/capabilities 200 in 1.8ms (next.js: 0.7ms, application-code: 1.2ms)
 GET /api/agents 200 in 8ms (next.js: 0.6ms, application-code: 7ms)
 GET /api/threads 200 in 8ms (next.js: 0.7ms, application-code: 7ms)
⚠ ../../../../../Users/jaywest/Myeve/node_modules/@novnc/novnc/core/util/browser.js
The generated code contains 'async/await' because this module is using "topLevelAwait".
However, your target environment does not appear to support 'async/await'.
As a result, the code may not run as expected or may cause runtime errors.

Import trace for requested module:
../../../../../Users/jaywest/Myeve/node_modules/@novnc/novnc/core/util/browser.js
../../../../../Users/jaywest/Myeve/node_modules/@novnc/novnc/core/rfb.js
./components/computer-viewer.tsx
./components/computer-workspace.tsx
./app/chat.tsx
⚠ ../../../../../Users/jaywest/Myeve/node_modules/@novnc/novnc/core/util/browser.js
The generated code contains 'async/await' because this module is using "topLevelAwait".
However, your target environment does not appear to support 'async/await'.
As a result, the code may not run as expected or may cause runtime errors.

Import trace for requested module:
../../../../../Users/jaywest/Myeve/node_modules/@novnc/novnc/core/util/browser.js
../../../../../Users/jaywest/Myeve/node_modules/@novnc/novnc/core/rfb.js
./components/computer-viewer.tsx
./components/computer-workspace.tsx
./app/chat.tsx
[browser] ../../../../../Users/jaywest/Myeve/node_modules/@novnc/novnc/core/util/browser.js
The generated code contains 'async/await' because this module is using "topLevelAwait".
However, your target environment does not appear to support 'async/await'.
As a result, the code may not run as expected or may cause runtime errors.

Import trace for requested module:
../../../../../Users/jaywest/Myeve/node_modules/@novnc/novnc/core/util/browser.js
../../../../../Users/jaywest/Myeve/node_modules/@novnc/novnc/core/rfb.js
./components/computer-viewer.tsx
./components/computer-workspace.tsx
./app/chat.tsx
 POST /api/agents/agent_50e31774-3453-4697-9c92-6c4289f4a44c/pause 200 in 1391ms (next.js: 1367ms, application-code: 24ms)
 GET /api/capabilities 200 in 4ms (next.js: 2.0ms, application-code: 2ms)
 GET /api/agents 200 in 8ms (next.js: 4ms, application-code: 3ms)
 POST /api/agents/agent_50e31774-3453-4697-9c92-6c4289f4a44c/resume 200 in 8ms (next.js: 2ms, application-code: 6ms)
 GET /api/capabilities 200 in 2ms (next.js: 0.6ms, application-code: 1.8ms)
 GET /api/agents 200 in 4ms (next.js: 0.4ms, application-code: 3ms)
 POST /api/agents/agent_50e31774-3453-4697-9c92-6c4289f4a44c/duplicate 201 in 7ms (next.js: 0.6ms, application-code: 6ms)
 GET /api/capabilities 200 in 2ms (next.js: 0.6ms, application-code: 1.7ms)
 GET /api/agents 200 in 3ms (next.js: 0.5ms, application-code: 3ms)
 POST /api/agents/agent_553b0c31-1c69-4eb6-bb02-752473013119/archive 200 in 9ms (next.js: 1.7ms, application-code: 7ms)
 GET /api/capabilities 200 in 3ms (next.js: 0.5ms, application-code: 2ms)
 GET /api/agents 200 in 3ms (next.js: 0.4ms, application-code: 3ms)
 GET /api/threads 200 in 23ms (next.js: 10ms, application-code: 13ms)
 POST /api/agents 201 in 18ms (next.js: 1.5ms, application-code: 16ms)
 GET /api/capabilities 200 in 2ms (next.js: 0.7ms, application-code: 1.7ms)
 GET /api/agents 200 in 7ms (next.js: 0.5ms, application-code: 7ms)
⚠ ../../../../../Users/jaywest/Myeve/node_modules/@novnc/novnc/core/util/browser.js
The generated code contains 'async/await' because this module is using "topLevelAwait".
However, your target environment does not appear to support 'async/await'.
As a result, the code may not run as expected or may cause runtime errors.

Import trace for requested module:
../../../../../Users/jaywest/Myeve/node_modules/@novnc/novnc/core/util/browser.js
../../../../../Users/jaywest/Myeve/node_modules/@novnc/novnc/core/rfb.js
./components/computer-viewer.tsx
./components/computer-workspace.tsx
./app/chat.tsx
[browser] ../../../../../Users/jaywest/Myeve/node_modules/@novnc/novnc/core/util/browser.js
The generated code contains 'async/await' because this module is using "topLevelAwait".
However, your target environment does not appear to support 'async/await'.
As a result, the code may not run as expected or may cause runtime errors.

Import trace for requested module:
../../../../../Users/jaywest/Myeve/node_modules/@novnc/novnc/core/util/browser.js
../../../../../Users/jaywest/Myeve/node_modules/@novnc/novnc/core/rfb.js
./components/computer-viewer.tsx
./components/computer-workspace.tsx
./app/chat.tsx
⚠ ../../../../../Users/jaywest/Myeve/node_modules/@novnc/novnc/core/util/browser.js
The generated code contains 'async/await' because this module is using "topLevelAwait".
However, your target environment does not appear to support 'async/await'.
As a result, the code may not run as expected or may cause runtime errors.

Import trace for requested module:
../../../../../Users/jaywest/Myeve/node_modules/@novnc/novnc/core/util/browser.js
../../../../../Users/jaywest/Myeve/node_modules/@novnc/novnc/core/rfb.js
./components/computer-viewer.tsx
./components/computer-workspace.tsx
./app/chat.tsx
[browser] ../../../../../Users/jaywest/Myeve/node_modules/@novnc/novnc/core/util/browser.js
The generated code contains 'async/await' because this module is using "topLevelAwait".
However, your target environment does not appear to support 'async/await'.
As a result, the code may not run as expected or may cause runtime errors.

Import trace for requested module:
../../../../../Users/jaywest/Myeve/node_modules/@novnc/novnc/core/util/browser.js
../../../../../Users/jaywest/Myeve/node_modules/@novnc/novnc/core/rfb.js
./components/computer-viewer.tsx
./components/computer-workspace.tsx
./app/chat.tsx
 GET /api/goals 200 in 1251ms (next.js: 1223ms, application-code: 28ms)
 GET /api/goals 200 in 3ms (next.js: 0.4ms, application-code: 3ms)
 GET /api/goals/focus 200 in 1248ms (next.js: 1211ms, application-code: 37ms)
 GET /api/goals/focus 200 in 6ms (next.js: 0.4ms, application-code: 6ms)
⚠ ../../../../../Users/jaywest/Myeve/node_modules/@novnc/novnc/core/util/browser.js
The generated code contains 'async/await' because this module is using "topLevelAwait".
However, your target environment does not appear to support 'async/await'.
As a result, the code may not run as expected or may cause runtime errors.

Import trace for requested module:
../../../../../Users/jaywest/Myeve/node_modules/@novnc/novnc/core/util/browser.js
../../../../../Users/jaywest/Myeve/node_modules/@novnc/novnc/core/rfb.js
./components/computer-viewer.tsx
./components/computer-workspace.tsx
./app/chat.tsx
⚠ ../../../../../Users/jaywest/Myeve/node_modules/@novnc/novnc/core/util/browser.js
The generated code contains 'async/await' because this module is using "topLevelAwait".
However, your target environment does not appear to support 'async/await'.
As a result, the code may not run as expected or may cause runtime errors.

Import trace for requested module:
../../../../../Users/jaywest/Myeve/node_modules/@novnc/novnc/core/util/browser.js
../../../../../Users/jaywest/Myeve/node_modules/@novnc/novnc/core/rfb.js
./components/computer-viewer.tsx
./components/computer-workspace.tsx
./app/chat.tsx
[browser] ../../../../../Users/jaywest/Myeve/node_modules/@novnc/novnc/core/util/browser.js
The generated code contains 'async/await' because this module is using "topLevelAwait".
However, your target environment does not appear to support 'async/await'.
As a result, the code may not run as expected or may cause runtime errors.

Import trace for requested module:
../../../../../Users/jaywest/Myeve/node_modules/@novnc/novnc/core/util/browser.js
../../../../../Users/jaywest/Myeve/node_modules/@novnc/novnc/core/rfb.js
./components/computer-viewer.tsx
./components/computer-workspace.tsx
./app/chat.tsx
 GET /api/goals/goal_b96e7077-00db-43dd-913c-372f69f9301e 200 in 406ms (next.js: 365ms, application-code: 41ms)
 GET /api/threads 200 in 26ms (next.js: 16ms, application-code: 10ms)
⚠ ../../../../../Users/jaywest/Myeve/node_modules/@novnc/novnc/core/util/browser.js
The generated code contains 'async/await' because this module is using "topLevelAwait".
However, your target environment does not appear to support 'async/await'.
As a result, the code may not run as expected or may cause runtime errors.

Import trace for requested module:
../../../../../Users/jaywest/Myeve/node_modules/@novnc/novnc/core/util/browser.js
../../../../../Users/jaywest/Myeve/node_modules/@novnc/novnc/core/rfb.js
./components/computer-viewer.tsx
./components/computer-workspace.tsx
./app/chat.tsx
⚠ ../../../../../Users/jaywest/Myeve/node_modules/@novnc/novnc/core/util/browser.js
The generated code contains 'async/await' because this module is using "topLevelAwait".
However, your target environment does not appear to support 'async/await'.
As a result, the code may not run as expected or may cause runtime errors.

Import trace for requested module:
../../../../../Users/jaywest/Myeve/node_modules/@novnc/novnc/core/util/browser.js
../../../../../Users/jaywest/Myeve/node_modules/@novnc/novnc/core/rfb.js
./components/computer-viewer.tsx
./components/computer-workspace.tsx
./app/chat.tsx
[browser] ../../../../../Users/jaywest/Myeve/node_modules/@novnc/novnc/core/util/browser.js
The generated code contains 'async/await' because this module is using "topLevelAwait".
However, your target environment does not appear to support 'async/await'.
As a result, the code may not run as expected or may cause runtime errors.

Import trace for requested module:
../../../../../Users/jaywest/Myeve/node_modules/@novnc/novnc/core/util/browser.js
../../../../../Users/jaywest/Myeve/node_modules/@novnc/novnc/core/rfb.js
./components/computer-viewer.tsx
./components/computer-workspace.tsx
./app/chat.tsx
 GET /api/knowledge?type=decision 200 in 1017ms (next.js: 1002ms, application-code: 15ms)
⚠ ../../../../../Users/jaywest/Myeve/node_modules/@novnc/novnc/core/util/browser.js
The generated code contains 'async/await' because this module is using "topLevelAwait".
However, your target environment does not appear to support 'async/await'.
As a result, the code may not run as expected or may cause runtime errors.

Import trace for requested module:
../../../../../Users/jaywest/Myeve/node_modules/@novnc/novnc/core/util/browser.js
../../../../../Users/jaywest/Myeve/node_modules/@novnc/novnc/core/rfb.js
./components/computer-viewer.tsx
./components/computer-workspace.tsx
./app/chat.tsx
⚠ ../../../../../Users/jaywest/Myeve/node_modules/@novnc/novnc/core/util/browser.js
The generated code contains 'async/await' because this module is using "topLevelAwait".
However, your target environment does not appear to support 'async/await'.
As a result, the code may not run as expected or may cause runtime errors.

Import trace for requested module:
../../../../../Users/jaywest/Myeve/node_modules/@novnc/novnc/core/util/browser.js
../../../../../Users/jaywest/Myeve/node_modules/@novnc/novnc/core/rfb.js
./components/computer-viewer.tsx
./components/computer-workspace.tsx
./app/chat.tsx
[browser] ../../../../../Users/jaywest/Myeve/node_modules/@novnc/novnc/core/util/browser.js
The generated code contains 'async/await' because this module is using "topLevelAwait".
However, your target environment does not appear to support 'async/await'.
As a result, the code may not run as expected or may cause runtime errors.

Import trace for requested module:
../../../../../Users/jaywest/Myeve/node_modules/@novnc/novnc/core/util/browser.js
../../../../../Users/jaywest/Myeve/node_modules/@novnc/novnc/core/rfb.js
./components/computer-viewer.tsx
./components/computer-workspace.tsx
./app/chat.tsx
 GET /api/outcomes?limit=100 200 in 655ms (next.js: 642ms, application-code: 12ms)
 GET /api/outcomes?limit=100 200 in 661ms (next.js: 648ms, application-code: 13ms)
⚠ ../../../../../Users/jaywest/Myeve/node_modules/@novnc/novnc/core/util/browser.js
The generated code contains 'async/await' because this module is using "topLevelAwait".
However, your target environment does not appear to support 'async/await'.
As a result, the code may not run as expected or may cause runtime errors.

Import trace for requested module:
../../../../../Users/jaywest/Myeve/node_modules/@novnc/novnc/core/util/browser.js
../../../../../Users/jaywest/Myeve/node_modules/@novnc/novnc/core/rfb.js
./components/computer-viewer.tsx
./components/computer-workspace.tsx
./app/chat.tsx
[browser] ../../../../../Users/jaywest/Myeve/node_modules/@novnc/novnc/core/util/browser.js
The generated code contains 'async/await' because this module is using "topLevelAwait".
However, your target environment does not appear to support 'async/await'.
As a result, the code may not run as expected or may cause runtime errors.

Import trace for requested module:
../../../../../Users/jaywest/Myeve/node_modules/@novnc/novnc/core/util/browser.js
../../../../../Users/jaywest/Myeve/node_modules/@novnc/novnc/core/rfb.js
./components/computer-viewer.tsx
./components/computer-workspace.tsx
./app/chat.tsx
[browser] ../../../../../Users/jaywest/Myeve/node_modules/@novnc/novnc/core/util/browser.js
The generated code contains 'async/await' because this module is using "topLevelAwait".
However, your target environment does not appear to support 'async/await'.
As a result, the code may not run as expected or may cause runtime errors.

Import trace for requested module:
../../../../../Users/jaywest/Myeve/node_modules/@novnc/novnc/core/util/browser.js
../../../../../Users/jaywest/Myeve/node_modules/@novnc/novnc/core/rfb.js
./components/computer-viewer.tsx
./components/computer-workspace.tsx
./app/chat.tsx
⚠ ../../../../../Users/jaywest/Myeve/node_modules/@novnc/novnc/core/util/browser.js
The generated code contains 'async/await' because this module is using "topLevelAwait".
However, your target environment does not appear to support 'async/await'.
As a result, the code may not run as expected or may cause runtime errors.

Import trace for requested module:
../../../../../Users/jaywest/Myeve/node_modules/@novnc/novnc/core/util/browser.js
../../../../../Users/jaywest/Myeve/node_modules/@novnc/novnc/core/rfb.js
./components/computer-viewer.tsx
./components/computer-workspace.tsx
./app/chat.tsx
 GET /api/capabilities 200 in 1440ms (next.js: 1202ms, application-code: 238ms)
[browser] ../../../../../Users/jaywest/Myeve/node_modules/@novnc/novnc/core/util/browser.js
The generated code contains 'async/await' because this module is using "topLevelAwait".
However, your target environment does not appear to support 'async/await'.
As a result, the code may not run as expected or may cause runtime errors.

Import trace for requested module:
../../../../../Users/jaywest/Myeve/node_modules/@novnc/novnc/core/util/browser.js
../../../../../Users/jaywest/Myeve/node_modules/@novnc/novnc/core/rfb.js
./components/computer-viewer.tsx
./components/computer-workspace.tsx
./app/chat.tsx
 GET /api/capabilities 200 in 2.0ms (next.js: 0.5ms, application-code: 1.5ms)
 GET /api/computer-sessions 200 in 3.2s (next.js: 3.0s, application-code: 246ms)
 GET /api/agents 200 in 1451ms (next.js: 1204ms, application-code: 248ms)
 GET /api/computer-sessions 200 in 3.3s (next.js: 3.0s, application-code: 249ms)
⚠ ../../../../../Users/jaywest/Myeve/node_modules/@novnc/novnc/core/util/browser.js
The generated code contains 'async/await' because this module is using "topLevelAwait".
However, your target environment does not appear to support 'async/await'.
As a result, the code may not run as expected or may cause runtime errors.

Import trace for requested module:
../../../../../Users/jaywest/Myeve/node_modules/@novnc/novnc/core/util/browser.js
../../../../../Users/jaywest/Myeve/node_modules/@novnc/novnc/core/rfb.js
./components/computer-viewer.tsx
./components/computer-workspace.tsx
./app/chat.tsx
 GET /api/computer 200 in 3.3s (next.js: 3.0s, application-code: 316ms)
[browser] ../../../../../Users/jaywest/Myeve/node_modules/@novnc/novnc/core/util/browser.js
The generated code contains 'async/await' because this module is using "topLevelAwait".
However, your target environment does not appear to support 'async/await'.
As a result, the code may not run as expected or may cause runtime errors.

Import trace for requested module:
../../../../../Users/jaywest/Myeve/node_modules/@novnc/novnc/core/util/browser.js
../../../../../Users/jaywest/Myeve/node_modules/@novnc/novnc/core/rfb.js
./components/computer-viewer.tsx
./components/computer-workspace.tsx
./app/chat.tsx
⚠ ../../../../../Users/jaywest/Myeve/node_modules/@novnc/novnc/core/util/browser.js
The generated code contains 'async/await' because this module is using "topLevelAwait".
However, your target environment does not appear to support 'async/await'.
As a result, the code may not run as expected or may cause runtime errors.

Import trace for requested module:
../../../../../Users/jaywest/Myeve/node_modules/@novnc/novnc/core/util/browser.js
../../../../../Users/jaywest/Myeve/node_modules/@novnc/novnc/core/rfb.js
./components/computer-viewer.tsx
./components/computer-workspace.tsx
./app/chat.tsx
[browser] ../../../../../Users/jaywest/Myeve/node_modules/@novnc/novnc/core/util/browser.js
The generated code contains 'async/await' because this module is using "topLevelAwait".
However, your target environment does not appear to support 'async/await'.
As a result, the code may not run as expected or may cause runtime errors.

Import trace for requested module:
../../../../../Users/jaywest/Myeve/node_modules/@novnc/novnc/core/util/browser.js
../../../../../Users/jaywest/Myeve/node_modules/@novnc/novnc/core/rfb.js
./components/computer-viewer.tsx
./components/computer-workspace.tsx
./app/chat.tsx
 GET /api/outcomes?limit=20 200 in 1553ms (next.js: 1333ms, application-code: 220ms)
 GET /api/agents 200 in 1672ms (next.js: 1441ms, application-code: 231ms)
 GET /api/outcomes?limit=20 200 in 6ms (next.js: 0.4ms, application-code: 5ms)
 GET /api/reviews?kind=daily 200 in 1571ms (next.js: 1336ms, application-code: 236ms)
⚠ ../../../../../Users/jaywest/Myeve/node_modules/@novnc/novnc/core/util/browser.js
The generated code contains 'async/await' because this module is using "topLevelAwait".
However, your target environment does not appear to support 'async/await'.
As a result, the code may not run as expected or may cause runtime errors.

Import trace for requested module:
../../../../../Users/jaywest/Myeve/node_modules/@novnc/novnc/core/util/browser.js
../../../../../Users/jaywest/Myeve/node_modules/@novnc/novnc/core/rfb.js
./components/computer-viewer.tsx
./components/computer-workspace.tsx
./app/chat.tsx
 GET /agents 200 in 1741ms (next.js: 1652ms, proxy.ts: 43ms, application-code: 46ms)
 GET /api/computer 200 in 1670ms (next.js: 1419ms, application-code: 251ms)
[browser] ../../../../../Users/jaywest/Myeve/node_modules/@novnc/novnc/core/util/browser.js
The generated code contains 'async/await' because this module is using "topLevelAwait".
However, your target environment does not appear to support 'async/await'.
As a result, the code may not run as expected or may cause runtime errors.

Import trace for requested module:
../../../../../Users/jaywest/Myeve/node_modules/@novnc/novnc/core/util/browser.js
../../../../../Users/jaywest/Myeve/node_modules/@novnc/novnc/core/rfb.js
./components/computer-viewer.tsx
./components/computer-workspace.tsx
./app/chat.tsx
⚠ ../../../../../Users/jaywest/Myeve/node_modules/@novnc/novnc/core/util/browser.js
The generated code contains 'async/await' because this module is using "topLevelAwait".
However, your target environment does not appear to support 'async/await'.
As a result, the code may not run as expected or may cause runtime errors.

Import trace for requested module:
../../../../../Users/jaywest/Myeve/node_modules/@novnc/novnc/core/util/browser.js
../../../../../Users/jaywest/Myeve/node_modules/@novnc/novnc/core/rfb.js
./components/computer-viewer.tsx
./components/computer-workspace.tsx
./app/chat.tsx
[browser] ../../../../../Users/jaywest/Myeve/node_modules/@novnc/novnc/core/util/browser.js
The generated code contains 'async/await' because this module is using "topLevelAwait".
However, your target environment does not appear to support 'async/await'.
As a result, the code may not run as expected or may cause runtime errors.

Import trace for requested module:
../../../../../Users/jaywest/Myeve/node_modules/@novnc/novnc/core/util/browser.js
../../../../../Users/jaywest/Myeve/node_modules/@novnc/novnc/core/rfb.js
./components/computer-viewer.tsx
./components/computer-workspace.tsx
./app/chat.tsx
 GET /api/channels 200 in 1688ms (next.js: 1521ms, application-code: 167ms)
 GET /api/reviews?kind=daily 200 in 1835ms (next.js: 1659ms, application-code: 176ms)
⚠ ../../../../../Users/jaywest/Myeve/node_modules/@novnc/novnc/core/util/browser.js
The generated code contains 'async/await' because this module is using "topLevelAwait".
However, your target environment does not appear to support 'async/await'.
As a result, the code may not run as expected or may cause runtime errors.

Import trace for requested module:
../../../../../Users/jaywest/Myeve/node_modules/@novnc/novnc/core/util/browser.js
../../../../../Users/jaywest/Myeve/node_modules/@novnc/novnc/core/rfb.js
./components/computer-viewer.tsx
./components/computer-workspace.tsx
./app/chat.tsx
 GET /api/channels 200 in 9ms (next.js: 0.4ms, application-code: 8ms)
 GET /review 200 in 1864ms (next.js: 1815ms, proxy.ts: 8ms, application-code: 40ms)
[browser] ../../../../../Users/jaywest/Myeve/node_modules/@novnc/novnc/core/util/browser.js
The generated code contains 'async/await' because this module is using "topLevelAwait".
However, your target environment does not appear to support 'async/await'.
As a result, the code may not run as expected or may cause runtime errors.

Import trace for requested module:
../../../../../Users/jaywest/Myeve/node_modules/@novnc/novnc/core/util/browser.js
../../../../../Users/jaywest/Myeve/node_modules/@novnc/novnc/core/rfb.js
./components/computer-viewer.tsx
./components/computer-workspace.tsx
./app/chat.tsx
⚠ ../../../../../Users/jaywest/Myeve/node_modules/@novnc/novnc/core/util/browser.js
The generated code contains 'async/await' because this module is using "topLevelAwait".
However, your target environment does not appear to support 'async/await'.
As a result, the code may not run as expected or may cause runtime errors.

Import trace for requested module:
../../../../../Users/jaywest/Myeve/node_modules/@novnc/novnc/core/util/browser.js
../../../../../Users/jaywest/Myeve/node_modules/@novnc/novnc/core/rfb.js
./components/computer-viewer.tsx
./components/computer-workspace.tsx
./app/chat.tsx
[browser] ../../../../../Users/jaywest/Myeve/node_modules/@novnc/novnc/core/util/browser.js
The generated code contains 'async/await' because this module is using "topLevelAwait".
However, your target environment does not appear to support 'async/await'.
As a result, the code may not run as expected or may cause runtime errors.

Import trace for requested module:
../../../../../Users/jaywest/Myeve/node_modules/@novnc/novnc/core/util/browser.js
../../../../../Users/jaywest/Myeve/node_modules/@novnc/novnc/core/rfb.js
./components/computer-viewer.tsx
./components/computer-workspace.tsx
./app/chat.tsx
⚠ ../../../../../Users/jaywest/Myeve/node_modules/@novnc/novnc/core/util/browser.js
The generated code contains 'async/await' because this module is using "topLevelAwait".
However, your target environment does not appear to support 'async/await'.
As a result, the code may not run as expected or may cause runtime errors.

Import trace for requested module:
../../../../../Users/jaywest/Myeve/node_modules/@novnc/novnc/core/util/browser.js
../../../../../Users/jaywest/Myeve/node_modules/@novnc/novnc/core/rfb.js
./components/computer-viewer.tsx
./components/computer-workspace.tsx
./app/chat.tsx
 GET /channels 200 in 1460ms (next.js: 1431ms, proxy.ts: 4ms, application-code: 25ms)
 GET /review 200 in 1458ms (next.js: 1436ms, proxy.ts: 6ms, application-code: 16ms)
[browser] ../../../../../Users/jaywest/Myeve/node_modules/@novnc/novnc/core/util/browser.js
The generated code contains 'async/await' because this module is using "topLevelAwait".
However, your target environment does not appear to support 'async/await'.
As a result, the code may not run as expected or may cause runtime errors.

Import trace for requested module:
../../../../../Users/jaywest/Myeve/node_modules/@novnc/novnc/core/util/browser.js
../../../../../Users/jaywest/Myeve/node_modules/@novnc/novnc/core/rfb.js
./components/computer-viewer.tsx
./components/computer-workspace.tsx
./app/chat.tsx
⚠ ../../../../../Users/jaywest/Myeve/node_modules/@novnc/novnc/core/util/browser.js
The generated code contains 'async/await' because this module is using "topLevelAwait".
However, your target environment does not appear to support 'async/await'.
As a result, the code may not run as expected or may cause runtime errors.

Import trace for requested module:
../../../../../Users/jaywest/Myeve/node_modules/@novnc/novnc/core/util/browser.js
../../../../../Users/jaywest/Myeve/node_modules/@novnc/novnc/core/rfb.js
./components/computer-viewer.tsx
./components/computer-workspace.tsx
./app/chat.tsx
[browser] ../../../../../Users/jaywest/Myeve/node_modules/@novnc/novnc/core/util/browser.js
The generated code contains 'async/await' because this module is using "topLevelAwait".
However, your target environment does not appear to support 'async/await'.
As a result, the code may not run as expected or may cause runtime errors.

Import trace for requested module:
../../../../../Users/jaywest/Myeve/node_modules/@novnc/novnc/core/util/browser.js
../../../../../Users/jaywest/Myeve/node_modules/@novnc/novnc/core/rfb.js
./components/computer-viewer.tsx
./components/computer-workspace.tsx
./app/chat.tsx
 GET /review 200 in 404ms (next.js: 6ms, proxy.ts: 155ms, application-code: 243ms)
 GET /files 200 in 1732ms (next.js: 1399ms, proxy.ts: 69ms, application-code: 264ms)
 GET /api/files 200 in 1630ms (next.js: 1264ms, application-code: 367ms)
 GET /api/files 200 in 3ms (next.js: 0.4ms, application-code: 3ms)
 GET /files 200 in 16ms (next.js: 1.8ms, proxy.ts: 3ms, application-code: 12ms)
[browser] ../../../../../Users/jaywest/Myeve/node_modules/@novnc/novnc/core/util/browser.js
The generated code contains 'async/await' because this module is using "topLevelAwait".
However, your target environment does not appear to support 'async/await'.
As a result, the code may not run as expected or may cause runtime errors.
⚠ ../../../../../Users/jaywest/Myeve/node_modules/@novnc/novnc/core/util/browser.js
The generated code contains 'async/await' because this module is using "topLevelAwait".
However, your target environment does not appear to support 'async/await'.
As a result, the code may not run as expected or may cause runtime errors.

Import trace for requested module:
../../../../../Users/jaywest/Myeve/node_modules/@novnc/novnc/core/util/browser.js
../../../../../Users/jaywest/Myeve/node_modules/@novnc/novnc/core/rfb.js
./components/computer-viewer.tsx
./components/computer-workspace.tsx
./app/chat.tsx
 GET /api/files 200 in 20ms (next.js: 0.8ms, application-code: 19ms)
 GET /api/capabilities 200 in 14ms (next.js: 1.3ms, application-code: 13ms)
[browser] ../../../../../Users/jaywest/Myeve/node_modules/@novnc/novnc/core/util/browser.js
The generated code contains 'async/await' because this module is using "topLevelAwait".
However, your target environment does not appear to support 'async/await'.
As a result, the code may not run as expected or may cause runtime errors.

Import trace for requested module:
../../../../../Users/jaywest/Myeve/node_modules/@novnc/novnc/core/util/browser.js
../../../../../Users/jaywest/Myeve/node_modules/@novnc/novnc/core/rfb.js
./components/computer-viewer.tsx
./components/computer-workspace.tsx
./app/chat.tsx
⚠ ../../../../../Users/jaywest/Myeve/node_modules/@novnc/novnc/core/util/browser.js
The generated code contains 'async/await' because this module is using "topLevelAwait".
However, your target environment does not appear to support 'async/await'.
As a result, the code may not run as expected or may cause runtime errors.

Import trace for requested module:
../../../../../Users/jaywest/Myeve/node_modules/@novnc/novnc/core/util/browser.js
../../../../../Users/jaywest/Myeve/node_modules/@novnc/novnc/core/rfb.js
./components/computer-viewer.tsx
./components/computer-workspace.tsx
./app/chat.tsx
Model catalog failed Error [GatewayAuthenticationError]: AI Gateway authentication failed: No authentication provided.

Option 1 - API key:
Create an API key: https://vercel.com/d?to=%2F%5Bteam%5D%2F%7E%2Fai%2Fapi-keys
Provide via 'apiKey' option or 'AI_GATEWAY_API_KEY' environment variable.

Option 2 - Vercel access token:
Pass a Vercel personal access token or Vercel app access token via the 'apiKey' option.

Option 3 - OIDC token:
Run 'npx vercel link' to link your project, then 'vc env pull' to fetch the token.
    at async GET (app/api/models/route.ts:11:24)
   9 |
  10 |   try {
> 11 |     const { models } = await gateway.getAvailableModels();
     |                        ^
  12 |     const language = models
  13 |       .filter((model) => (model.modelType ?? "language") === "language")
  14 |       .map((model) => ({ {
  statusCode: 401,
  generationId: undefined,
  isRetryable: false,
  type: 'authentication_error',
  [cause]: Error [VercelOidcTokenError]: The 'x-vercel-oidc-token' header is missing from the request. Do you have the OIDC option enabled in the Vercel project settings?
  Unable to find project root directory. Have you linked your project with `vc link?`
      at async GET (app/api/models/route.ts:11:24)
     9 |
    10 |   try {
  > 11 |     const { models } = await gateway.getAvailableModels();
       |                        ^
    12 |     const language = models
    13 |       .filter((model) => (model.modelType ?? "language") === "language")
    14 |       .map((model) => ({ {
    cause: undefined
  }
}
 GET /api/commands 200 in 1390ms (next.js: 1272ms, application-code: 117ms)
 GET /api/models 503 in 1398ms (next.js: 1280ms, application-code: 117ms)
 GET /api/capabilities 200 in 1389ms (next.js: 1271ms, application-code: 118ms)
[browser] ../../../../../Users/jaywest/Myeve/node_modules/@novnc/novnc/core/util/browser.js
The generated code contains 'async/await' because this module is using "topLevelAwait".
However, your target environment does not appear to support 'async/await'.
As a result, the code may not run as expected or may cause runtime errors.

Import trace for requested module:
../../../../../Users/jaywest/Myeve/node_modules/@novnc/novnc/core/util/browser.js
../../../../../Users/jaywest/Myeve/node_modules/@novnc/novnc/core/rfb.js
./components/computer-viewer.tsx
./components/computer-workspace.tsx
./app/chat.tsx
⚠ ../../../../../Users/jaywest/Myeve/node_modules/@novnc/novnc/core/util/browser.js
The generated code contains 'async/await' because this module is using "topLevelAwait".
However, your target environment does not appear to support 'async/await'.
As a result, the code may not run as expected or may cause runtime errors.

Import trace for requested module:
../../../../../Users/jaywest/Myeve/node_modules/@novnc/novnc/core/util/browser.js
../../../../../Users/jaywest/Myeve/node_modules/@novnc/novnc/core/rfb.js
./components/computer-viewer.tsx
./components/computer-workspace.tsx
./app/chat.tsx
 GET /api/agents 200 in 1407ms (next.js: 1274ms, application-code: 133ms)
 GET /api/threads 200 in 1404ms (next.js: 1271ms, application-code: 133ms)
 GET /api/files 200 in 1349ms (next.js: 1214ms, application-code: 134ms)
[browser] ../../../../../Users/jaywest/Myeve/node_modules/@novnc/novnc/core/util/browser.js
The generated code contains 'async/await' because this module is using "topLevelAwait".
However, your target environment does not appear to support 'async/await'.
As a result, the code may not run as expected or may cause runtime errors.

Import trace for requested module:
../../../../../Users/jaywest/Myeve/node_modules/@novnc/novnc/core/util/browser.js
../../../../../Users/jaywest/Myeve/node_modules/@novnc/novnc/core/rfb.js
./components/computer-viewer.tsx
./components/computer-workspace.tsx
./app/chat.tsx
⚠ ../../../../../Users/jaywest/Myeve/node_modules/@novnc/novnc/core/util/browser.js
The generated code contains 'async/await' because this module is using "topLevelAwait".
However, your target environment does not appear to support 'async/await'.
As a result, the code may not run as expected or may cause runtime errors.

Import trace for requested module:
../../../../../Users/jaywest/Myeve/node_modules/@novnc/novnc/core/util/browser.js
../../../../../Users/jaywest/Myeve/node_modules/@novnc/novnc/core/rfb.js
./components/computer-viewer.tsx
./components/computer-workspace.tsx
./app/chat.tsx
Model catalog failed Error [GatewayAuthenticationError]: AI Gateway authentication failed: No authentication provided.

Option 1 - API key:
Create an API key: https://vercel.com/d?to=%2F%5Bteam%5D%2F%7E%2Fai%2Fapi-keys
Provide via 'apiKey' option or 'AI_GATEWAY_API_KEY' environment variable.

Option 2 - Vercel access token:
Pass a Vercel personal access token or Vercel app access token via the 'apiKey' option.

Option 3 - OIDC token:
Run 'npx vercel link' to link your project, then 'vc env pull' to fetch the token.
    at async GET (app/api/models/route.ts:11:24)
   9 |
  10 |   try {
> 11 |     const { models } = await gateway.getAvailableModels();
     |                        ^
  12 |     const language = models
  13 |       .filter((model) => (model.modelType ?? "language") === "language")
  14 |       .map((model) => ({ {
  statusCode: 401,
  generationId: undefined,
  isRetryable: false,
  type: 'authentication_error',
  [cause]: Error [VercelOidcTokenError]: The 'x-vercel-oidc-token' header is missing from the request. Do you have the OIDC option enabled in the Vercel project settings?
  Unable to find project root directory. Have you linked your project with `vc link?`
      at async GET (app/api/models/route.ts:11:24)
     9 |
    10 |   try {
  > 11 |     const { models } = await gateway.getAvailableModels();
       |                        ^
    12 |     const language = models
    13 |       .filter((model) => (model.modelType ?? "language") === "language")
    14 |       .map((model) => ({ {
    cause: undefined
  }
}
 GET /api/update-check 200 in 1262ms (next.js: 1209ms, application-code: 53ms)
 GET /api/commands 200 in 1249ms (next.js: 1196ms, application-code: 53ms)
 GET /api/models 503 in 1249ms (next.js: 1196ms, application-code: 53ms)
 GET /api/capabilities 200 in 1257ms (next.js: 1203ms, application-code: 54ms)
[browser] ../../../../../Users/jaywest/Myeve/node_modules/@novnc/novnc/core/util/browser.js
The generated code contains 'async/await' because this module is using "topLevelAwait".
However, your target environment does not appear to support 'async/await'.
As a result, the code may not run as expected or may cause runtime errors.

Import trace for requested module:
../../../../../Users/jaywest/Myeve/node_modules/@novnc/novnc/core/util/browser.js
../../../../../Users/jaywest/Myeve/node_modules/@novnc/novnc/core/rfb.js
./components/computer-viewer.tsx
./components/computer-workspace.tsx
./app/chat.tsx
⚠ ../../../../../Users/jaywest/Myeve/node_modules/@novnc/novnc/core/util/browser.js
The generated code contains 'async/await' because this module is using "topLevelAwait".
However, your target environment does not appear to support 'async/await'.
As a result, the code may not run as expected or may cause runtime errors.

Import trace for requested module:
../../../../../Users/jaywest/Myeve/node_modules/@novnc/novnc/core/util/browser.js
../../../../../Users/jaywest/Myeve/node_modules/@novnc/novnc/core/rfb.js
./components/computer-viewer.tsx
./components/computer-workspace.tsx
./app/chat.tsx
 GET /api/agents 200 in 1265ms (next.js: 1195ms, application-code: 70ms)
 GET /api/threads 200 in 1224ms (next.js: 1154ms, application-code: 70ms)
[browser] ../../../../../Users/jaywest/Myeve/node_modules/@novnc/novnc/core/util/browser.js
The generated code contains 'async/await' because this module is using "topLevelAwait".
However, your target environment does not appear to support 'async/await'.
As a result, the code may not run as expected or may cause runtime errors.

Import trace for requested module:
../../../../../Users/jaywest/Myeve/node_modules/@novnc/novnc/core/util/browser.js
../../../../../Users/jaywest/Myeve/node_modules/@novnc/novnc/core/rfb.js
./components/computer-viewer.tsx
./components/computer-workspace.tsx
./app/chat.tsx
⚠ ../../../../../Users/jaywest/Myeve/node_modules/@novnc/novnc/core/util/browser.js
The generated code contains 'async/await' because this module is using "topLevelAwait".
However, your target environment does not appear to support 'async/await'.
As a result, the code may not run as expected or may cause runtime errors.

Import trace for requested module:
../../../../../Users/jaywest/Myeve/node_modules/@novnc/novnc/core/util/browser.js
../../../../../Users/jaywest/Myeve/node_modules/@novnc/novnc/core/rfb.js
./components/computer-viewer.tsx
./components/computer-workspace.tsx
./app/chat.tsx
 GET /api/update-check 200 in 1607ms (next.js: 1592ms, application-code: 15ms)
 GET /api/capabilities 200 in 1608ms (next.js: 1592ms, application-code: 15ms)
[browser] ../../../../../Users/jaywest/Myeve/node_modules/@novnc/novnc/core/util/browser.js
The generated code contains 'async/await' because this module is using "topLevelAwait".
However, your target environment does not appear to support 'async/await'.
As a result, the code may not run as expected or may cause runtime errors.

Import trace for requested module:
../../../../../Users/jaywest/Myeve/node_modules/@novnc/novnc/core/util/browser.js
../../../../../Users/jaywest/Myeve/node_modules/@novnc/novnc/core/rfb.js
./components/computer-viewer.tsx
./components/computer-workspace.tsx
./app/chat.tsx
 GET /api/task-runs?threadId=1d977819-1d00-42c3-b607-5c229c579976 200 in 1609ms (next.js: 1592ms, application-code: 17ms)
 GET /api/task-runs?threadId=1d977819-1d00-42c3-b607-5c229c579976 200 in 1615ms (next.js: 1598ms, application-code: 17ms)
 GET /api/task-runs?threadId=1d977819-1d00-42c3-b607-5c229c579976 200 in 7ms (next.js: 2.0ms, application-code: 5ms)
 GET /api/task-runs?threadId=1d977819-1d00-42c3-b607-5c229c579976 200 in 22ms (next.js: 3ms, application-code: 20ms)
 GET /api/task-runs?threadId=1d977819-1d00-42c3-b607-5c229c579976 200 in 14ms (next.js: 3ms, application-code: 11ms)
 GET /api/task-runs?threadId=1d977819-1d00-42c3-b607-5c229c579976 200 in 12ms (next.js: 1.6ms, application-code: 11ms)
 GET /api/task-runs?threadId=1d977819-1d00-42c3-b607-5c229c579976 200 in 8ms (next.js: 3ms, application-code: 5ms)
 GET /api/goals 200 in 18ms (next.js: 5ms, application-code: 14ms)
 GET /api/goals 200 in 2ms (next.js: 0.4ms, application-code: 1.9ms)
 GET /api/goals/focus 200 in 20ms (next.js: 4ms, application-code: 17ms)
 GET /api/goals/focus 200 in 9ms (next.js: 0.5ms, application-code: 9ms)
 GET /api/goals/goal_b96e7077-00db-43dd-913c-372f69f9301e 200 in 10ms (next.js: 6ms, application-code: 4ms)
 GET /api/computer-sessions 200 in 66ms (next.js: 6ms, application-code: 60ms)
 GET /api/computer-sessions 200 in 6ms (next.js: 0.5ms, application-code: 5ms)
 GET /api/computer 200 in 195ms (next.js: 12ms, application-code: 183ms)
 GET /api/computer 200 in 13ms (next.js: 0.6ms, application-code: 12ms)
 GET /api/computer?agentId=agent_66a1e235-c274-4052-a0aa-db757e9b3e6b 200 in 11ms (next.js: 0.6ms, application-code: 10ms)
 GET /api/outcomes?limit=20 200 in 7ms (next.js: 2ms, application-code: 5ms)
 GET /api/outcomes?limit=20 200 in 3ms (next.js: 0.5ms, application-code: 2ms)
 GET /api/reviews?kind=daily 200 in 26ms (next.js: 4ms, application-code: 22ms)
 GET /api/reviews?kind=daily 200 in 7ms (next.js: 0.4ms, application-code: 6ms)
 GET /api/channels 200 in 58ms (next.js: 17ms, application-code: 40ms)
 GET /api/channels 200 in 3ms (next.js: 0.6ms, application-code: 2ms)
 GET /api/threads 200 in 17ms (next.js: 8ms, application-code: 10ms)
 GET /api/threads 200 in 9ms (next.js: 1.7ms, application-code: 8ms)
 GET /api/goals 200 in 4ms (next.js: 0.9ms, application-code: 3ms)
 GET /api/goals 200 in 8ms (next.js: 1.1ms, application-code: 7ms)
⚠ ../../../../../Users/jaywest/Myeve/node_modules/@novnc/novnc/core/util/browser.js
The generated code contains 'async/await' because this module is using "topLevelAwait".
However, your target environment does not appear to support 'async/await'.
As a result, the code may not run as expected or may cause runtime errors.

Import trace for requested module:
../../../../../Users/jaywest/Myeve/node_modules/@novnc/novnc/core/util/browser.js
../../../../../Users/jaywest/Myeve/node_modules/@novnc/novnc/core/rfb.js
./components/computer-viewer.tsx
./components/computer-workspace.tsx
./app/chat.tsx
⚠ ../../../../../Users/jaywest/Myeve/node_modules/@novnc/novnc/core/util/browser.js
The generated code contains 'async/await' because this module is using "topLevelAwait".
However, your target environment does not appear to support 'async/await'.
As a result, the code may not run as expected or may cause runtime errors.

Import trace for requested module:
../../../../../Users/jaywest/Myeve/node_modules/@novnc/novnc/core/util/browser.js
../../../../../Users/jaywest/Myeve/node_modules/@novnc/novnc/core/rfb.js
./components/computer-viewer.tsx
./components/computer-workspace.tsx
./app/chat.tsx
[browser] ../../../../../Users/jaywest/Myeve/node_modules/@novnc/novnc/core/util/browser.js
The generated code contains 'async/await' because this module is using "topLevelAwait".
However, your target environment does not appear to support 'async/await'.
As a result, the code may not run as expected or may cause runtime errors.

Import trace for requested module:
../../../../../Users/jaywest/Myeve/node_modules/@novnc/novnc/core/util/browser.js
../../../../../Users/jaywest/Myeve/node_modules/@novnc/novnc/core/rfb.js
./components/computer-viewer.tsx
./components/computer-workspace.tsx
./app/chat.tsx
 POST /api/knowledge/sources 201 in 1165ms (next.js: 1142ms, application-code: 23ms)
⚠ ../../../../../Users/jaywest/Myeve/node_modules/@novnc/novnc/core/util/browser.js
The generated code contains 'async/await' because this module is using "topLevelAwait".
However, your target environment does not appear to support 'async/await'.
As a result, the code may not run as expected or may cause runtime errors.

Import trace for requested module:
../../../../../Users/jaywest/Myeve/node_modules/@novnc/novnc/core/util/browser.js
../../../../../Users/jaywest/Myeve/node_modules/@novnc/novnc/core/rfb.js
./components/computer-viewer.tsx
./components/computer-workspace.tsx
./app/chat.tsx
⚠ ../../../../../Users/jaywest/Myeve/node_modules/@novnc/novnc/core/util/browser.js
The generated code contains 'async/await' because this module is using "topLevelAwait".
However, your target environment does not appear to support 'async/await'.
As a result, the code may not run as expected or may cause runtime errors.

Import trace for requested module:
../../../../../Users/jaywest/Myeve/node_modules/@novnc/novnc/core/util/browser.js
../../../../../Users/jaywest/Myeve/node_modules/@novnc/novnc/core/rfb.js
./components/computer-viewer.tsx
./components/computer-workspace.tsx
./app/chat.tsx
[browser] ../../../../../Users/jaywest/Myeve/node_modules/@novnc/novnc/core/util/browser.js
The generated code contains 'async/await' because this module is using "topLevelAwait".
However, your target environment does not appear to support 'async/await'.
As a result, the code may not run as expected or may cause runtime errors.

Import trace for requested module:
../../../../../Users/jaywest/Myeve/node_modules/@novnc/novnc/core/util/browser.js
../../../../../Users/jaywest/Myeve/node_modules/@novnc/novnc/core/rfb.js
./components/computer-viewer.tsx
./components/computer-workspace.tsx
./app/chat.tsx
 POST /api/knowledge 400 in 938ms (next.js: 925ms, application-code: 13ms)
 POST /api/knowledge 201 in 8ms (next.js: 0.4ms, application-code: 7ms)
 POST /api/knowledge 400 in 2ms (next.js: 0.4ms, application-code: 1.6ms)
 POST /api/knowledge 201 in 5ms (next.js: 0.4ms, application-code: 4ms)
 POST /api/knowledge 201 in 4ms (next.js: 0.4ms, application-code: 3ms)
 POST /api/knowledge 201 in 3ms (next.js: 0.4ms, application-code: 3ms)
 GET /api/knowledge?type=fact 200 in 9ms (next.js: 1.5ms, application-code: 8ms)
⚠ ../../../../../Users/jaywest/Myeve/node_modules/@novnc/novnc/core/util/browser.js
The generated code contains 'async/await' because this module is using "topLevelAwait".
However, your target environment does not appear to support 'async/await'.
As a result, the code may not run as expected or may cause runtime errors.

Import trace for requested module:
../../../../../Users/jaywest/Myeve/node_modules/@novnc/novnc/core/util/browser.js
../../../../../Users/jaywest/Myeve/node_modules/@novnc/novnc/core/rfb.js
./components/computer-viewer.tsx
./components/computer-workspace.tsx
./app/chat.tsx
⚠ ../../../../../Users/jaywest/Myeve/node_modules/@novnc/novnc/core/util/browser.js
The generated code contains 'async/await' because this module is using "topLevelAwait".
However, your target environment does not appear to support 'async/await'.
As a result, the code may not run as expected or may cause runtime errors.

Import trace for requested module:
../../../../../Users/jaywest/Myeve/node_modules/@novnc/novnc/core/util/browser.js
../../../../../Users/jaywest/Myeve/node_modules/@novnc/novnc/core/rfb.js
./components/computer-viewer.tsx
./components/computer-workspace.tsx
./app/chat.tsx
[browser] ../../../../../Users/jaywest/Myeve/node_modules/@novnc/novnc/core/util/browser.js
The generated code contains 'async/await' because this module is using "topLevelAwait".
However, your target environment does not appear to support 'async/await'.
As a result, the code may not run as expected or may cause runtime errors.

Import trace for requested module:
../../../../../Users/jaywest/Myeve/node_modules/@novnc/novnc/core/util/browser.js
../../../../../Users/jaywest/Myeve/node_modules/@novnc/novnc/core/rfb.js
./components/computer-viewer.tsx
./components/computer-workspace.tsx
./app/chat.tsx
 GET /api/knowledge/knowledge_5c28dd80-3ca7-4fbf-ae90-97bba24b21da 200 in 925ms (next.js: 918ms, application-code: 7ms)
 GET /api/threads 200 in 17ms (next.js: 7ms, application-code: 11ms)
 GET /api/goals 200 in 13ms (next.js: 5ms, application-code: 8ms)
 GET /api/knowledge/sources 200 in 6ms (next.js: 4ms, application-code: 3ms)
 POST /api/knowledge 201 in 15ms (next.js: 2ms, application-code: 13ms)
 POST /api/knowledge 201 in 4ms (next.js: 0.5ms, application-code: 4ms)
 GET /api/threads 200 in 8ms (next.js: 1.2ms, application-code: 6ms)
 GET /api/knowledge?type=decision&q=Atlas 200 in 14ms (next.js: 0.8ms, application-code: 13ms)
 GET /api/knowledge/knowledge_dd5729ca-a57e-405e-9f89-df668748aed7 200 in 6ms (next.js: 2ms, application-code: 4ms)
 GET /api/knowledge?type=decision&q=zzzz-no-such-knowledge 200 in 5ms (next.js: 0.5ms, application-code: 4ms)
 GET /api/knowledge?type=decision&q=%5B%5D%25_%22%3C%3E%26 200 in 3ms (next.js: 0.5ms, application-code: 2ms)
 GET /api/knowledge?type=decision&q=xxxxxxxxxxxxxxxxxxxxxxxxxxxxxxxxxxxxxxxxxxxxxxxxxxxxxxxxxxxxxxxxxxxxxxxxxxxxxxxxxxxxxxxxxxxxxxxxxxxxxxxxxxxxxxxxxxxxxxxxxxxxxxxxxxxxxxxxxxxxxxxxxxxxxxxxxxxxxxxxxxxxxxxxxxxxxxxxxxxxxxxxxxxxxxxxxxxxxxxxxxxxxxxxxxxxxxxxxxxxxxxxxxxxxxxxxxxxxxxxxxxxxxxxxxxxxxxxxxxxxxxxxxxxxxxxxxxxxxxxxxxxxxxxxxxxxxxxxxxx 200 in 6ms (next.js: 1.5ms, application-code: 4ms)
 GET /api/knowledge?type=decision 200 in 6ms (next.js: 1.3ms, application-code: 5ms)
 GET /api/knowledge/knowledge_dd5729ca-a57e-405e-9f89-df668748aed7 200 in 4ms (next.js: 1.3ms, application-code: 3ms)
 GET /api/knowledge?type=decision&status=reversed 200 in 3ms (next.js: 0.9ms, application-code: 2ms)
 GET /api/knowledge?type=fact&q=Atlas 200 in 7ms (next.js: 1.1ms, application-code: 5ms)
 GET /api/knowledge/knowledge_5c28dd80-3ca7-4fbf-ae90-97bba24b21da 200 in 4ms (next.js: 1.2ms, application-code: 2ms)
 GET /api/knowledge?type=fact&q=zzzz-no-such-knowledge 200 in 3ms (next.js: 0.7ms, application-code: 1.8ms)
 GET /api/knowledge?type=fact&q=%5B%5D%25_%22%3C%3E%26 200 in 3ms (next.js: 0.5ms, application-code: 2ms)
 GET /api/knowledge?type=fact&q=xxxxxxxxxxxxxxxxxxxxxxxxxxxxxxxxxxxxxxxxxxxxxxxxxxxxxxxxxxxxxxxxxxxxxxxxxxxxxxxxxxxxxxxxxxxxxxxxxxxxxxxxxxxxxxxxxxxxxxxxxxxxxxxxxxxxxxxxxxxxxxxxxxxxxxxxxxxxxxxxxxxxxxxxxxxxxxxxxxxxxxxxxxxxxxxxxxxxxxxxxxxxxxxxxxxxxxxxxxxxxxxxxxxxxxxxxxxxxxxxxxxxxxxxxxxxxxxxxxxxxxxxxxxxxxxxxxxxxxxxxxxxxxxxxxxxxxxxxxxx 200 in 3ms (next.js: 0.9ms, application-code: 3ms)
 GET /api/knowledge?type=fact 200 in 5ms (next.js: 1.1ms, application-code: 4ms)
 GET /api/knowledge/knowledge_5c28dd80-3ca7-4fbf-ae90-97bba24b21da 200 in 4ms (next.js: 1.3ms, application-code: 3ms)
 GET /api/knowledge?type=fact&status=contradicted 200 in 3ms (next.js: 0.8ms, application-code: 2ms)
 GET /api/knowledge?type=observation&q=Atlas 200 in 5ms (next.js: 1.3ms, application-code: 4ms)
 GET /api/knowledge/knowledge_4b8e6429-9cc9-4b0e-aa5b-b05a1593f6a6 200 in 4ms (next.js: 1.4ms, application-code: 2ms)
 GET /api/knowledge?type=observation&q=zzzz-no-such-knowledge 200 in 3ms (next.js: 0.6ms, application-code: 2ms)
 GET /api/knowledge?type=observation&q=%5B%5D%25_%22%3C%3E%26 200 in 3ms (next.js: 0.6ms, application-code: 2.0ms)
 GET /api/knowledge?type=observation&q=xxxxxxxxxxxxxxxxxxxxxxxxxxxxxxxxxxxxxxxxxxxxxxxxxxxxxxxxxxxxxxxxxxxxxxxxxxxxxxxxxxxxxxxxxxxxxxxxxxxxxxxxxxxxxxxxxxxxxxxxxxxxxxxxxxxxxxxxxxxxxxxxxxxxxxxxxxxxxxxxxxxxxxxxxxxxxxxxxxxxxxxxxxxxxxxxxxxxxxxxxxxxxxxxxxxxxxxxxxxxxxxxxxxxxxxxxxxxxxxxxxxxxxxxxxxxxxxxxxxxxxxxxxxxxxxxxxxxxxxxxxxxxxxxxxxxxxxxxxxx 200 in 2ms (next.js: 0.5ms, application-code: 1.9ms)
 GET /api/knowledge?type=observation 200 in 6ms (next.js: 1.1ms, application-code: 5ms)
 GET /api/knowledge/knowledge_4b8e6429-9cc9-4b0e-aa5b-b05a1593f6a6 200 in 4ms (next.js: 1.2ms, application-code: 2ms)
 GET /api/knowledge?type=observation&status=contradicted 200 in 2ms (next.js: 0.6ms, application-code: 1.9ms)
 GET /api/knowledge?type=hypothesis&q=Atlas 200 in 4ms (next.js: 0.9ms, application-code: 3ms)
 GET /api/knowledge/knowledge_794cbc86-2db4-418d-99f7-86bdeab55233 200 in 5ms (next.js: 1.9ms, application-code: 3ms)
 GET /api/knowledge?type=hypothesis&q=zzzz-no-such-knowledge 200 in 3ms (next.js: 0.7ms, application-code: 3ms)
 GET /api/knowledge?type=hypothesis&q=%5B%5D%25_%22%3C%3E%26 200 in 7ms (next.js: 1.6ms, application-code: 5ms)
 GET /api/knowledge?type=hypothesis&q=xxxxxxxxxxxxxxxxxxxxxxxxxxxxxxxxxxxxxxxxxxxxxxxxxxxxxxxxxxxxxxxxxxxxxxxxxxxxxxxxxxxxxxxxxxxxxxxxxxxxxxxxxxxxxxxxxxxxxxxxxxxxxxxxxxxxxxxxxxxxxxxxxxxxxxxxxxxxxxxxxxxxxxxxxxxxxxxxxxxxxxxxxxxxxxxxxxxxxxxxxxxxxxxxxxxxxxxxxxxxxxxxxxxxxxxxxxxxxxxxxxxxxxxxxxxxxxxxxxxxxxxxxxxxxxxxxxxxxxxxxxxxxxxxxxxxxxxxxxxx 200 in 4ms (next.js: 0.9ms, application-code: 3ms)
 GET /api/knowledge?type=hypothesis 200 in 5ms (next.js: 1.2ms, application-code: 4ms)
 GET /api/knowledge/knowledge_794cbc86-2db4-418d-99f7-86bdeab55233 200 in 7ms (next.js: 3ms, application-code: 4ms)
 GET /api/knowledge?type=hypothesis&status=promoted 200 in 3ms (next.js: 0.7ms, application-code: 2ms)
 GET /api/knowledge?type=commitment&q=Atlas 200 in 4ms (next.js: 1.0ms, application-code: 3ms)
 GET /api/knowledge/knowledge_e63f319f-00b8-4663-85f9-ec6f32377550 200 in 5ms (next.js: 1.7ms, application-code: 4ms)
 GET /api/knowledge?type=commitment&q=zzzz-no-such-knowledge 200 in 3ms (next.js: 0.7ms, application-code: 2ms)
 GET /api/knowledge?type=commitment&q=%5B%5D%25_%22%3C%3E%26 200 in 3ms (next.js: 0.7ms, application-code: 2ms)
 GET /api/knowledge?type=commitment&q=xxxxxxxxxxxxxxxxxxxxxxxxxxxxxxxxxxxxxxxxxxxxxxxxxxxxxxxxxxxxxxxxxxxxxxxxxxxxxxxxxxxxxxxxxxxxxxxxxxxxxxxxxxxxxxxxxxxxxxxxxxxxxxxxxxxxxxxxxxxxxxxxxxxxxxxxxxxxxxxxxxxxxxxxxxxxxxxxxxxxxxxxxxxxxxxxxxxxxxxxxxxxxxxxxxxxxxxxxxxxxxxxxxxxxxxxxxxxxxxxxxxxxxxxxxxxxxxxxxxxxxxxxxxxxxxxxxxxxxxxxxxxxxxxxxxxxxxxxxxx 200 in 3ms (next.js: 0.7ms, application-code: 2ms)
 GET /api/knowledge?type=commitment 200 in 2ms (next.js: 0.6ms, application-code: 1.9ms)
 GET /api/knowledge/knowledge_e63f319f-00b8-4663-85f9-ec6f32377550 200 in 4ms (next.js: 1.4ms, application-code: 3ms)
 GET /api/knowledge?type=commitment&status=superseded 200 in 2ms (next.js: 0.5ms, application-code: 2.0ms)
 GET /api/knowledge?type=preference&q=Atlas 200 in 3ms (next.js: 0.7ms, application-code: 2ms)
 GET /api/knowledge/knowledge_91fe5c3b-f8da-461e-bb4f-73e1557d1868 200 in 4ms (next.js: 1.5ms, application-code: 3ms)
 GET /api/knowledge?type=preference&q=zzzz-no-such-knowledge 200 in 3ms (next.js: 0.6ms, application-code: 2ms)
 GET /api/knowledge?type=preference&q=%5B%5D%25_%22%3C%3E%26 200 in 2ms (next.js: 0.5ms, application-code: 1.9ms)
 GET /api/knowledge?type=preference&q=xxxxxxxxxxxxxxxxxxxxxxxxxxxxxxxxxxxxxxxxxxxxxxxxxxxxxxxxxxxxxxxxxxxxxxxxxxxxxxxxxxxxxxxxxxxxxxxxxxxxxxxxxxxxxxxxxxxxxxxxxxxxxxxxxxxxxxxxxxxxxxxxxxxxxxxxxxxxxxxxxxxxxxxxxxxxxxxxxxxxxxxxxxxxxxxxxxxxxxxxxxxxxxxxxxxxxxxxxxxxxxxxxxxxxxxxxxxxxxxxxxxxxxxxxxxxxxxxxxxxxxxxxxxxxxxxxxxxxxxxxxxxxxxxxxxxxxxxxxxx 200 in 2ms (next.js: 0.5ms, application-code: 1.7ms)
 GET /api/knowledge?type=preference 200 in 3ms (next.js: 0.6ms, application-code: 2ms)
 GET /api/knowledge/knowledge_91fe5c3b-f8da-461e-bb4f-73e1557d1868 200 in 4ms (next.js: 1.2ms, application-code: 2ms)
 GET /api/knowledge?type=preference&status=expired 200 in 2ms (next.js: 0.5ms, application-code: 1.8ms)
 GET /api/knowledge?type=preference 200 in 3ms (next.js: 0.5ms, application-code: 2ms)
 GET /api/knowledge/knowledge_91fe5c3b-f8da-461e-bb4f-73e1557d1868 200 in 4ms (next.js: 1.2ms, application-code: 3ms)
⚠ ../../../../../Users/jaywest/Myeve/node_modules/@novnc/novnc/core/util/browser.js
The generated code contains 'async/await' because this module is using "topLevelAwait".
However, your target environment does not appear to support 'async/await'.
As a result, the code may not run as expected or may cause runtime errors.

Import trace for requested module:
../../../../../Users/jaywest/Myeve/node_modules/@novnc/novnc/core/util/browser.js
../../../../../Users/jaywest/Myeve/node_modules/@novnc/novnc/core/rfb.js
./components/computer-viewer.tsx
./components/computer-workspace.tsx
./app/chat.tsx
[browser] ../../../../../Users/jaywest/Myeve/node_modules/@novnc/novnc/core/util/browser.js
The generated code contains 'async/await' because this module is using "topLevelAwait".
However, your target environment does not appear to support 'async/await'.
As a result, the code may not run as expected or may cause runtime errors.

Import trace for requested module:
../../../../../Users/jaywest/Myeve/node_modules/@novnc/novnc/core/util/browser.js
../../../../../Users/jaywest/Myeve/node_modules/@novnc/novnc/core/rfb.js
./components/computer-viewer.tsx
./components/computer-workspace.tsx
./app/chat.tsx
⚠ ../../../../../Users/jaywest/Myeve/node_modules/@novnc/novnc/core/util/browser.js
The generated code contains 'async/await' because this module is using "topLevelAwait".
However, your target environment does not appear to support 'async/await'.
As a result, the code may not run as expected or may cause runtime errors.

Import trace for requested module:
../../../../../Users/jaywest/Myeve/node_modules/@novnc/novnc/core/util/browser.js
../../../../../Users/jaywest/Myeve/node_modules/@novnc/novnc/core/rfb.js
./components/computer-viewer.tsx
./components/computer-workspace.tsx
./app/chat.tsx
 GET /api/update-check 200 in 1532ms (next.js: 1518ms, application-code: 14ms)
 GET /api/capabilities 200 in 1546ms (next.js: 1532ms, application-code: 14ms)
[browser] ../../../../../Users/jaywest/Myeve/node_modules/@novnc/novnc/core/util/browser.js
The generated code contains 'async/await' because this module is using "topLevelAwait".
However, your target environment does not appear to support 'async/await'.
As a result, the code may not run as expected or may cause runtime errors.

Import trace for requested module:
../../../../../Users/jaywest/Myeve/node_modules/@novnc/novnc/core/util/browser.js
../../../../../Users/jaywest/Myeve/node_modules/@novnc/novnc/core/rfb.js
./components/computer-viewer.tsx
./components/computer-workspace.tsx
./app/chat.tsx
 GET /api/capabilities 200 in 2ms (next.js: 0.5ms, application-code: 1.8ms)
 GET /api/update-check 200 in 1.5ms (next.js: 0.5ms, application-code: 1.0ms)
⚠ ../../../../../Users/jaywest/Myeve/node_modules/@novnc/novnc/core/util/browser.js
The generated code contains 'async/await' because this module is using "topLevelAwait".
However, your target environment does not appear to support 'async/await'.
As a result, the code may not run as expected or may cause runtime errors.

Import trace for requested module:
../../../../../Users/jaywest/Myeve/node_modules/@novnc/novnc/core/util/browser.js
../../../../../Users/jaywest/Myeve/node_modules/@novnc/novnc/core/rfb.js
./components/computer-viewer.tsx
./components/computer-workspace.tsx
./app/chat.tsx
[browser] ../../../../../Users/jaywest/Myeve/node_modules/@novnc/novnc/core/util/browser.js
The generated code contains 'async/await' because this module is using "topLevelAwait".
However, your target environment does not appear to support 'async/await'.
As a result, the code may not run as expected or may cause runtime errors.

Import trace for requested module:
../../../../../Users/jaywest/Myeve/node_modules/@novnc/novnc/core/util/browser.js
../../../../../Users/jaywest/Myeve/node_modules/@novnc/novnc/core/rfb.js
./components/computer-viewer.tsx
./components/computer-workspace.tsx
./app/chat.tsx
⚠ ../../../../../Users/jaywest/Myeve/node_modules/@novnc/novnc/core/util/browser.js
The generated code contains 'async/await' because this module is using "topLevelAwait".
However, your target environment does not appear to support 'async/await'.
As a result, the code may not run as expected or may cause runtime errors.

Import trace for requested module:
../../../../../Users/jaywest/Myeve/node_modules/@novnc/novnc/core/util/browser.js
../../../../../Users/jaywest/Myeve/node_modules/@novnc/novnc/core/rfb.js
./components/computer-viewer.tsx
./components/computer-workspace.tsx
./app/chat.tsx
[browser] ../../../../../Users/jaywest/Myeve/node_modules/@novnc/novnc/core/util/browser.js
The generated code contains 'async/await' because this module is using "topLevelAwait".
However, your target environment does not appear to support 'async/await'.
As a result, the code may not run as expected or may cause runtime errors.

Import trace for requested module:
../../../../../Users/jaywest/Myeve/node_modules/@novnc/novnc/core/util/browser.js
../../../../../Users/jaywest/Myeve/node_modules/@novnc/novnc/core/rfb.js
./components/computer-viewer.tsx
./components/computer-workspace.tsx
./app/chat.tsx
 GET /api/goals 200 in 2.2s (next.js: 2.2s, application-code: 50ms)
 GET /api/goals 200 in 2.2s (next.js: 2.2s, application-code: 50ms)
 GET /api/agents 200 in 2.2s (next.js: 2.2s, application-code: 55ms)
 GET /api/agents 200 in 2.2s (next.js: 2.2s, application-code: 56ms)
 GET /api/automations 200 in 2.2s (next.js: 2.2s, application-code: 58ms)
 GET /api/owner-knowledge?page=1&limit=25 200 in 1858ms (next.js: 1798ms, application-code: 61ms)
 GET /api/owner-knowledge?page=1&limit=25&q=October+1 200 in 8ms (next.js: 0.6ms, application-code: 7ms)
 GET /api/automations 200 in 3ms (next.js: 0.5ms, application-code: 3ms)
 GET /api/threads 200 in 24ms (next.js: 7ms, application-code: 17ms)
 GET /api/threads 200 in 10ms (next.js: 1.4ms, application-code: 9ms)
 GET /api/owner-knowledge?repository=knowledge&id=knowledge_5c28dd80-3ca7-4fbf-ae90-97bba24b21da 200 in 9ms (next.js: 1.0ms, application-code: 8ms)
 PATCH /api/owner-knowledge 200 in 16ms (next.js: 0.6ms, application-code: 15ms)
 GET /api/owner-knowledge?page=1&limit=25&q=October+1 200 in 7ms (next.js: 0.5ms, application-code: 7ms)
 GET /api/owner-knowledge?page=1&limit=25&q=concise 200 in 9ms (next.js: 3ms, application-code: 5ms)
 GET /api/threads 200 in 10ms (next.js: 1.2ms, application-code: 9ms)
 GET /api/owner-knowledge?repository=knowledge&id=knowledge_91fe5c3b-f8da-461e-bb4f-73e1557d1868 200 in 6ms (next.js: 0.6ms, application-code: 6ms)
[browser] [Kumo Input]: Input must have an accessible name. Provide either:
  - label prop: <Input label='Email' />
  - aria-label: <Input aria-label='Email address' />
  - aria-labelledby for custom label association
[browser] [Kumo Input]: Input must have an accessible name. Provide either:
  - label prop: <Input label='Email' />
  - aria-label: <Input aria-label='Email address' />
  - aria-labelledby for custom label association
[browser] [Kumo Input]: Input must have an accessible name. Provide either:
  - label prop: <Input label='Email' />
  - aria-label: <Input aria-label='Email address' />
  - aria-labelledby for custom label association
[browser] [Kumo Input]: Input must have an accessible name. Provide either:
  - label prop: <Input label='Email' />
  - aria-label: <Input aria-label='Email address' />
  - aria-labelledby for custom label association
[browser] [Kumo Input]: Input must have an accessible name. Provide either:
  - label prop: <Input label='Email' />
  - aria-label: <Input aria-label='Email address' />
  - aria-labelledby for custom label association
[browser] [Kumo Input]: Input must have an accessible name. Provide either:
  - label prop: <Input label='Email' />
  - aria-label: <Input aria-label='Email address' />
  - aria-labelledby for custom label association
[browser] [Kumo Input]: Input must have an accessible name. Provide either:
  - label prop: <Input label='Email' />
  - aria-label: <Input aria-label='Email address' />
  - aria-labelledby for custom label association
[browser] [Kumo Input]: Input must have an accessible name. Provide either:
  - label prop: <Input label='Email' />
  - aria-label: <Input aria-label='Email address' />
  - aria-labelledby for custom label association
 DELETE /api/owner-knowledge 200 in 6ms (next.js: 0.6ms, application-code: 6ms)
[browser] [Kumo Input]: Input must have an accessible name. Provide either:
  - label prop: <Input label='Email' />
  - aria-label: <Input aria-label='Email address' />
  - aria-labelledby for custom label association
[browser] [Kumo Input]: Input must have an accessible name. Provide either:
  - label prop: <Input label='Email' />
  - aria-label: <Input aria-label='Email address' />
  - aria-labelledby for custom label association
 GET /api/owner-knowledge?page=1&limit=25&q=concise 200 in 8ms (next.js: 0.6ms, application-code: 8ms)
 GET /api/knowledge 200 in 7ms (next.js: 4ms, application-code: 3ms)
⚠ ../../../../../Users/jaywest/Myeve/node_modules/@novnc/novnc/core/util/browser.js
The generated code contains 'async/await' because this module is using "topLevelAwait".
However, your target environment does not appear to support 'async/await'.
As a result, the code may not run as expected or may cause runtime errors.

Import trace for requested module:
../../../../../Users/jaywest/Myeve/node_modules/@novnc/novnc/core/util/browser.js
../../../../../Users/jaywest/Myeve/node_modules/@novnc/novnc/core/rfb.js
./components/computer-viewer.tsx
./components/computer-workspace.tsx
./app/chat.tsx
[browser] ../../../../../Users/jaywest/Myeve/node_modules/@novnc/novnc/core/util/browser.js
The generated code contains 'async/await' because this module is using "topLevelAwait".
However, your target environment does not appear to support 'async/await'.
As a result, the code may not run as expected or may cause runtime errors.

Import trace for requested module:
../../../../../Users/jaywest/Myeve/node_modules/@novnc/novnc/core/util/browser.js
../../../../../Users/jaywest/Myeve/node_modules/@novnc/novnc/core/rfb.js
./components/computer-viewer.tsx
./components/computer-workspace.tsx
./app/chat.tsx
⚠ ../../../../../Users/jaywest/Myeve/node_modules/@novnc/novnc/core/util/browser.js
The generated code contains 'async/await' because this module is using "topLevelAwait".
However, your target environment does not appear to support 'async/await'.
As a result, the code may not run as expected or may cause runtime errors.

Import trace for requested module:
../../../../../Users/jaywest/Myeve/node_modules/@novnc/novnc/core/util/browser.js
../../../../../Users/jaywest/Myeve/node_modules/@novnc/novnc/core/rfb.js
./components/computer-viewer.tsx
./components/computer-workspace.tsx
./app/chat.tsx
[browser] ../../../../../Users/jaywest/Myeve/node_modules/@novnc/novnc/core/util/browser.js
The generated code contains 'async/await' because this module is using "topLevelAwait".
However, your target environment does not appear to support 'async/await'.
As a result, the code may not run as expected or may cause runtime errors.

Import trace for requested module:
../../../../../Users/jaywest/Myeve/node_modules/@novnc/novnc/core/util/browser.js
../../../../../Users/jaywest/Myeve/node_modules/@novnc/novnc/core/rfb.js
./components/computer-viewer.tsx
./components/computer-workspace.tsx
./app/chat.tsx
 GET /api/outcomes?limit=20 200 in 1462ms (next.js: 1421ms, application-code: 41ms)
 GET /api/outcomes?limit=20 200 in 4ms (next.js: 0.5ms, application-code: 3ms)
 GET /api/reviews?kind=daily 200 in 1480ms (next.js: 1428ms, application-code: 52ms)
 GET /api/reviews?kind=daily 200 in 7ms (next.js: 0.5ms, application-code: 6ms)
 GET /api/outcomes?limit=20 200 in 4ms (next.js: 0.5ms, application-code: 3ms)
 POST /api/reviews 200 in 12ms (next.js: 1.1ms, application-code: 11ms)
 GET /api/reviews?kind=daily 200 in 8ms (next.js: 1.0ms, application-code: 7ms)
 GET /api/outcomes?limit=20 200 in 6ms (next.js: 1.2ms, application-code: 4ms)
 GET /api/reviews?kind=weekly 200 in 16ms (next.js: 0.9ms, application-code: 15ms)
 GET /api/threads 200 in 19ms (next.js: 7ms, application-code: 12ms)
 GET /api/outcomes?limit=20 200 in 6ms (next.js: 0.4ms, application-code: 6ms)
 POST /api/reviews 200 in 19ms (next.js: 0.7ms, application-code: 18ms)
 GET /api/reviews?kind=daily 200 in 8ms (next.js: 1.2ms, application-code: 7ms)
 GET /api/reviews?kind=weekly 200 in 4ms (next.js: 0.5ms, application-code: 4ms)
 GET /api/outcomes?limit=20 200 in 2ms (next.js: 0.3ms, application-code: 2ms)
 GET /api/reviews?kind=daily 200 in 5ms (next.js: 0.6ms, application-code: 5ms)
 GET /api/outcomes?limit=20 200 in 4ms (next.js: 0.8ms, application-code: 3ms)
 POST /api/reviews 200 in 12ms (next.js: 0.5ms, application-code: 12ms)
 GET /api/reviews?kind=daily 200 in 5ms (next.js: 0.5ms, application-code: 4ms)
⚠ ../../../../../Users/jaywest/Myeve/node_modules/@novnc/novnc/core/util/browser.js
The generated code contains 'async/await' because this module is using "topLevelAwait".
However, your target environment does not appear to support 'async/await'.
As a result, the code may not run as expected or may cause runtime errors.

Import trace for requested module:
../../../../../Users/jaywest/Myeve/node_modules/@novnc/novnc/core/util/browser.js
../../../../../Users/jaywest/Myeve/node_modules/@novnc/novnc/core/rfb.js
./components/computer-viewer.tsx
./components/computer-workspace.tsx
./app/chat.tsx
[browser] ../../../../../Users/jaywest/Myeve/node_modules/@novnc/novnc/core/util/browser.js
The generated code contains 'async/await' because this module is using "topLevelAwait".
However, your target environment does not appear to support 'async/await'.
As a result, the code may not run as expected or may cause runtime errors.

Import trace for requested module:
../../../../../Users/jaywest/Myeve/node_modules/@novnc/novnc/core/util/browser.js
../../../../../Users/jaywest/Myeve/node_modules/@novnc/novnc/core/rfb.js
./components/computer-viewer.tsx
./components/computer-workspace.tsx
./app/chat.tsx
⚠ ../../../../../Users/jaywest/Myeve/node_modules/@novnc/novnc/core/util/browser.js
The generated code contains 'async/await' because this module is using "topLevelAwait".
However, your target environment does not appear to support 'async/await'.
As a result, the code may not run as expected or may cause runtime errors.

Import trace for requested module:
../../../../../Users/jaywest/Myeve/node_modules/@novnc/novnc/core/util/browser.js
../../../../../Users/jaywest/Myeve/node_modules/@novnc/novnc/core/rfb.js
./components/computer-viewer.tsx
./components/computer-workspace.tsx
./app/chat.tsx
 GET /api/update-check 200 in 1479ms (next.js: 1467ms, application-code: 13ms)
 GET /api/capabilities 200 in 1497ms (next.js: 1485ms, application-code: 13ms)
[browser] ../../../../../Users/jaywest/Myeve/node_modules/@novnc/novnc/core/util/browser.js
The generated code contains 'async/await' because this module is using "topLevelAwait".
However, your target environment does not appear to support 'async/await'.
As a result, the code may not run as expected or may cause runtime errors.

Import trace for requested module:
../../../../../Users/jaywest/Myeve/node_modules/@novnc/novnc/core/util/browser.js
../../../../../Users/jaywest/Myeve/node_modules/@novnc/novnc/core/rfb.js
./components/computer-viewer.tsx
./components/computer-workspace.tsx
./app/chat.tsx
 GET /api/capabilities 200 in 1.8ms (next.js: 0.4ms, application-code: 1.4ms)
 GET /api/update-check 200 in 1.1ms (next.js: 0.3ms, application-code: 0.8ms)
⚠ ../../../../../Users/jaywest/Myeve/node_modules/@novnc/novnc/core/util/browser.js
The generated code contains 'async/await' because this module is using "topLevelAwait".
However, your target environment does not appear to support 'async/await'.
As a result, the code may not run as expected or may cause runtime errors.

Import trace for requested module:
../../../../../Users/jaywest/Myeve/node_modules/@novnc/novnc/core/util/browser.js
../../../../../Users/jaywest/Myeve/node_modules/@novnc/novnc/core/rfb.js
./components/computer-viewer.tsx
./components/computer-workspace.tsx
./app/chat.tsx
[browser] ../../../../../Users/jaywest/Myeve/node_modules/@novnc/novnc/core/util/browser.js
The generated code contains 'async/await' because this module is using "topLevelAwait".
However, your target environment does not appear to support 'async/await'.
As a result, the code may not run as expected or may cause runtime errors.

Import trace for requested module:
../../../../../Users/jaywest/Myeve/node_modules/@novnc/novnc/core/util/browser.js
../../../../../Users/jaywest/Myeve/node_modules/@novnc/novnc/core/rfb.js
./components/computer-viewer.tsx
./components/computer-workspace.tsx
./app/chat.tsx
⚠ ../../../../../Users/jaywest/Myeve/node_modules/@novnc/novnc/core/util/browser.js
The generated code contains 'async/await' because this module is using "topLevelAwait".
However, your target environment does not appear to support 'async/await'.
As a result, the code may not run as expected or may cause runtime errors.

Import trace for requested module:
../../../../../Users/jaywest/Myeve/node_modules/@novnc/novnc/core/util/browser.js
../../../../../Users/jaywest/Myeve/node_modules/@novnc/novnc/core/rfb.js
./components/computer-viewer.tsx
./components/computer-workspace.tsx
./app/chat.tsx
 GET /api/update-check 200 in 1435ms (next.js: 1394ms, application-code: 41ms)
 GET /api/capabilities 200 in 1437ms (next.js: 1397ms, application-code: 40ms)
[browser] ../../../../../Users/jaywest/Myeve/node_modules/@novnc/novnc/core/util/browser.js
The generated code contains 'async/await' because this module is using "topLevelAwait".
However, your target environment does not appear to support 'async/await'.
As a result, the code may not run as expected or may cause runtime errors.

Import trace for requested module:
../../../../../Users/jaywest/Myeve/node_modules/@novnc/novnc/core/util/browser.js
../../../../../Users/jaywest/Myeve/node_modules/@novnc/novnc/core/rfb.js
./components/computer-viewer.tsx
./components/computer-workspace.tsx
./app/chat.tsx
 GET /api/capabilities 200 in 2.0ms (next.js: 0.5ms, application-code: 1.4ms)
 GET /api/update-check 200 in 1.5ms (next.js: 0.3ms, application-code: 1.2ms)
 GET /api/task-runs?threadId=14cfc284-3419-4b58-92e5-2c0aa90f3b0a 200 in 1446ms (next.js: 1397ms, application-code: 49ms)
 GET /api/task-runs?threadId=14cfc284-3419-4b58-92e5-2c0aa90f3b0a 200 in 1448ms (next.js: 1396ms, application-code: 51ms)
 GET /api/automations 200 in 2.1s (next.js: 2.0s, application-code: 54ms)
 GET /api/review-schedule 200 in 1.5ms (next.js: 0.4ms, application-code: 1.1ms)
 GET /api/review-schedule 200 in 1.9ms (next.js: 0.3ms, application-code: 1.7ms)
 GET /api/automations 200 in 2ms (next.js: 0.3ms, application-code: 2ms)
 PUT /api/threads/14cfc284-3419-4b58-92e5-2c0aa90f3b0a 200 in 1456ms (next.js: 1396ms, application-code: 60ms)
 GET /api/automations 200 in 2ms (next.js: 0.5ms, application-code: 1.8ms)
 GET /api/review-schedule 200 in 3ms (next.js: 0.5ms, application-code: 2ms)
 GET /api/automations 200 in 1.9ms (next.js: 0.3ms, application-code: 1.6ms)
 PUT /api/threads/28d026b0-a23c-4fba-9974-9cdcf7461fea 200 in 3ms (next.js: 0.5ms, application-code: 3ms)
 GET /api/task-runs?threadId=28d026b0-a23c-4fba-9974-9cdcf7461fea 200 in 3ms (next.js: 0.3ms, application-code: 2ms)
 GET /api/task-runs?threadId=28d026b0-a23c-4fba-9974-9cdcf7461fea 200 in 2ms (next.js: 0.6ms, application-code: 1.8ms)
 GET /api/capabilities 200 in 2ms (next.js: 0.5ms, application-code: 1.5ms)
 GET /api/update-check 200 in 1.2ms (next.js: 0.3ms, application-code: 0.9ms)
 GET /api/capabilities 200 in 1.7ms (next.js: 0.3ms, application-code: 1.4ms)
 GET /api/update-check 200 in 1.1ms (next.js: 0.3ms, application-code: 0.7ms)
 GET /api/review-schedule 200 in 3ms (next.js: 0.5ms, application-code: 2ms)
 GET /api/automations 200 in 2ms (next.js: 0.3ms, application-code: 2ms)
 GET /api/review-schedule 200 in 2ms (next.js: 0.5ms, application-code: 1.8ms)
 GET /api/review-schedule 200 in 4ms (next.js: 0.5ms, application-code: 3ms)
 GET /api/automations 200 in 2ms (next.js: 0.3ms, application-code: 2ms)
 PUT /api/threads/8da0b824-5f61-4e06-aef6-98d31c8ebd43 200 in 4ms (next.js: 0.7ms, application-code: 3ms)
 GET /api/task-runs?threadId=8da0b824-5f61-4e06-aef6-98d31c8ebd43 200 in 3ms (next.js: 0.8ms, application-code: 3ms)
 GET /api/task-runs?threadId=8da0b824-5f61-4e06-aef6-98d31c8ebd43 200 in 2ms (next.js: 0.4ms, application-code: 1.9ms)
 GET /api/capabilities 200 in 1.5ms (next.js: 0.3ms, application-code: 1.2ms)
 GET /api/update-check 200 in 1.0ms (next.js: 0.4ms, application-code: 0.7ms)
 GET /api/threads 200 in 11ms (next.js: 5ms, application-code: 5ms)
 GET /api/capabilities 200 in 1.4ms (next.js: 0.3ms, application-code: 1.1ms)
 GET /api/update-check 200 in 0.9ms (next.js: 0.3ms, application-code: 0.6ms)
 GET /api/automations 200 in 3ms (next.js: 0.4ms, application-code: 2ms)
 GET /api/review-schedule 200 in 2ms (next.js: 0.3ms, application-code: 1.8ms)
 PUT /api/threads/67e7f4ff-136e-4812-bf28-2d8081f456cd 200 in 5ms (next.js: 1.6ms, application-code: 3ms)
 GET /api/task-runs?threadId=67e7f4ff-136e-4812-bf28-2d8081f456cd 200 in 3ms (next.js: 0.4ms, application-code: 2ms)
 GET /api/task-runs?threadId=67e7f4ff-136e-4812-bf28-2d8081f456cd 200 in 2ms (next.js: 0.5ms, application-code: 1.5ms)
 GET /api/capabilities 200 in 2ms (next.js: 0.5ms, application-code: 1.5ms)
 GET /api/update-check 200 in 1.3ms (next.js: 0.5ms, application-code: 0.9ms)
 GET /api/capabilities 200 in 1.6ms (next.js: 0.3ms, application-code: 1.3ms)
 GET /api/update-check 200 in 3ms (next.js: 0.4ms, application-code: 2ms)
 GET /api/review-schedule 200 in 2.0ms (next.js: 0.6ms, application-code: 1.4ms)
 GET /api/automations 200 in 3ms (next.js: 0.4ms, application-code: 3ms)
 GET /api/review-schedule 200 in 2ms (next.js: 0.5ms, application-code: 1.6ms)
 PUT /api/threads/e4b17959-be4d-4b38-960e-70a81e78ffbb 200 in 4ms (next.js: 0.7ms, application-code: 3ms)
 GET /api/task-runs?threadId=e4b17959-be4d-4b38-960e-70a81e78ffbb 200 in 2ms (next.js: 0.4ms, application-code: 1.7ms)
 GET /api/task-runs?threadId=e4b17959-be4d-4b38-960e-70a81e78ffbb 200 in 6ms (next.js: 0.3ms, application-code: 6ms)
⚠ ../../../../../Users/jaywest/Myeve/node_modules/@novnc/novnc/core/util/browser.js
The generated code contains 'async/await' because this module is using "topLevelAwait".
However, your target environment does not appear to support 'async/await'.
As a result, the code may not run as expected or may cause runtime errors.

Import trace for requested module:
../../../../../Users/jaywest/Myeve/node_modules/@novnc/novnc/core/util/browser.js
../../../../../Users/jaywest/Myeve/node_modules/@novnc/novnc/core/rfb.js
./components/computer-viewer.tsx
./components/computer-workspace.tsx
./app/chat.tsx
⚠ ../../../../../Users/jaywest/Myeve/node_modules/@novnc/novnc/core/util/browser.js
The generated code contains 'async/await' because this module is using "topLevelAwait".
However, your target environment does not appear to support 'async/await'.
As a result, the code may not run as expected or may cause runtime errors.

Import trace for requested module:
../../../../../Users/jaywest/Myeve/node_modules/@novnc/novnc/core/util/browser.js
../../../../../Users/jaywest/Myeve/node_modules/@novnc/novnc/core/rfb.js
./components/computer-viewer.tsx
./components/computer-workspace.tsx
./app/chat.tsx
[browser] ../../../../../Users/jaywest/Myeve/node_modules/@novnc/novnc/core/util/browser.js
The generated code contains 'async/await' because this module is using "topLevelAwait".
However, your target environment does not appear to support 'async/await'.
As a result, the code may not run as expected or may cause runtime errors.

Import trace for requested module:
../../../../../Users/jaywest/Myeve/node_modules/@novnc/novnc/core/util/browser.js
../../../../../Users/jaywest/Myeve/node_modules/@novnc/novnc/core/rfb.js
./components/computer-viewer.tsx
./components/computer-workspace.tsx
./app/chat.tsx
 GET /api/routines 200 in 1151ms (next.js: 1115ms, application-code: 36ms)
 GET /api/task-runs?threadId=e4b17959-be4d-4b38-960e-70a81e78ffbb 200 in 9ms (next.js: 4ms, application-code: 5ms)
 GET /api/task-runs?threadId=e4b17959-be4d-4b38-960e-70a81e78ffbb 200 in 6ms (next.js: 1.6ms, application-code: 4ms)
 GET /api/task-runs?threadId=e4b17959-be4d-4b38-960e-70a81e78ffbb 200 in 4ms (next.js: 1.7ms, application-code: 3ms)
 GET /api/task-runs?threadId=e4b17959-be4d-4b38-960e-70a81e78ffbb 200 in 5ms (next.js: 1.4ms, application-code: 4ms)
 GET /api/task-runs?threadId=e4b17959-be4d-4b38-960e-70a81e78ffbb 200 in 19ms (next.js: 2ms, application-code: 17ms)
 GET /api/threads 200 in 18ms (next.js: 9ms, application-code: 9ms)
 GET /api/task-runs?threadId=e4b17959-be4d-4b38-960e-70a81e78ffbb 200 in 6ms (next.js: 1.7ms, application-code: 4ms)
 GET /api/task-runs?threadId=e4b17959-be4d-4b38-960e-70a81e78ffbb 200 in 6ms (next.js: 1.7ms, application-code: 4ms)
 GET /api/task-runs?threadId=e4b17959-be4d-4b38-960e-70a81e78ffbb 200 in 5ms (next.js: 1.2ms, application-code: 4ms)
 GET /api/task-runs?threadId=e4b17959-be4d-4b38-960e-70a81e78ffbb 200 in 4ms (next.js: 0.8ms, application-code: 3ms)
 GET /api/task-runs?threadId=e4b17959-be4d-4b38-960e-70a81e78ffbb 200 in 10ms (next.js: 0.8ms, application-code: 9ms)
 GET /api/task-runs?threadId=e4b17959-be4d-4b38-960e-70a81e78ffbb 200 in 6ms (next.js: 1.0ms, application-code: 5ms)
⚠ ../../../../../Users/jaywest/Myeve/node_modules/@novnc/novnc/core/util/browser.js
The generated code contains 'async/await' because this module is using "topLevelAwait".
However, your target environment does not appear to support 'async/await'.
As a result, the code may not run as expected or may cause runtime errors.

Import trace for requested module:
../../../../../Users/jaywest/Myeve/node_modules/@novnc/novnc/core/util/browser.js
../../../../../Users/jaywest/Myeve/node_modules/@novnc/novnc/core/rfb.js
./components/computer-viewer.tsx
./components/computer-workspace.tsx
./app/chat.tsx
[browser] ../../../../../Users/jaywest/Myeve/node_modules/@novnc/novnc/core/util/browser.js
The generated code contains 'async/await' because this module is using "topLevelAwait".
However, your target environment does not appear to support 'async/await'.
As a result, the code may not run as expected or may cause runtime errors.

Import trace for requested module:
../../../../../Users/jaywest/Myeve/node_modules/@novnc/novnc/core/util/browser.js
../../../../../Users/jaywest/Myeve/node_modules/@novnc/novnc/core/rfb.js
./components/computer-viewer.tsx
./components/computer-workspace.tsx
./app/chat.tsx
⚠ ../../../../../Users/jaywest/Myeve/node_modules/@novnc/novnc/core/util/browser.js
The generated code contains 'async/await' because this module is using "topLevelAwait".
However, your target environment does not appear to support 'async/await'.
As a result, the code may not run as expected or may cause runtime errors.

Import trace for requested module:
../../../../../Users/jaywest/Myeve/node_modules/@novnc/novnc/core/util/browser.js
../../../../../Users/jaywest/Myeve/node_modules/@novnc/novnc/core/rfb.js
./components/computer-viewer.tsx
./components/computer-workspace.tsx
./app/chat.tsx
[browser] ../../../../../Users/jaywest/Myeve/node_modules/@novnc/novnc/core/util/browser.js
The generated code contains 'async/await' because this module is using "topLevelAwait".
However, your target environment does not appear to support 'async/await'.
As a result, the code may not run as expected or may cause runtime errors.

Import trace for requested module:
../../../../../Users/jaywest/Myeve/node_modules/@novnc/novnc/core/util/browser.js
../../../../../Users/jaywest/Myeve/node_modules/@novnc/novnc/core/rfb.js
./components/computer-viewer.tsx
./components/computer-workspace.tsx
./app/chat.tsx
 GET /api/goals 200 in 2.4s (next.js: 2.4s, application-code: 26ms)
 GET /api/goals 200 in 3ms (next.js: 0.5ms, application-code: 3ms)
 GET /api/goals/focus 200 in 2.4s (next.js: 2.4s, application-code: 32ms)
 GET /api/goals/focus 200 in 6ms (next.js: 0.5ms, application-code: 6ms)
⚠ ../../../../../Users/jaywest/Myeve/node_modules/@novnc/novnc/core/util/browser.js
The generated code contains 'async/await' because this module is using "topLevelAwait".
However, your target environment does not appear to support 'async/await'.
As a result, the code may not run as expected or may cause runtime errors.

Import trace for requested module:
../../../../../Users/jaywest/Myeve/node_modules/@novnc/novnc/core/util/browser.js
../../../../../Users/jaywest/Myeve/node_modules/@novnc/novnc/core/rfb.js
./components/computer-viewer.tsx
./components/computer-workspace.tsx
./app/chat.tsx
⚠ ../../../../../Users/jaywest/Myeve/node_modules/@novnc/novnc/core/util/browser.js
The generated code contains 'async/await' because this module is using "topLevelAwait".
However, your target environment does not appear to support 'async/await'.
As a result, the code may not run as expected or may cause runtime errors.

Import trace for requested module:
../../../../../Users/jaywest/Myeve/node_modules/@novnc/novnc/core/util/browser.js
../../../../../Users/jaywest/Myeve/node_modules/@novnc/novnc/core/rfb.js
./components/computer-viewer.tsx
./components/computer-workspace.tsx
./app/chat.tsx
[browser] ../../../../../Users/jaywest/Myeve/node_modules/@novnc/novnc/core/util/browser.js
The generated code contains 'async/await' because this module is using "topLevelAwait".
However, your target environment does not appear to support 'async/await'.
As a result, the code may not run as expected or may cause runtime errors.

Import trace for requested module:
../../../../../Users/jaywest/Myeve/node_modules/@novnc/novnc/core/util/browser.js
../../../../../Users/jaywest/Myeve/node_modules/@novnc/novnc/core/rfb.js
./components/computer-viewer.tsx
./components/computer-workspace.tsx
./app/chat.tsx
 GET /api/goals/goal_b96e7077-00db-43dd-913c-372f69f9301e 200 in 461ms (next.js: 440ms, application-code: 21ms)
 GET /api/threads 200 in 25ms (next.js: 10ms, application-code: 14ms)
 POST /api/goals 201 in 17ms (next.js: 1.6ms, application-code: 16ms)
 GET /api/goals 200 in 6ms (next.js: 0.4ms, application-code: 5ms)
 GET /api/goals/focus 200 in 14ms (next.js: 1.9ms, application-code: 12ms)
 GET /api/goals/goal_bfd03b68-070e-4e24-9bdb-99310f8f12c7 200 in 7ms (next.js: 1.4ms, application-code: 5ms)
 GET /api/threads 200 in 10ms (next.js: 1.4ms, application-code: 9ms)
⚠ ../../../../../Users/jaywest/Myeve/node_modules/@novnc/novnc/core/util/browser.js
The generated code contains 'async/await' because this module is using "topLevelAwait".
However, your target environment does not appear to support 'async/await'.
As a result, the code may not run as expected or may cause runtime errors.

Import trace for requested module:
../../../../../Users/jaywest/Myeve/node_modules/@novnc/novnc/core/util/browser.js
../../../../../Users/jaywest/Myeve/node_modules/@novnc/novnc/core/rfb.js
./components/computer-viewer.tsx
./components/computer-workspace.tsx
./app/chat.tsx
⚠ ../../../../../Users/jaywest/Myeve/node_modules/@novnc/novnc/core/util/browser.js
The generated code contains 'async/await' because this module is using "topLevelAwait".
However, your target environment does not appear to support 'async/await'.
As a result, the code may not run as expected or may cause runtime errors.

Import trace for requested module:
../../../../../Users/jaywest/Myeve/node_modules/@novnc/novnc/core/util/browser.js
../../../../../Users/jaywest/Myeve/node_modules/@novnc/novnc/core/rfb.js
./components/computer-viewer.tsx
./components/computer-workspace.tsx
./app/chat.tsx
[browser] ../../../../../Users/jaywest/Myeve/node_modules/@novnc/novnc/core/util/browser.js
The generated code contains 'async/await' because this module is using "topLevelAwait".
However, your target environment does not appear to support 'async/await'.
As a result, the code may not run as expected or may cause runtime errors.

Import trace for requested module:
../../../../../Users/jaywest/Myeve/node_modules/@novnc/novnc/core/util/browser.js
../../../../../Users/jaywest/Myeve/node_modules/@novnc/novnc/core/rfb.js
./components/computer-viewer.tsx
./components/computer-workspace.tsx
./app/chat.tsx
 GET /api/knowledge?type=decision 200 in 2.3s (next.js: 2.2s, application-code: 16ms)
⚠ ../../../../../Users/jaywest/Myeve/node_modules/@novnc/novnc/core/util/browser.js
The generated code contains 'async/await' because this module is using "topLevelAwait".
However, your target environment does not appear to support 'async/await'.
As a result, the code may not run as expected or may cause runtime errors.

Import trace for requested module:
../../../../../Users/jaywest/Myeve/node_modules/@novnc/novnc/core/util/browser.js
../../../../../Users/jaywest/Myeve/node_modules/@novnc/novnc/core/rfb.js
./components/computer-viewer.tsx
./components/computer-workspace.tsx
./app/chat.tsx
⚠ ../../../../../Users/jaywest/Myeve/node_modules/@novnc/novnc/core/util/browser.js
The generated code contains 'async/await' because this module is using "topLevelAwait".
However, your target environment does not appear to support 'async/await'.
As a result, the code may not run as expected or may cause runtime errors.

Import trace for requested module:
../../../../../Users/jaywest/Myeve/node_modules/@novnc/novnc/core/util/browser.js
../../../../../Users/jaywest/Myeve/node_modules/@novnc/novnc/core/rfb.js
./components/computer-viewer.tsx
./components/computer-workspace.tsx
./app/chat.tsx
[browser] ../../../../../Users/jaywest/Myeve/node_modules/@novnc/novnc/core/util/browser.js
The generated code contains 'async/await' because this module is using "topLevelAwait".
However, your target environment does not appear to support 'async/await'.
As a result, the code may not run as expected or may cause runtime errors.

Import trace for requested module:
../../../../../Users/jaywest/Myeve/node_modules/@novnc/novnc/core/util/browser.js
../../../../../Users/jaywest/Myeve/node_modules/@novnc/novnc/core/rfb.js
./components/computer-viewer.tsx
./components/computer-workspace.tsx
./app/chat.tsx
 GET /api/knowledge/knowledge_dd5729ca-a57e-405e-9f89-df668748aed7 200 in 479ms (next.js: 466ms, application-code: 14ms)
⚠ ../../../../../Users/jaywest/Myeve/node_modules/@novnc/novnc/core/util/browser.js
The generated code contains 'async/await' because this module is using "topLevelAwait".
However, your target environment does not appear to support 'async/await'.
As a result, the code may not run as expected or may cause runtime errors.

Import trace for requested module:
../../../../../Users/jaywest/Myeve/node_modules/@novnc/novnc/core/util/browser.js
../../../../../Users/jaywest/Myeve/node_modules/@novnc/novnc/core/rfb.js
./components/computer-viewer.tsx
./components/computer-workspace.tsx
./app/chat.tsx
⚠ ../../../../../Users/jaywest/Myeve/node_modules/@novnc/novnc/core/util/browser.js
The generated code contains 'async/await' because this module is using "topLevelAwait".
However, your target environment does not appear to support 'async/await'.
As a result, the code may not run as expected or may cause runtime errors.

Import trace for requested module:
../../../../../Users/jaywest/Myeve/node_modules/@novnc/novnc/core/util/browser.js
../../../../../Users/jaywest/Myeve/node_modules/@novnc/novnc/core/rfb.js
./components/computer-viewer.tsx
./components/computer-workspace.tsx
./app/chat.tsx
[browser] ../../../../../Users/jaywest/Myeve/node_modules/@novnc/novnc/core/util/browser.js
The generated code contains 'async/await' because this module is using "topLevelAwait".
However, your target environment does not appear to support 'async/await'.
As a result, the code may not run as expected or may cause runtime errors.

Import trace for requested module:
../../../../../Users/jaywest/Myeve/node_modules/@novnc/novnc/core/util/browser.js
../../../../../Users/jaywest/Myeve/node_modules/@novnc/novnc/core/rfb.js
./components/computer-viewer.tsx
./components/computer-workspace.tsx
./app/chat.tsx
 GET /api/outcomes?limit=100 200 in 992ms (next.js: 976ms, application-code: 16ms)
 GET /api/outcomes?limit=100 200 in 1001ms (next.js: 982ms, application-code: 19ms)
⚠ ../../../../../Users/jaywest/Myeve/node_modules/@novnc/novnc/core/util/browser.js
The generated code contains 'async/await' because this module is using "topLevelAwait".
However, your target environment does not appear to support 'async/await'.
As a result, the code may not run as expected or may cause runtime errors.

Import trace for requested module:
../../../../../Users/jaywest/Myeve/node_modules/@novnc/novnc/core/util/browser.js
../../../../../Users/jaywest/Myeve/node_modules/@novnc/novnc/core/rfb.js
./components/computer-viewer.tsx
./components/computer-workspace.tsx
./app/chat.tsx
[browser] ../../../../../Users/jaywest/Myeve/node_modules/@novnc/novnc/core/util/browser.js
The generated code contains 'async/await' because this module is using "topLevelAwait".
However, your target environment does not appear to support 'async/await'.
As a result, the code may not run as expected or may cause runtime errors.

Import trace for requested module:
../../../../../Users/jaywest/Myeve/node_modules/@novnc/novnc/core/util/browser.js
../../../../../Users/jaywest/Myeve/node_modules/@novnc/novnc/core/rfb.js
./components/computer-viewer.tsx
./components/computer-workspace.tsx
./app/chat.tsx
⚠ ../../../../../Users/jaywest/Myeve/node_modules/@novnc/novnc/core/util/browser.js
The generated code contains 'async/await' because this module is using "topLevelAwait".
However, your target environment does not appear to support 'async/await'.
As a result, the code may not run as expected or may cause runtime errors.

Import trace for requested module:
../../../../../Users/jaywest/Myeve/node_modules/@novnc/novnc/core/util/browser.js
../../../../../Users/jaywest/Myeve/node_modules/@novnc/novnc/core/rfb.js
./components/computer-viewer.tsx
./components/computer-workspace.tsx
./app/chat.tsx
 GET /api/capabilities 200 in 1960ms (next.js: 1946ms, application-code: 14ms)
[browser] ../../../../../Users/jaywest/Myeve/node_modules/@novnc/novnc/core/util/browser.js
The generated code contains 'async/await' because this module is using "topLevelAwait".
However, your target environment does not appear to support 'async/await'.
As a result, the code may not run as expected or may cause runtime errors.

Import trace for requested module:
../../../../../Users/jaywest/Myeve/node_modules/@novnc/novnc/core/util/browser.js
../../../../../Users/jaywest/Myeve/node_modules/@novnc/novnc/core/rfb.js
./components/computer-viewer.tsx
./components/computer-workspace.tsx
./app/chat.tsx
 GET /api/capabilities 200 in 2ms (next.js: 0.5ms, application-code: 1.6ms)
 GET /api/agents 200 in 1977ms (next.js: 1952ms, application-code: 25ms)
 GET /api/agents 200 in 4ms (next.js: 0.5ms, application-code: 3ms)
⚠ ../../../../../Users/jaywest/Myeve/node_modules/@novnc/novnc/core/util/browser.js
The generated code contains 'async/await' because this module is using "topLevelAwait".
However, your target environment does not appear to support 'async/await'.
As a result, the code may not run as expected or may cause runtime errors.

Import trace for requested module:
../../../../../Users/jaywest/Myeve/node_modules/@novnc/novnc/core/util/browser.js
../../../../../Users/jaywest/Myeve/node_modules/@novnc/novnc/core/rfb.js
./components/computer-viewer.tsx
./components/computer-workspace.tsx
./app/chat.tsx
[browser] ../../../../../Users/jaywest/Myeve/node_modules/@novnc/novnc/core/util/browser.js
The generated code contains 'async/await' because this module is using "topLevelAwait".
However, your target environment does not appear to support 'async/await'.
As a result, the code may not run as expected or may cause runtime errors.

Import trace for requested module:
../../../../../Users/jaywest/Myeve/node_modules/@novnc/novnc/core/util/browser.js
../../../../../Users/jaywest/Myeve/node_modules/@novnc/novnc/core/rfb.js
./components/computer-viewer.tsx
./components/computer-workspace.tsx
./app/chat.tsx
⚠ ../../../../../Users/jaywest/Myeve/node_modules/@novnc/novnc/core/util/browser.js
The generated code contains 'async/await' because this module is using "topLevelAwait".
However, your target environment does not appear to support 'async/await'.
As a result, the code may not run as expected or may cause runtime errors.

Import trace for requested module:
../../../../../Users/jaywest/Myeve/node_modules/@novnc/novnc/core/util/browser.js
../../../../../Users/jaywest/Myeve/node_modules/@novnc/novnc/core/rfb.js
./components/computer-viewer.tsx
./components/computer-workspace.tsx
./app/chat.tsx
[browser] ../../../../../Users/jaywest/Myeve/node_modules/@novnc/novnc/core/util/browser.js
The generated code contains 'async/await' because this module is using "topLevelAwait".
However, your target environment does not appear to support 'async/await'.
As a result, the code may not run as expected or may cause runtime errors.

Import trace for requested module:
../../../../../Users/jaywest/Myeve/node_modules/@novnc/novnc/core/util/browser.js
../../../../../Users/jaywest/Myeve/node_modules/@novnc/novnc/core/rfb.js
./components/computer-viewer.tsx
./components/computer-workspace.tsx
./app/chat.tsx
 GET /api/outcomes?limit=20 200 in 1503ms (next.js: 1456ms, application-code: 47ms)
 GET /api/reviews?kind=daily 200 in 1514ms (next.js: 1463ms, application-code: 51ms)
 GET /api/outcomes?limit=20 200 in 3ms (next.js: 0.7ms, application-code: 2ms)
 GET /api/reviews?kind=daily 200 in 4ms (next.js: 0.6ms, application-code: 4ms)
⚠ ../../../../../Users/jaywest/Myeve/node_modules/@novnc/novnc/core/util/browser.js
The generated code contains 'async/await' because this module is using "topLevelAwait".
However, your target environment does not appear to support 'async/await'.
As a result, the code may not run as expected or may cause runtime errors.

Import trace for requested module:
../../../../../Users/jaywest/Myeve/node_modules/@novnc/novnc/core/util/browser.js
../../../../../Users/jaywest/Myeve/node_modules/@novnc/novnc/core/rfb.js
./components/computer-viewer.tsx
./components/computer-workspace.tsx
./app/chat.tsx
⚠ ../../../../../Users/jaywest/Myeve/node_modules/@novnc/novnc/core/util/browser.js
The generated code contains 'async/await' because this module is using "topLevelAwait".
However, your target environment does not appear to support 'async/await'.
As a result, the code may not run as expected or may cause runtime errors.

Import trace for requested module:
../../../../../Users/jaywest/Myeve/node_modules/@novnc/novnc/core/util/browser.js
../../../../../Users/jaywest/Myeve/node_modules/@novnc/novnc/core/rfb.js
./components/computer-viewer.tsx
./components/computer-workspace.tsx
./app/chat.tsx
[browser] ../../../../../Users/jaywest/Myeve/node_modules/@novnc/novnc/core/util/browser.js
The generated code contains 'async/await' because this module is using "topLevelAwait".
However, your target environment does not appear to support 'async/await'.
As a result, the code may not run as expected or may cause runtime errors.

Import trace for requested module:
../../../../../Users/jaywest/Myeve/node_modules/@novnc/novnc/core/util/browser.js
../../../../../Users/jaywest/Myeve/node_modules/@novnc/novnc/core/rfb.js
./components/computer-viewer.tsx
./components/computer-workspace.tsx
./app/chat.tsx
 GET /files 200 in 241ms (next.js: 175ms, proxy.ts: 37ms, application-code: 28ms)
 GET /api/files 200 in 3.1s (next.js: 2.2s, application-code: 915ms)
 GET /api/files 200 in 3ms (next.js: 0.7ms, application-code: 2ms)
 GET /api/threads 200 in 31ms (next.js: 8ms, application-code: 23ms)
 GET /api/threads 200 in 9ms (next.js: 1.3ms, application-code: 8ms)
⚠ ../../../../../Users/jaywest/Myeve/node_modules/@novnc/novnc/core/util/browser.js
The generated code contains 'async/await' because this module is using "topLevelAwait".
However, your target environment does not appear to support 'async/await'.
As a result, the code may not run as expected or may cause runtime errors.

Import trace for requested module:
../../../../../Users/jaywest/Myeve/node_modules/@novnc/novnc/core/util/browser.js
../../../../../Users/jaywest/Myeve/node_modules/@novnc/novnc/core/rfb.js
./components/computer-viewer.tsx
./components/computer-workspace.tsx
./app/chat.tsx
[browser] ../../../../../Users/jaywest/Myeve/node_modules/@novnc/novnc/core/util/browser.js
The generated code contains 'async/await' because this module is using "topLevelAwait".
However, your target environment does not appear to support 'async/await'.
As a result, the code may not run as expected or may cause runtime errors.

Import trace for requested module:
../../../../../Users/jaywest/Myeve/node_modules/@novnc/novnc/core/util/browser.js
../../../../../Users/jaywest/Myeve/node_modules/@novnc/novnc/core/rfb.js
./components/computer-viewer.tsx
./components/computer-workspace.tsx
./app/chat.tsx
⚠ ../../../../../Users/jaywest/Myeve/node_modules/@novnc/novnc/core/util/browser.js
The generated code contains 'async/await' because this module is using "topLevelAwait".
However, your target environment does not appear to support 'async/await'.
As a result, the code may not run as expected or may cause runtime errors.

Import trace for requested module:
../../../../../Users/jaywest/Myeve/node_modules/@novnc/novnc/core/util/browser.js
../../../../../Users/jaywest/Myeve/node_modules/@novnc/novnc/core/rfb.js
./components/computer-viewer.tsx
./components/computer-workspace.tsx
./app/chat.tsx
 GET /api/update-check 200 in 2.9s (next.js: 2.3s, application-code: 579ms)
 GET /api/capabilities 200 in 2.9s (next.js: 2.3s, application-code: 589ms)
[browser] ../../../../../Users/jaywest/Myeve/node_modules/@novnc/novnc/core/util/browser.js
The generated code contains 'async/await' because this module is using "topLevelAwait".
However, your target environment does not appear to support 'async/await'.
As a result, the code may not run as expected or may cause runtime errors.

Import trace for requested module:
../../../../../Users/jaywest/Myeve/node_modules/@novnc/novnc/core/util/browser.js
../../../../../Users/jaywest/Myeve/node_modules/@novnc/novnc/core/rfb.js
./components/computer-viewer.tsx
./components/computer-workspace.tsx
./app/chat.tsx
 GET /api/capabilities 200 in 2ms (next.js: 0.7ms, application-code: 1.7ms)
 GET /api/channels 200 in 4.0s (next.js: 3.2s, application-code: 815ms)
 GET /api/computer-sessions 200 in 5.5s (next.js: 4.6s, application-code: 820ms)
 GET /api/update-check 200 in 3ms (next.js: 0.5ms, application-code: 2ms)
 GET /api/computer-sessions 200 in 5.5s (next.js: 4.6s, application-code: 824ms)
⚠ ../../../../../Users/jaywest/Myeve/node_modules/@novnc/novnc/core/util/browser.js
The generated code contains 'async/await' because this module is using "topLevelAwait".
However, your target environment does not appear to support 'async/await'.
As a result, the code may not run as expected or may cause runtime errors.

Import trace for requested module:
../../../../../Users/jaywest/Myeve/node_modules/@novnc/novnc/core/util/browser.js
../../../../../Users/jaywest/Myeve/node_modules/@novnc/novnc/core/rfb.js
./components/computer-viewer.tsx
./components/computer-workspace.tsx
./app/chat.tsx
 GET /api/computer 200 in 5.5s (next.js: 4.7s, application-code: 855ms)
[browser] ../../../../../Users/jaywest/Myeve/node_modules/@novnc/novnc/core/util/browser.js
The generated code contains 'async/await' because this module is using "topLevelAwait".
However, your target environment does not appear to support 'async/await'.
As a result, the code may not run as expected or may cause runtime errors.

Import trace for requested module:
../../../../../Users/jaywest/Myeve/node_modules/@novnc/novnc/core/util/browser.js
../../../../../Users/jaywest/Myeve/node_modules/@novnc/novnc/core/rfb.js
./components/computer-viewer.tsx
./components/computer-workspace.tsx
./app/chat.tsx
⚠ ../../../../../Users/jaywest/Myeve/node_modules/@novnc/novnc/core/util/browser.js
The generated code contains 'async/await' because this module is using "topLevelAwait".
However, your target environment does not appear to support 'async/await'.
As a result, the code may not run as expected or may cause runtime errors.

Import trace for requested module:
../../../../../Users/jaywest/Myeve/node_modules/@novnc/novnc/core/util/browser.js
../../../../../Users/jaywest/Myeve/node_modules/@novnc/novnc/core/rfb.js
./components/computer-viewer.tsx
./components/computer-workspace.tsx
./app/chat.tsx
[browser] ../../../../../Users/jaywest/Myeve/node_modules/@novnc/novnc/core/util/browser.js
The generated code contains 'async/await' because this module is using "topLevelAwait".
However, your target environment does not appear to support 'async/await'.
As a result, the code may not run as expected or may cause runtime errors.

Import trace for requested module:
../../../../../Users/jaywest/Myeve/node_modules/@novnc/novnc/core/util/browser.js
../../../../../Users/jaywest/Myeve/node_modules/@novnc/novnc/core/rfb.js
./components/computer-viewer.tsx
./components/computer-workspace.tsx
./app/chat.tsx
 GET /api/channels 200 in 2.1s (next.js: 1422ms, application-code: 677ms)
 GET /api/review-schedule 200 in 2.1s (next.js: 1424ms, application-code: 681ms)
 GET /api/automations 200 in 2.1s (next.js: 1428ms, application-code: 682ms)
 GET /api/automations 200 in 12ms (next.js: 0.3ms, application-code: 11ms)
 GET /manage 200 in 2.3s (next.js: 1650ms, proxy.ts: 177ms, application-code: 482ms)
 GET /manage 200 in 33ms (next.js: 5ms, proxy.ts: 6ms, application-code: 22ms)
 GET /api/computer 200 in 2.1s (next.js: 1399ms, application-code: 718ms)
 GET /manage 200 in 19ms (next.js: 2ms, proxy.ts: 3ms, application-code: 15ms)
 GET /manage 200 in 1196ms (next.js: 0.8ms, proxy.ts: 3ms, application-code: 1192ms)
[browser] ../../../../../Users/jaywest/Myeve/node_modules/@novnc/novnc/core/util/browser.js
The generated code contains 'async/await' because this module is using "topLevelAwait".
However, your target environment does not appear to support 'async/await'.
As a result, the code may not run as expected or may cause runtime errors.
 GET /api/capabilities 200 in 4ms (next.js: 2ms, application-code: 2ms)
 GET /api/update-check 200 in 2ms (next.js: 1.0ms, application-code: 1.3ms)
⚠ ../../../../../Users/jaywest/Myeve/node_modules/@novnc/novnc/core/util/browser.js
The generated code contains 'async/await' because this module is using "topLevelAwait".
However, your target environment does not appear to support 'async/await'.
As a result, the code may not run as expected or may cause runtime errors.

Import trace for requested module:
../../../../../Users/jaywest/Myeve/node_modules/@novnc/novnc/core/util/browser.js
../../../../../Users/jaywest/Myeve/node_modules/@novnc/novnc/core/rfb.js
./components/computer-viewer.tsx
./components/computer-workspace.tsx
./app/chat.tsx
[browser] ../../../../../Users/jaywest/Myeve/node_modules/@novnc/novnc/core/util/browser.js
The generated code contains 'async/await' because this module is using "topLevelAwait".
However, your target environment does not appear to support 'async/await'.
As a result, the code may not run as expected or may cause runtime errors.

Import trace for requested module:
../../../../../Users/jaywest/Myeve/node_modules/@novnc/novnc/core/util/browser.js
../../../../../Users/jaywest/Myeve/node_modules/@novnc/novnc/core/rfb.js
./components/computer-viewer.tsx
./components/computer-workspace.tsx
./app/chat.tsx
⚠ ../../../../../Users/jaywest/Myeve/node_modules/@novnc/novnc/core/util/browser.js
The generated code contains 'async/await' because this module is using "topLevelAwait".
However, your target environment does not appear to support 'async/await'.
As a result, the code may not run as expected or may cause runtime errors.

Import trace for requested module:
../../../../../Users/jaywest/Myeve/node_modules/@novnc/novnc/core/util/browser.js
../../../../../Users/jaywest/Myeve/node_modules/@novnc/novnc/core/rfb.js
./components/computer-viewer.tsx
./components/computer-workspace.tsx
./app/chat.tsx
Model catalog failed Error [GatewayAuthenticationError]: AI Gateway authentication failed: No authentication provided.

Option 1 - API key:
Create an API key: https://vercel.com/d?to=%2F%5Bteam%5D%2F%7E%2Fai%2Fapi-keys
Provide via 'apiKey' option or 'AI_GATEWAY_API_KEY' environment variable.

Option 2 - Vercel access token:
Pass a Vercel personal access token or Vercel app access token via the 'apiKey' option.

Option 3 - OIDC token:
Run 'npx vercel link' to link your project, then 'vc env pull' to fetch the token.
    at async GET (app/api/models/route.ts:11:24)
   9 |
  10 |   try {
> 11 |     const { models } = await gateway.getAvailableModels();
     |                        ^
  12 |     const language = models
  13 |       .filter((model) => (model.modelType ?? "language") === "language")
  14 |       .map((model) => ({ {
  statusCode: 401,
  generationId: undefined,
  isRetryable: false,
  type: 'authentication_error',
  [cause]: Error [VercelOidcTokenError]: The 'x-vercel-oidc-token' header is missing from the request. Do you have the OIDC option enabled in the Vercel project settings?
  Unable to find project root directory. Have you linked your project with `vc link?`
      at async GET (app/api/models/route.ts:11:24)
     9 |
    10 |   try {
  > 11 |     const { models } = await gateway.getAvailableModels();
       |                        ^
    12 |     const language = models
    13 |       .filter((model) => (model.modelType ?? "language") === "language")
    14 |       .map((model) => ({ {
    cause: undefined
  }
}
 GET /api/update-check 200 in 4.4s (next.js: 4.3s, application-code: 138ms)
 GET /api/commands 200 in 4.5s (next.js: 4.4s, application-code: 138ms)
 GET /api/models 503 in 4.5s (next.js: 4.4s, application-code: 138ms)
 GET /api/capabilities 200 in 4.5s (next.js: 4.4s, application-code: 139ms)
[browser] ../../../../../Users/jaywest/Myeve/node_modules/@novnc/novnc/core/util/browser.js
The generated code contains 'async/await' because this module is using "topLevelAwait".
However, your target environment does not appear to support 'async/await'.
As a result, the code may not run as expected or may cause runtime errors.

Import trace for requested module:
../../../../../Users/jaywest/Myeve/node_modules/@novnc/novnc/core/util/browser.js
../../../../../Users/jaywest/Myeve/node_modules/@novnc/novnc/core/rfb.js
./components/computer-viewer.tsx
./components/computer-workspace.tsx
./app/chat.tsx
 GET /api/review-schedule 200 in 20ms (next.js: 4ms, application-code: 16ms)
 GET /api/agents 200 in 4.5s (next.js: 4.4s, application-code: 181ms)
 GET /api/capabilities 200 in 2ms (next.js: 0.7ms, application-code: 1.7ms)
 GET /api/threads 200 in 4.5s (next.js: 4.4s, application-code: 193ms)
 GET /api/automations 200 in 51ms (next.js: 1.9ms, application-code: 49ms)
 GET /api/commands 200 in 2ms (next.js: 0.7ms, application-code: 1.3ms)
Model catalog failed Error [GatewayAuthenticationError]: AI Gateway authentication failed: No authentication provided.

Option 1 - API key:
Create an API key: https://vercel.com/d?to=%2F%5Bteam%5D%2F%7E%2Fai%2Fapi-keys
Provide via 'apiKey' option or 'AI_GATEWAY_API_KEY' environment variable.

Option 2 - Vercel access token:
Pass a Vercel personal access token or Vercel app access token via the 'apiKey' option.

Option 3 - OIDC token:
Run 'npx vercel link' to link your project, then 'vc env pull' to fetch the token.
    at async GET (app/api/models/route.ts:11:24)
   9 |
  10 |   try {
> 11 |     const { models } = await gateway.getAvailableModels();
     |                        ^
  12 |     const language = models
  13 |       .filter((model) => (model.modelType ?? "language") === "language")
  14 |       .map((model) => ({ {
  statusCode: 401,
  generationId: undefined,
  isRetryable: false,
  type: 'authentication_error',
  [cause]: Error [VercelOidcTokenError]: The 'x-vercel-oidc-token' header is missing from the request. Do you have the OIDC option enabled in the Vercel project settings?
  Unable to find project root directory. Have you linked your project with `vc link?`
      at async GET (app/api/models/route.ts:11:24)
     9 |
    10 |   try {
  > 11 |     const { models } = await gateway.getAvailableModels();
       |                        ^
    12 |     const language = models
    13 |       .filter((model) => (model.modelType ?? "language") === "language")
    14 |       .map((model) => ({ {
    cause: undefined
  }
}
 GET /api/models 503 in 2ms (next.js: 0.3ms, application-code: 1.8ms)
 GET /api/review-schedule 200 in 4ms (next.js: 0.4ms, application-code: 3ms)
 GET /api/threads 200 in 3ms (next.js: 0.4ms, application-code: 2ms)
 GET /api/automations 200 in 2ms (next.js: 0.3ms, application-code: 2ms)
 GET /manage 200 in 133ms (next.js: 58ms, proxy.ts: 42ms, application-code: 33ms)
 GET /api/agents 200 in 8ms (next.js: 0.3ms, application-code: 7ms)
 GET /api/threads 200 in 10ms (next.js: 1.4ms, application-code: 9ms)
 GET /api/review-schedule 200 in 6ms (next.js: 0.8ms, application-code: 5ms)
 GET /api/review-schedule 200 in 7ms (next.js: 0.6ms, application-code: 6ms)
 GET /api/review-schedule 200 in 6ms (next.js: 0.6ms, application-code: 6ms)
 GET /api/review-schedule 200 in 3ms (next.js: 0.6ms, application-code: 3ms)
⚠ ../../../../../Users/jaywest/Myeve/node_modules/@novnc/novnc/core/util/browser.js
The generated code contains 'async/await' because this module is using "topLevelAwait".
However, your target environment does not appear to support 'async/await'.
As a result, the code may not run as expected or may cause runtime errors.

Import trace for requested module:
../../../../../Users/jaywest/Myeve/node_modules/@novnc/novnc/core/util/browser.js
../../../../../Users/jaywest/Myeve/node_modules/@novnc/novnc/core/rfb.js
./components/computer-viewer.tsx
./components/computer-workspace.tsx
./app/chat.tsx
[browser] ../../../../../Users/jaywest/Myeve/node_modules/@novnc/novnc/core/util/browser.js
The generated code contains 'async/await' because this module is using "topLevelAwait".
However, your target environment does not appear to support 'async/await'.
As a result, the code may not run as expected or may cause runtime errors.

Import trace for requested module:
../../../../../Users/jaywest/Myeve/node_modules/@novnc/novnc/core/util/browser.js
../../../../../Users/jaywest/Myeve/node_modules/@novnc/novnc/core/rfb.js
./components/computer-viewer.tsx
./components/computer-workspace.tsx
./app/chat.tsx
⚠ ../../../../../Users/jaywest/Myeve/node_modules/@novnc/novnc/core/util/browser.js
The generated code contains 'async/await' because this module is using "topLevelAwait".
However, your target environment does not appear to support 'async/await'.
As a result, the code may not run as expected or may cause runtime errors.

Import trace for requested module:
../../../../../Users/jaywest/Myeve/node_modules/@novnc/novnc/core/util/browser.js
../../../../../Users/jaywest/Myeve/node_modules/@novnc/novnc/core/rfb.js
./components/computer-viewer.tsx
./components/computer-workspace.tsx
./app/chat.tsx
 GET /api/capabilities 200 in 4.5s (next.js: 4.3s, application-code: 161ms)
 GET /api/capabilities 200 in 4.5s (next.js: 4.3s, application-code: 161ms)
[browser] ../../../../../Users/jaywest/Myeve/node_modules/@novnc/novnc/core/util/browser.js
The generated code contains 'async/await' because this module is using "topLevelAwait".
However, your target environment does not appear to support 'async/await'.
As a result, the code may not run as expected or may cause runtime errors.

Import trace for requested module:
../../../../../Users/jaywest/Myeve/node_modules/@novnc/novnc/core/util/browser.js
../../../../../Users/jaywest/Myeve/node_modules/@novnc/novnc/core/rfb.js
./components/computer-viewer.tsx
./components/computer-workspace.tsx
./app/chat.tsx
 GET /api/operations 200 in 4.5s (next.js: 4.3s, application-code: 169ms)
 GET /api/readiness 200 in 4.5s (next.js: 4.3s, application-code: 170ms)
⚠ ../../../../../Users/jaywest/Myeve/node_modules/@novnc/novnc/core/util/browser.js
The generated code contains 'async/await' because this module is using "topLevelAwait".
However, your target environment does not appear to support 'async/await'.
As a result, the code may not run as expected or may cause runtime errors.

Import trace for requested module:
../../../../../Users/jaywest/Myeve/node_modules/@novnc/novnc/core/util/browser.js
../../../../../Users/jaywest/Myeve/node_modules/@novnc/novnc/core/rfb.js
./components/computer-viewer.tsx
./components/computer-workspace.tsx
./app/chat.tsx
 GET /api/operations 200 in 4.5s (next.js: 4.3s, application-code: 195ms)
 GET /api/agents 200 in 2.7s (next.js: 2.5s, application-code: 197ms)
[browser] ../../../../../Users/jaywest/Myeve/node_modules/@novnc/novnc/core/util/browser.js
The generated code contains 'async/await' because this module is using "topLevelAwait".
However, your target environment does not appear to support 'async/await'.
As a result, the code may not run as expected or may cause runtime errors.

Import trace for requested module:
../../../../../Users/jaywest/Myeve/node_modules/@novnc/novnc/core/util/browser.js
../../../../../Users/jaywest/Myeve/node_modules/@novnc/novnc/core/rfb.js
./components/computer-viewer.tsx
./components/computer-workspace.tsx
./app/chat.tsx
⚠ ../../../../../Users/jaywest/Myeve/node_modules/@novnc/novnc/core/util/browser.js
The generated code contains 'async/await' because this module is using "topLevelAwait".
However, your target environment does not appear to support 'async/await'.
As a result, the code may not run as expected or may cause runtime errors.

Import trace for requested module:
../../../../../Users/jaywest/Myeve/node_modules/@novnc/novnc/core/util/browser.js
../../../../../Users/jaywest/Myeve/node_modules/@novnc/novnc/core/rfb.js
./components/computer-viewer.tsx
./components/computer-workspace.tsx
./app/chat.tsx
 GET /api/capabilities 200 in 2.4s (next.js: 2.3s, application-code: 26ms)
[browser] ../../../../../Users/jaywest/Myeve/node_modules/@novnc/novnc/core/util/browser.js
The generated code contains 'async/await' because this module is using "topLevelAwait".
However, your target environment does not appear to support 'async/await'.
As a result, the code may not run as expected or may cause runtime errors.

Import trace for requested module:
../../../../../Users/jaywest/Myeve/node_modules/@novnc/novnc/core/util/browser.js
../../../../../Users/jaywest/Myeve/node_modules/@novnc/novnc/core/rfb.js
./components/computer-viewer.tsx
./components/computer-workspace.tsx
./app/chat.tsx
 GET /api/goals 200 in 2.4s (next.js: 2.4s, application-code: 31ms)
 GET /api/goals 200 in 2.4s (next.js: 2.4s, application-code: 31ms)
 GET /api/agents 200 in 2.5s (next.js: 2.4s, application-code: 102ms)
 GET /api/owner-knowledge?page=1&limit=25 200 in 2.5s (next.js: 2.3s, application-code: 103ms)
⚠ ../../../../../Users/jaywest/Myeve/node_modules/@novnc/novnc/core/util/browser.js
The generated code contains 'async/await' because this module is using "topLevelAwait".
However, your target environment does not appear to support 'async/await'.
As a result, the code may not run as expected or may cause runtime errors.

Import trace for requested module:
../../../../../Users/jaywest/Myeve/node_modules/@novnc/novnc/core/util/browser.js
../../../../../Users/jaywest/Myeve/node_modules/@novnc/novnc/core/rfb.js
./components/computer-viewer.tsx
./components/computer-workspace.tsx
./app/chat.tsx
 GET /api/agents 200 in 2.5s (next.js: 2.3s, application-code: 117ms)
 GET /api/readiness 200 in 85ms (next.js: 3ms, application-code: 82ms)
[browser] ../../../../../Users/jaywest/Myeve/node_modules/@novnc/novnc/core/util/browser.js
The generated code contains 'async/await' because this module is using "topLevelAwait".
However, your target environment does not appear to support 'async/await'.
As a result, the code may not run as expected or may cause runtime errors.

Import trace for requested module:
../../../../../Users/jaywest/Myeve/node_modules/@novnc/novnc/core/util/browser.js
../../../../../Users/jaywest/Myeve/node_modules/@novnc/novnc/core/rfb.js
./components/computer-viewer.tsx
./components/computer-workspace.tsx
./app/chat.tsx
⚠ ../../../../../Users/jaywest/Myeve/node_modules/@novnc/novnc/core/util/browser.js
The generated code contains 'async/await' because this module is using "topLevelAwait".
However, your target environment does not appear to support 'async/await'.
As a result, the code may not run as expected or may cause runtime errors.

Import trace for requested module:
../../../../../Users/jaywest/Myeve/node_modules/@novnc/novnc/core/util/browser.js
../../../../../Users/jaywest/Myeve/node_modules/@novnc/novnc/core/rfb.js
./components/computer-viewer.tsx
./components/computer-workspace.tsx
./app/chat.tsx

../../../../../Users/jaywest/Myeve/node_modules/eve/dist/src/internal/application/optional-package-install.js
Critical dependency: the request of a dependency is an expression

Import trace for requested module:
../../../../../Users/jaywest/Myeve/node_modules/eve/dist/src/internal/application/optional-package-install.js
../../../../../Users/jaywest/Myeve/node_modules/eve/dist/src/execution/sandbox/bash-tool.js
../../../../../Users/jaywest/Myeve/node_modules/eve/dist/src/public/tools/define-bash-tool.js
../../../../../Users/jaywest/Myeve/node_modules/eve/dist/src/public/tools/index.js
../../../../../Users/jaywest/Myeve/node_modules/@agent-browser/eve/dist/extension/tools/click.mjs
../../../../../Users/jaywest/Myeve/node_modules/@agent-browser/eve/dist/tools/index.mjs
./lib/readiness.ts
./app/api/readiness/route.ts
 GET /api/capabilities 200 in 10.6s (next.js: 10.3s, application-code: 242ms)
[browser] ../../../../../Users/jaywest/Myeve/node_modules/@novnc/novnc/core/util/browser.js
The generated code contains 'async/await' because this module is using "topLevelAwait".
However, your target environment does not appear to support 'async/await'.
As a result, the code may not run as expected or may cause runtime errors.

Import trace for requested module:
../../../../../Users/jaywest/Myeve/node_modules/@novnc/novnc/core/util/browser.js
../../../../../Users/jaywest/Myeve/node_modules/@novnc/novnc/core/rfb.js
./components/computer-viewer.tsx
./components/computer-workspace.tsx
./app/chat.tsx
⚠ ../../../../../Users/jaywest/Myeve/node_modules/@novnc/novnc/core/util/browser.js
The generated code contains 'async/await' because this module is using "topLevelAwait".
However, your target environment does not appear to support 'async/await'.
As a result, the code may not run as expected or may cause runtime errors.

Import trace for requested module:
../../../../../Users/jaywest/Myeve/node_modules/@novnc/novnc/core/util/browser.js
../../../../../Users/jaywest/Myeve/node_modules/@novnc/novnc/core/rfb.js
./components/computer-viewer.tsx
./components/computer-workspace.tsx
./app/chat.tsx

../../../../../Users/jaywest/Myeve/node_modules/eve/dist/src/internal/application/optional-package-install.js
Critical dependency: the request of a dependency is an expression

Import trace for requested module:
../../../../../Users/jaywest/Myeve/node_modules/eve/dist/src/internal/application/optional-package-install.js
../../../../../Users/jaywest/Myeve/node_modules/eve/dist/src/execution/sandbox/bash-tool.js
../../../../../Users/jaywest/Myeve/node_modules/eve/dist/src/public/tools/define-bash-tool.js
../../../../../Users/jaywest/Myeve/node_modules/eve/dist/src/public/tools/index.js
../../../../../Users/jaywest/Myeve/node_modules/@agent-browser/eve/dist/extension/tools/click.mjs
../../../../../Users/jaywest/Myeve/node_modules/@agent-browser/eve/dist/tools/index.mjs
./lib/readiness.ts
./app/api/readiness/route.ts
 GET /api/slack 200 in 10.6s (next.js: 10.3s, application-code: 274ms)
 GET /api/skills 200 in 9.6s (next.js: 9.3s, application-code: 276ms)
 GET /api/skills 200 in 9.6s (next.js: 9.3s, application-code: 277ms)
 GET /api/agents 200 in 10.6s (next.js: 10.3s, application-code: 290ms)
 GET /api/imessage 200 in 10.7s (next.js: 10.3s, application-code: 320ms)
[browser] ../../../../../Users/jaywest/Myeve/node_modules/@novnc/novnc/core/util/browser.js
The generated code contains 'async/await' because this module is using "topLevelAwait".
However, your target environment does not appear to support 'async/await'.
As a result, the code may not run as expected or may cause runtime errors.

Import trace for requested module:
../../../../../Users/jaywest/Myeve/node_modules/@novnc/novnc/core/util/browser.js
../../../../../Users/jaywest/Myeve/node_modules/@novnc/novnc/core/rfb.js
./components/computer-viewer.tsx
./components/computer-workspace.tsx
./app/chat.tsx
⚠ ../../../../../Users/jaywest/Myeve/node_modules/@novnc/novnc/core/util/browser.js
The generated code contains 'async/await' because this module is using "topLevelAwait".
However, your target environment does not appear to support 'async/await'.
As a result, the code may not run as expected or may cause runtime errors.

Import trace for requested module:
../../../../../Users/jaywest/Myeve/node_modules/@novnc/novnc/core/util/browser.js
../../../../../Users/jaywest/Myeve/node_modules/@novnc/novnc/core/rfb.js
./components/computer-viewer.tsx
./components/computer-workspace.tsx
./app/chat.tsx

../../../../../Users/jaywest/Myeve/node_modules/eve/dist/src/internal/application/optional-package-install.js
Critical dependency: the request of a dependency is an expression

Import trace for requested module:
../../../../../Users/jaywest/Myeve/node_modules/eve/dist/src/internal/application/optional-package-install.js
../../../../../Users/jaywest/Myeve/node_modules/eve/dist/src/execution/sandbox/bash-tool.js
../../../../../Users/jaywest/Myeve/node_modules/eve/dist/src/public/tools/define-bash-tool.js
../../../../../Users/jaywest/Myeve/node_modules/eve/dist/src/public/tools/index.js
../../../../../Users/jaywest/Myeve/node_modules/@agent-browser/eve/dist/extension/tools/click.mjs
../../../../../Users/jaywest/Myeve/node_modules/@agent-browser/eve/dist/tools/index.mjs
./lib/readiness.ts
./app/api/readiness/route.ts
 GET /api/relay 200 in 2.8s (next.js: 2.7s, application-code: 75ms)
 GET /api/relay 200 in 2.8s (next.js: 2.8s, application-code: 74ms)
[browser] ../../../../../Users/jaywest/Myeve/node_modules/@novnc/novnc/core/util/browser.js
The generated code contains 'async/await' because this module is using "topLevelAwait".
However, your target environment does not appear to support 'async/await'.
As a result, the code may not run as expected or may cause runtime errors.

Import trace for requested module:
../../../../../Users/jaywest/Myeve/node_modules/@novnc/novnc/core/util/browser.js
../../../../../Users/jaywest/Myeve/node_modules/@novnc/novnc/core/rfb.js
./components/computer-viewer.tsx
./components/computer-workspace.tsx
./app/chat.tsx
⚠ ../../../../../Users/jaywest/Myeve/node_modules/@novnc/novnc/core/util/browser.js
The generated code contains 'async/await' because this module is using "topLevelAwait".
However, your target environment does not appear to support 'async/await'.
As a result, the code may not run as expected or may cause runtime errors.

Import trace for requested module:
../../../../../Users/jaywest/Myeve/node_modules/@novnc/novnc/core/util/browser.js
../../../../../Users/jaywest/Myeve/node_modules/@novnc/novnc/core/rfb.js
./components/computer-viewer.tsx
./components/computer-workspace.tsx
./app/chat.tsx

../../../../../Users/jaywest/Myeve/node_modules/eve/dist/src/internal/application/optional-package-install.js
Critical dependency: the request of a dependency is an expression

Import trace for requested module:
../../../../../Users/jaywest/Myeve/node_modules/eve/dist/src/internal/application/optional-package-install.js
../../../../../Users/jaywest/Myeve/node_modules/eve/dist/src/execution/sandbox/bash-tool.js
../../../../../Users/jaywest/Myeve/node_modules/eve/dist/src/public/tools/define-bash-tool.js
../../../../../Users/jaywest/Myeve/node_modules/eve/dist/src/public/tools/index.js
../../../../../Users/jaywest/Myeve/node_modules/@agent-browser/eve/dist/extension/tools/click.mjs
../../../../../Users/jaywest/Myeve/node_modules/@agent-browser/eve/dist/tools/index.mjs
./lib/readiness.ts
./app/api/readiness/route.ts
 GET /api/agents/activity 200 in 2.8s (next.js: 2.7s, application-code: 84ms)
 GET /api/approvals 200 in 2.8s (next.js: 2.7s, application-code: 86ms)
 GET /api/approvals 200 in 2.8s (next.js: 2.7s, application-code: 86ms)
 GET /api/control?view=all 200 in 2.8s (next.js: 2.7s, application-code: 87ms)
[browser] ../../../../../Users/jaywest/Myeve/node_modules/@novnc/novnc/core/util/browser.js
The generated code contains 'async/await' because this module is using "topLevelAwait".
However, your target environment does not appear to support 'async/await'.
As a result, the code may not run as expected or may cause runtime errors.

Import trace for requested module:
../../../../../Users/jaywest/Myeve/node_modules/@novnc/novnc/core/util/browser.js
../../../../../Users/jaywest/Myeve/node_modules/@novnc/novnc/core/rfb.js
./components/computer-viewer.tsx
./components/computer-workspace.tsx
./app/chat.tsx
⚠ ../../../../../Users/jaywest/Myeve/node_modules/@novnc/novnc/core/util/browser.js
The generated code contains 'async/await' because this module is using "topLevelAwait".
However, your target environment does not appear to support 'async/await'.
As a result, the code may not run as expected or may cause runtime errors.

Import trace for requested module:
../../../../../Users/jaywest/Myeve/node_modules/@novnc/novnc/core/util/browser.js
../../../../../Users/jaywest/Myeve/node_modules/@novnc/novnc/core/rfb.js
./components/computer-viewer.tsx
./components/computer-workspace.tsx
./app/chat.tsx

../../../../../Users/jaywest/Myeve/node_modules/eve/dist/src/internal/application/optional-package-install.js
Critical dependency: the request of a dependency is an expression

Import trace for requested module:
../../../../../Users/jaywest/Myeve/node_modules/eve/dist/src/internal/application/optional-package-install.js
../../../../../Users/jaywest/Myeve/node_modules/eve/dist/src/execution/sandbox/bash-tool.js
../../../../../Users/jaywest/Myeve/node_modules/eve/dist/src/public/tools/define-bash-tool.js
../../../../../Users/jaywest/Myeve/node_modules/eve/dist/src/public/tools/index.js
../../../../../Users/jaywest/Myeve/node_modules/@agent-browser/eve/dist/extension/tools/click.mjs
../../../../../Users/jaywest/Myeve/node_modules/@agent-browser/eve/dist/tools/index.mjs
./lib/readiness.ts
./app/api/readiness/route.ts
[browser] ../../../../../Users/jaywest/Myeve/node_modules/@novnc/novnc/core/util/browser.js
The generated code contains 'async/await' because this module is using "topLevelAwait".
However, your target environment does not appear to support 'async/await'.
As a result, the code may not run as expected or may cause runtime errors.

Import trace for requested module:
../../../../../Users/jaywest/Myeve/node_modules/@novnc/novnc/core/util/browser.js
../../../../../Users/jaywest/Myeve/node_modules/@novnc/novnc/core/rfb.js
./components/computer-viewer.tsx
./components/computer-workspace.tsx
./app/chat.tsx
 GET /api/agents/activity 200 in 1413ms (next.js: 1249ms, application-code: 165ms)
 GET /api/finance 200 in 1408ms (next.js: 1242ms, application-code: 165ms)
 GET /api/slack 200 in 1408ms (next.js: 1242ms, application-code: 166ms)
 GET /api/task-runs 200 in 1477ms (next.js: 1255ms, application-code: 222ms)
 GET /api/task-runs 200 in 1548ms (next.js: 1243ms, application-code: 305ms)
 GET /api/finance 200 in 91ms (next.js: 0.5ms, application-code: 91ms)
 GET /manage/finance 200 in 334ms (next.js: 85ms, proxy.ts: 220ms, application-code: 30ms)
 GET /manage/finance 200 in 15ms (next.js: 3ms, proxy.ts: 2ms, application-code: 10ms)
 GET /api/imessage 200 in 136ms (next.js: 8ms, application-code: 128ms)
 GET /manage/finance 200 in 258ms (next.js: 4ms, proxy.ts: 2ms, application-code: 252ms)
 GET /manage/finance 200 in 261ms (next.js: 4ms, proxy.ts: 11ms, application-code: 247ms)
[browser] ../../../../../Users/jaywest/Myeve/node_modules/@novnc/novnc/core/util/browser.js
The generated code contains 'async/await' because this module is using "topLevelAwait".
However, your target environment does not appear to support 'async/await'.
As a result, the code may not run as expected or may cause runtime errors.
 GET /api/capabilities 200 in 4ms (next.js: 1.7ms, application-code: 2ms)
⚠ ../../../../../Users/jaywest/Myeve/node_modules/@novnc/novnc/core/util/browser.js
The generated code contains 'async/await' because this module is using "topLevelAwait".
However, your target environment does not appear to support 'async/await'.
As a result, the code may not run as expected or may cause runtime errors.

Import trace for requested module:
../../../../../Users/jaywest/Myeve/node_modules/@novnc/novnc/core/util/browser.js
../../../../../Users/jaywest/Myeve/node_modules/@novnc/novnc/core/rfb.js
./components/computer-viewer.tsx
./components/computer-workspace.tsx
./app/chat.tsx

../../../../../Users/jaywest/Myeve/node_modules/eve/dist/src/internal/application/optional-package-install.js
Critical dependency: the request of a dependency is an expression

Import trace for requested module:
../../../../../Users/jaywest/Myeve/node_modules/eve/dist/src/internal/application/optional-package-install.js
../../../../../Users/jaywest/Myeve/node_modules/eve/dist/src/execution/sandbox/bash-tool.js
../../../../../Users/jaywest/Myeve/node_modules/eve/dist/src/public/tools/define-bash-tool.js
../../../../../Users/jaywest/Myeve/node_modules/eve/dist/src/public/tools/index.js
../../../../../Users/jaywest/Myeve/node_modules/@agent-browser/eve/dist/extension/tools/click.mjs
../../../../../Users/jaywest/Myeve/node_modules/@agent-browser/eve/dist/tools/index.mjs
./lib/readiness.ts
./app/api/readiness/route.ts
[browser] ../../../../../Users/jaywest/Myeve/node_modules/@novnc/novnc/core/util/browser.js
The generated code contains 'async/await' because this module is using "topLevelAwait".
However, your target environment does not appear to support 'async/await'.
As a result, the code may not run as expected or may cause runtime errors.

Import trace for requested module:
../../../../../Users/jaywest/Myeve/node_modules/@novnc/novnc/core/util/browser.js
../../../../../Users/jaywest/Myeve/node_modules/@novnc/novnc/core/rfb.js
./components/computer-viewer.tsx
./components/computer-workspace.tsx
./app/chat.tsx
⚠ ../../../../../Users/jaywest/Myeve/node_modules/@novnc/novnc/core/util/browser.js
The generated code contains 'async/await' because this module is using "topLevelAwait".
However, your target environment does not appear to support 'async/await'.
As a result, the code may not run as expected or may cause runtime errors.

Import trace for requested module:
../../../../../Users/jaywest/Myeve/node_modules/@novnc/novnc/core/util/browser.js
../../../../../Users/jaywest/Myeve/node_modules/@novnc/novnc/core/rfb.js
./components/computer-viewer.tsx
./components/computer-workspace.tsx
./app/chat.tsx

../../../../../Users/jaywest/Myeve/node_modules/eve/dist/src/internal/application/optional-package-install.js
Critical dependency: the request of a dependency is an expression

Import trace for requested module:
../../../../../Users/jaywest/Myeve/node_modules/eve/dist/src/internal/application/optional-package-install.js
../../../../../Users/jaywest/Myeve/node_modules/eve/dist/src/execution/sandbox/bash-tool.js
../../../../../Users/jaywest/Myeve/node_modules/eve/dist/src/public/tools/define-bash-tool.js
../../../../../Users/jaywest/Myeve/node_modules/eve/dist/src/public/tools/index.js
../../../../../Users/jaywest/Myeve/node_modules/@agent-browser/eve/dist/extension/tools/click.mjs
../../../../../Users/jaywest/Myeve/node_modules/@agent-browser/eve/dist/tools/index.mjs
./lib/readiness.ts
./app/api/readiness/route.ts
Model catalog failed Error [GatewayAuthenticationError]: AI Gateway authentication failed: No authentication provided.

Option 1 - API key:
Create an API key: https://vercel.com/d?to=%2F%5Bteam%5D%2F%7E%2Fai%2Fapi-keys
Provide via 'apiKey' option or 'AI_GATEWAY_API_KEY' environment variable.

Option 2 - Vercel access token:
Pass a Vercel personal access token or Vercel app access token via the 'apiKey' option.

Option 3 - OIDC token:
Run 'npx vercel link' to link your project, then 'vc env pull' to fetch the token.
    at async GET (app/api/models/route.ts:11:24)
   9 |
  10 |   try {
> 11 |     const { models } = await gateway.getAvailableModels();
     |                        ^
  12 |     const language = models
  13 |       .filter((model) => (model.modelType ?? "language") === "language")
  14 |       .map((model) => ({ {
  statusCode: 401,
  generationId: undefined,
  isRetryable: false,
  type: 'authentication_error',
  [cause]: Error [VercelOidcTokenError]: The 'x-vercel-oidc-token' header is missing from the request. Do you have the OIDC option enabled in the Vercel project settings?
  Unable to find project root directory. Have you linked your project with `vc link?`
      at async GET (app/api/models/route.ts:11:24)
     9 |
    10 |   try {
  > 11 |     const { models } = await gateway.getAvailableModels();
       |                        ^
    12 |     const language = models
    13 |       .filter((model) => (model.modelType ?? "language") === "language")
    14 |       .map((model) => ({ {
    cause: undefined
  }
}
 GET /api/update-check 200 in 5.6s (next.js: 5.4s, application-code: 145ms)
 GET /api/commands 200 in 5.6s (next.js: 5.4s, application-code: 145ms)
 GET /api/models 503 in 5.6s (next.js: 5.4s, application-code: 146ms)
 GET /api/capabilities 200 in 5.1s (next.js: 5.0s, application-code: 146ms)
[browser] ../../../../../Users/jaywest/Myeve/node_modules/@novnc/novnc/core/util/browser.js
The generated code contains 'async/await' because this module is using "topLevelAwait".
However, your target environment does not appear to support 'async/await'.
As a result, the code may not run as expected or may cause runtime errors.

Import trace for requested module:
../../../../../Users/jaywest/Myeve/node_modules/@novnc/novnc/core/util/browser.js
../../../../../Users/jaywest/Myeve/node_modules/@novnc/novnc/core/rfb.js
./components/computer-viewer.tsx
./components/computer-workspace.tsx
./app/chat.tsx
⚠ ../../../../../Users/jaywest/Myeve/node_modules/@novnc/novnc/core/util/browser.js
The generated code contains 'async/await' because this module is using "topLevelAwait".
However, your target environment does not appear to support 'async/await'.
As a result, the code may not run as expected or may cause runtime errors.

Import trace for requested module:
../../../../../Users/jaywest/Myeve/node_modules/@novnc/novnc/core/util/browser.js
../../../../../Users/jaywest/Myeve/node_modules/@novnc/novnc/core/rfb.js
./components/computer-viewer.tsx
./components/computer-workspace.tsx
./app/chat.tsx

../../../../../Users/jaywest/Myeve/node_modules/eve/dist/src/internal/application/optional-package-install.js
Critical dependency: the request of a dependency is an expression

Import trace for requested module:
../../../../../Users/jaywest/Myeve/node_modules/eve/dist/src/internal/application/optional-package-install.js
../../../../../Users/jaywest/Myeve/node_modules/eve/dist/src/execution/sandbox/bash-tool.js
../../../../../Users/jaywest/Myeve/node_modules/eve/dist/src/public/tools/define-bash-tool.js
../../../../../Users/jaywest/Myeve/node_modules/eve/dist/src/public/tools/index.js
../../../../../Users/jaywest/Myeve/node_modules/@agent-browser/eve/dist/extension/tools/click.mjs
../../../../../Users/jaywest/Myeve/node_modules/@agent-browser/eve/dist/tools/index.mjs
./lib/readiness.ts
./app/api/readiness/route.ts
 GET /api/finance 200 in 12ms (next.js: 1.8ms, application-code: 10ms)
 GET /api/agents 200 in 5.6s (next.js: 5.4s, application-code: 163ms)
 GET /api/threads 200 in 5.6s (next.js: 5.4s, application-code: 166ms)
[browser] ../../../../../Users/jaywest/Myeve/node_modules/@novnc/novnc/core/util/browser.js
The generated code contains 'async/await' because this module is using "topLevelAwait".
However, your target environment does not appear to support 'async/await'.
As a result, the code may not run as expected or may cause runtime errors.

Import trace for requested module:
../../../../../Users/jaywest/Myeve/node_modules/@novnc/novnc/core/util/browser.js
../../../../../Users/jaywest/Myeve/node_modules/@novnc/novnc/core/rfb.js
./components/computer-viewer.tsx
./components/computer-workspace.tsx
./app/chat.tsx
⚠ ../../../../../Users/jaywest/Myeve/node_modules/@novnc/novnc/core/util/browser.js
The generated code contains 'async/await' because this module is using "topLevelAwait".
However, your target environment does not appear to support 'async/await'.
As a result, the code may not run as expected or may cause runtime errors.

Import trace for requested module:
../../../../../Users/jaywest/Myeve/node_modules/@novnc/novnc/core/util/browser.js
../../../../../Users/jaywest/Myeve/node_modules/@novnc/novnc/core/rfb.js
./components/computer-viewer.tsx
./components/computer-workspace.tsx
./app/chat.tsx

../../../../../Users/jaywest/Myeve/node_modules/eve/dist/src/internal/application/optional-package-install.js
Critical dependency: the request of a dependency is an expression

Import trace for requested module:
../../../../../Users/jaywest/Myeve/node_modules/eve/dist/src/internal/application/optional-package-install.js
../../../../../Users/jaywest/Myeve/node_modules/eve/dist/src/execution/sandbox/bash-tool.js
../../../../../Users/jaywest/Myeve/node_modules/eve/dist/src/public/tools/define-bash-tool.js
../../../../../Users/jaywest/Myeve/node_modules/eve/dist/src/public/tools/index.js
../../../../../Users/jaywest/Myeve/node_modules/@agent-browser/eve/dist/extension/tools/click.mjs
../../../../../Users/jaywest/Myeve/node_modules/@agent-browser/eve/dist/tools/index.mjs
./lib/readiness.ts
./app/api/readiness/route.ts
Model catalog failed Error [GatewayAuthenticationError]: AI Gateway authentication failed: No authentication provided.

Option 1 - API key:
Create an API key: https://vercel.com/d?to=%2F%5Bteam%5D%2F%7E%2Fai%2Fapi-keys
Provide via 'apiKey' option or 'AI_GATEWAY_API_KEY' environment variable.

Option 2 - Vercel access token:
Pass a Vercel personal access token or Vercel app access token via the 'apiKey' option.

Option 3 - OIDC token:
Run 'npx vercel link' to link your project, then 'vc env pull' to fetch the token.
    at async GET (app/api/models/route.ts:11:24)
   9 |
  10 |   try {
> 11 |     const { models } = await gateway.getAvailableModels();
     |                        ^
  12 |     const language = models
  13 |       .filter((model) => (model.modelType ?? "language") === "language")
  14 |       .map((model) => ({ {
  statusCode: 401,
  generationId: undefined,
  isRetryable: false,
  type: 'authentication_error',
  [cause]: Error [VercelOidcTokenError]: The 'x-vercel-oidc-token' header is missing from the request. Do you have the OIDC option enabled in the Vercel project settings?
  Unable to find project root directory. Have you linked your project with `vc link?`
      at async GET (app/api/models/route.ts:11:24)
     9 |
    10 |   try {
  > 11 |     const { models } = await gateway.getAvailableModels();
       |                        ^
    12 |     const language = models
    13 |       .filter((model) => (model.modelType ?? "language") === "language")
    14 |       .map((model) => ({ {
    cause: undefined
  }
}
 GET /api/update-check 200 in 2.2s (next.js: 2.1s, application-code: 76ms)
 GET /api/commands 200 in 2.2s (next.js: 2.1s, application-code: 76ms)
 GET /api/models 503 in 2.2s (next.js: 2.1s, application-code: 76ms)
 GET /api/capabilities 200 in 2.2s (next.js: 2.1s, application-code: 76ms)
[browser] ../../../../../Users/jaywest/Myeve/node_modules/@novnc/novnc/core/util/browser.js
The generated code contains 'async/await' because this module is using "topLevelAwait".
However, your target environment does not appear to support 'async/await'.
As a result, the code may not run as expected or may cause runtime errors.

Import trace for requested module:
../../../../../Users/jaywest/Myeve/node_modules/@novnc/novnc/core/util/browser.js
../../../../../Users/jaywest/Myeve/node_modules/@novnc/novnc/core/rfb.js
./components/computer-viewer.tsx
./components/computer-workspace.tsx
./app/chat.tsx
 GET /api/finance 200 in 2.1s (next.js: 2.0s, application-code: 78ms)
 GET /api/automations 200 in 2.2s (next.js: 2.1s, application-code: 95ms)
 GET /api/agents 200 in 19ms (next.js: 4ms, application-code: 15ms)
 GET /api/automations 200 in 3ms (next.js: 0.4ms, application-code: 2ms)
 GET /api/threads 200 in 17ms (next.js: 5ms, application-code: 12ms)
 GET /api/review-schedule 200 in 37ms (next.js: 6ms, application-code: 31ms)
 GET /api/review-schedule 200 in 9ms (next.js: 0.5ms, application-code: 8ms)
 GET /api/approvals 200 in 12ms (next.js: 3ms, application-code: 9ms)
 GET /api/approvals 200 in 7ms (next.js: 0.6ms, application-code: 7ms)
 GET /api/approvals 200 in 7ms (next.js: 1.1ms, application-code: 6ms)
 GET /api/approvals 200 in 7ms (next.js: 1.2ms, application-code: 6ms)
 GET /api/approvals 200 in 6ms (next.js: 1.5ms, application-code: 5ms)
 GET /api/approvals 200 in 5ms (next.js: 1.2ms, application-code: 4ms)
 GET /api/approvals 200 in 6ms (next.js: 1.0ms, application-code: 5ms)
 GET /api/approvals 200 in 5ms (next.js: 1.1ms, application-code: 4ms)
 GET /api/approvals 200 in 6ms (next.js: 0.5ms, application-code: 5ms)
⚠ ../../../../../Users/jaywest/Myeve/node_modules/@novnc/novnc/core/util/browser.js
The generated code contains 'async/await' because this module is using "topLevelAwait".
However, your target environment does not appear to support 'async/await'.
As a result, the code may not run as expected or may cause runtime errors.

Import trace for requested module:
../../../../../Users/jaywest/Myeve/node_modules/@novnc/novnc/core/util/browser.js
../../../../../Users/jaywest/Myeve/node_modules/@novnc/novnc/core/rfb.js
./components/computer-viewer.tsx
./components/computer-workspace.tsx
./app/chat.tsx

../../../../../Users/jaywest/Myeve/node_modules/eve/dist/src/internal/application/optional-package-install.js
Critical dependency: the request of a dependency is an expression

Import trace for requested module:
../../../../../Users/jaywest/Myeve/node_modules/eve/dist/src/internal/application/optional-package-install.js
../../../../../Users/jaywest/Myeve/node_modules/eve/dist/src/execution/sandbox/bash-tool.js
../../../../../Users/jaywest/Myeve/node_modules/eve/dist/src/public/tools/define-bash-tool.js
../../../../../Users/jaywest/Myeve/node_modules/eve/dist/src/public/tools/index.js
../../../../../Users/jaywest/Myeve/node_modules/@agent-browser/eve/dist/extension/tools/click.mjs
../../../../../Users/jaywest/Myeve/node_modules/@agent-browser/eve/dist/tools/index.mjs
./lib/readiness.ts
./app/api/readiness/route.ts
[browser] ../../../../../Users/jaywest/Myeve/node_modules/@novnc/novnc/core/util/browser.js
The generated code contains 'async/await' because this module is using "topLevelAwait".
However, your target environment does not appear to support 'async/await'.
As a result, the code may not run as expected or may cause runtime errors.

Import trace for requested module:
../../../../../Users/jaywest/Myeve/node_modules/@novnc/novnc/core/util/browser.js
../../../../../Users/jaywest/Myeve/node_modules/@novnc/novnc/core/rfb.js
./components/computer-viewer.tsx
./components/computer-workspace.tsx
./app/chat.tsx
[browser] ../../../../../Users/jaywest/Myeve/node_modules/@novnc/novnc/core/util/browser.js
The generated code contains 'async/await' because this module is using "topLevelAwait".
However, your target environment does not appear to support 'async/await'.
As a result, the code may not run as expected or may cause runtime errors.

Import trace for requested module:
../../../../../Users/jaywest/Myeve/node_modules/@novnc/novnc/core/util/browser.js
../../../../../Users/jaywest/Myeve/node_modules/@novnc/novnc/core/rfb.js
./components/computer-viewer.tsx
./components/computer-workspace.tsx
./app/chat.tsx
⚠ ../../../../../Users/jaywest/Myeve/node_modules/@novnc/novnc/core/util/browser.js
The generated code contains 'async/await' because this module is using "topLevelAwait".
However, your target environment does not appear to support 'async/await'.
As a result, the code may not run as expected or may cause runtime errors.

Import trace for requested module:
../../../../../Users/jaywest/Myeve/node_modules/@novnc/novnc/core/util/browser.js
../../../../../Users/jaywest/Myeve/node_modules/@novnc/novnc/core/rfb.js
./components/computer-viewer.tsx
./components/computer-workspace.tsx
./app/chat.tsx
[browser] ../../../../../Users/jaywest/Myeve/node_modules/@novnc/novnc/core/util/browser.js
The generated code contains 'async/await' because this module is using "topLevelAwait".
However, your target environment does not appear to support 'async/await'.
As a result, the code may not run as expected or may cause runtime errors.

Import trace for requested module:
../../../../../Users/jaywest/Myeve/node_modules/@novnc/novnc/core/util/browser.js
../../../../../Users/jaywest/Myeve/node_modules/@novnc/novnc/core/rfb.js
./components/computer-viewer.tsx
./components/computer-workspace.tsx
./app/chat.tsx
 GET /api/approvals 200 in 1528ms (next.js: 1506ms, application-code: 22ms)
 GET /manage/approvals 200 in 77ms (next.js: 51ms, proxy.ts: 4ms, application-code: 23ms)
 GET /api/threads 200 in 784ms (next.js: 684ms, application-code: 100ms)
 GET /api/capabilities 200 in 9ms (next.js: 5ms, application-code: 4ms)
 GET /api/update-check 200 in 26ms (next.js: 4ms, application-code: 22ms)
Model catalog failed Error [GatewayAuthenticationError]: AI Gateway authentication failed: No authentication provided.

Option 1 - API key:
Create an API key: https://vercel.com/d?to=%2F%5Bteam%5D%2F%7E%2Fai%2Fapi-keys
Provide via 'apiKey' option or 'AI_GATEWAY_API_KEY' environment variable.

Option 2 - Vercel access token:
Pass a Vercel personal access token or Vercel app access token via the 'apiKey' option.

Option 3 - OIDC token:
Run 'npx vercel link' to link your project, then 'vc env pull' to fetch the token.
    at async GET (app/api/models/route.ts:11:24)
   9 |
  10 |   try {
> 11 |     const { models } = await gateway.getAvailableModels();
     |                        ^
  12 |     const language = models
  13 |       .filter((model) => (model.modelType ?? "language") === "language")
  14 |       .map((model) => ({ {
  statusCode: 401,
  generationId: undefined,
  isRetryable: false,
  type: 'authentication_error',
  [cause]: Error [VercelOidcTokenError]: The 'x-vercel-oidc-token' header is missing from the request. Do you have the OIDC option enabled in the Vercel project settings?
  Unable to find project root directory. Have you linked your project with `vc link?`
      at async GET (app/api/models/route.ts:11:24)
     9 |
    10 |   try {
  > 11 |     const { models } = await gateway.getAvailableModels();
       |                        ^
    12 |     const language = models
    13 |       .filter((model) => (model.modelType ?? "language") === "language")
    14 |       .map((model) => ({ {
    cause: undefined
  }
}
 GET /api/models 503 in 25ms (next.js: 3ms, application-code: 22ms)
 GET /api/commands 200 in 66ms (next.js: 12ms, application-code: 54ms)
 GET /api/threads 200 in 10ms (next.js: 0.5ms, application-code: 10ms)
 GET /api/capabilities 200 in 1.8ms (next.js: 0.4ms, application-code: 1.4ms)
 GET /api/update-check 200 in 1.2ms (next.js: 0.4ms, application-code: 0.9ms)
 GET /api/approvals 200 in 21ms (next.js: 0.7ms, application-code: 20ms)
 GET /api/agents 200 in 37ms (next.js: 6ms, application-code: 31ms)
Model catalog failed Error [GatewayAuthenticationError]: AI Gateway authentication failed: No authentication provided.

Option 1 - API key:
Create an API key: https://vercel.com/d?to=%2F%5Bteam%5D%2F%7E%2Fai%2Fapi-keys
Provide via 'apiKey' option or 'AI_GATEWAY_API_KEY' environment variable.

Option 2 - Vercel access token:
Pass a Vercel personal access token or Vercel app access token via the 'apiKey' option.

Option 3 - OIDC token:
Run 'npx vercel link' to link your project, then 'vc env pull' to fetch the token.
    at async GET (app/api/models/route.ts:11:24)
   9 |
  10 |   try {
> 11 |     const { models } = await gateway.getAvailableModels();
     |                        ^
  12 |     const language = models
  13 |       .filter((model) => (model.modelType ?? "language") === "language")
  14 |       .map((model) => ({ {
  statusCode: 401,
  generationId: undefined,
  isRetryable: false,
  type: 'authentication_error',
  [cause]: Error [VercelOidcTokenError]: The 'x-vercel-oidc-token' header is missing from the request. Do you have the OIDC option enabled in the Vercel project settings?
  Unable to find project root directory. Have you linked your project with `vc link?`
      at async GET (app/api/models/route.ts:11:24)
     9 |
    10 |   try {
  > 11 |     const { models } = await gateway.getAvailableModels();
       |                        ^
    12 |     const language = models
    13 |       .filter((model) => (model.modelType ?? "language") === "language")
    14 |       .map((model) => ({ {
    cause: undefined
  }
}
 GET /api/models 503 in 3ms (next.js: 0.7ms, application-code: 3ms)
 GET /api/commands 200 in 1.5ms (next.js: 0.5ms, application-code: 1.0ms)
 GET /api/approvals 200 in 14ms (next.js: 0.5ms, application-code: 13ms)
 GET /api/automations 200 in 31ms (next.js: 4ms, application-code: 27ms)
 GET /api/capabilities 200 in 1.4ms (next.js: 0.3ms, application-code: 1.1ms)
 GET /api/threads 200 in 5ms (next.js: 0.6ms, application-code: 4ms)
 GET /api/automations 200 in 1.6ms (next.js: 0.3ms, application-code: 1.4ms)
 GET /api/agents 200 in 6ms (next.js: 0.3ms, application-code: 5ms)
 PATCH /api/approvals/approval_18b2db4c-a02a-4c5d-908b-1a46f0914a64 409 in 70ms (next.js: 65ms, application-code: 5ms)
 PATCH /api/approvals/approval_18b2db4c-a02a-4c5d-908b-1a46f0914a64 200 in 2.5s (next.js: 2.5s, application-code: 6ms)
 GET /api/approvals 200 in 3ms (next.js: 0.5ms, application-code: 2ms)
 GET /api/approvals 200 in 3ms (next.js: 0.5ms, application-code: 2ms)
 GET /api/approvals 200 in 7ms (next.js: 1.2ms, application-code: 5ms)
 GET /api/approvals 200 in 6ms (next.js: 1.1ms, application-code: 5ms)
 GET /api/approvals 200 in 6ms (next.js: 1.3ms, application-code: 5ms)
 GET /api/approvals 200 in 7ms (next.js: 1.6ms, application-code: 6ms)
 GET /api/approvals 200 in 8ms (next.js: 1.5ms, application-code: 7ms)
 GET /api/approvals 200 in 7ms (next.js: 1.1ms, application-code: 6ms)
 GET /api/approvals 200 in 3ms (next.js: 0.7ms, application-code: 2ms)
 GET /api/approvals 200 in 6ms (next.js: 2ms, application-code: 4ms)
 GET /api/approvals 200 in 3ms (next.js: 0.6ms, application-code: 2ms)
 GET /manage/approvals 200 in 972ms (next.js: 3ms, proxy.ts: 1.9ms, application-code: 968ms)
[browser] ../../../../../Users/jaywest/Myeve/node_modules/@novnc/novnc/core/util/browser.js
The generated code contains 'async/await' because this module is using "topLevelAwait".
However, your target environment does not appear to support 'async/await'.
As a result, the code may not run as expected or may cause runtime errors.
 GET /api/capabilities 200 in 3ms (next.js: 1.2ms, application-code: 2ms)
 GET /api/update-check 200 in 3ms (next.js: 0.6ms, application-code: 2ms)
Model catalog failed Error [GatewayAuthenticationError]: AI Gateway authentication failed: No authentication provided.

Option 1 - API key:
Create an API key: https://vercel.com/d?to=%2F%5Bteam%5D%2F%7E%2Fai%2Fapi-keys
Provide via 'apiKey' option or 'AI_GATEWAY_API_KEY' environment variable.

Option 2 - Vercel access token:
Pass a Vercel personal access token or Vercel app access token via the 'apiKey' option.

Option 3 - OIDC token:
Run 'npx vercel link' to link your project, then 'vc env pull' to fetch the token.
    at async GET (app/api/models/route.ts:11:24)
   9 |
  10 |   try {
> 11 |     const { models } = await gateway.getAvailableModels();
     |                        ^
  12 |     const language = models
  13 |       .filter((model) => (model.modelType ?? "language") === "language")
  14 |       .map((model) => ({ {
  statusCode: 401,
  generationId: undefined,
  isRetryable: false,
  type: 'authentication_error',
  [cause]: Error [VercelOidcTokenError]: The 'x-vercel-oidc-token' header is missing from the request. Do you have the OIDC option enabled in the Vercel project settings?
  Unable to find project root directory. Have you linked your project with `vc link?`
      at async GET (app/api/models/route.ts:11:24)
     9 |
    10 |   try {
  > 11 |     const { models } = await gateway.getAvailableModels();
       |                        ^
    12 |     const language = models
    13 |       .filter((model) => (model.modelType ?? "language") === "language")
    14 |       .map((model) => ({ {
    cause: undefined
  }
}
 GET /api/models 503 in 4ms (next.js: 0.8ms, application-code: 3ms)
 GET /api/commands 200 in 2.0ms (next.js: 0.6ms, application-code: 1.4ms)
 GET /api/capabilities 200 in 1.6ms (next.js: 0.4ms, application-code: 1.3ms)
 GET /api/update-check 200 in 1.2ms (next.js: 0.3ms, application-code: 0.9ms)
Model catalog failed Error [GatewayAuthenticationError]: AI Gateway authentication failed: No authentication provided.

Option 1 - API key:
Create an API key: https://vercel.com/d?to=%2F%5Bteam%5D%2F%7E%2Fai%2Fapi-keys
Provide via 'apiKey' option or 'AI_GATEWAY_API_KEY' environment variable.

Option 2 - Vercel access token:
Pass a Vercel personal access token or Vercel app access token via the 'apiKey' option.

Option 3 - OIDC token:
Run 'npx vercel link' to link your project, then 'vc env pull' to fetch the token.
    at async GET (app/api/models/route.ts:11:24)
   9 |
  10 |   try {
> 11 |     const { models } = await gateway.getAvailableModels();
     |                        ^
  12 |     const language = models
  13 |       .filter((model) => (model.modelType ?? "language") === "language")
  14 |       .map((model) => ({ {
  statusCode: 401,
  generationId: undefined,
  isRetryable: false,
  type: 'authentication_error',
  [cause]: Error [VercelOidcTokenError]: The 'x-vercel-oidc-token' header is missing from the request. Do you have the OIDC option enabled in the Vercel project settings?
  Unable to find project root directory. Have you linked your project with `vc link?`
      at async GET (app/api/models/route.ts:11:24)
     9 |
    10 |   try {
  > 11 |     const { models } = await gateway.getAvailableModels();
       |                        ^
    12 |     const language = models
    13 |       .filter((model) => (model.modelType ?? "language") === "language")
    14 |       .map((model) => ({ {
    cause: undefined
  }
}
 GET /api/models 503 in 2ms (next.js: 0.3ms, application-code: 2ms)
 GET /api/commands 200 in 1.1ms (next.js: 0.3ms, application-code: 0.9ms)
 GET /api/agents 200 in 16ms (next.js: 0.5ms, application-code: 15ms)
 GET /api/capabilities 200 in 1.4ms (next.js: 0.3ms, application-code: 1.1ms)
 GET /api/threads 200 in 15ms (next.js: 0.8ms, application-code: 14ms)
 GET /api/threads 200 in 1.9ms (next.js: 0.4ms, application-code: 1.5ms)
 GET /api/agents 200 in 6ms (next.js: 0.5ms, application-code: 5ms)
 GET /api/approvals 200 in 6ms (next.js: 0.4ms, application-code: 6ms)
 GET /api/automations 200 in 7ms (next.js: 0.5ms, application-code: 6ms)
 GET /api/approvals 200 in 6ms (next.js: 0.5ms, application-code: 5ms)
 GET /api/automations 200 in 3ms (next.js: 0.8ms, application-code: 3ms)
 PATCH /api/approvals/approval_4a47dc26-898e-41ec-8b10-10b29b3eb7d0 200 in 7ms (next.js: 2ms, application-code: 4ms)
 GET /api/approvals 200 in 3ms (next.js: 0.6ms, application-code: 3ms)
 GET /api/approvals 200 in 3ms (next.js: 0.5ms, application-code: 2ms)
 GET /api/approvals 200 in 3ms (next.js: 0.5ms, application-code: 2ms)
 GET /api/approvals 200 in 10ms (next.js: 2ms, application-code: 8ms)
 GET /api/approvals 200 in 9ms (next.js: 3ms, application-code: 6ms)
 GET /manage/approvals 200 in 19ms (next.js: 3ms, proxy.ts: 2ms, application-code: 14ms)
 GET /api/approvals 200 in 5ms (next.js: 1.1ms, application-code: 4ms)
[browser] ../../../../../Users/jaywest/Myeve/node_modules/@novnc/novnc/core/util/browser.js
The generated code contains 'async/await' because this module is using "topLevelAwait".
However, your target environment does not appear to support 'async/await'.
As a result, the code may not run as expected or may cause runtime errors.
[browser] ../../../../../Users/jaywest/Myeve/node_modules/@novnc/novnc/core/util/browser.js
The generated code contains 'async/await' because this module is using "topLevelAwait".
However, your target environment does not appear to support 'async/await'.
As a result, the code may not run as expected or may cause runtime errors.
 GET /api/capabilities 200 in 3ms (next.js: 0.7ms, application-code: 2ms)
 GET /api/update-check 200 in 3ms (next.js: 1.0ms, application-code: 1.7ms)
Model catalog failed Error [GatewayAuthenticationError]: AI Gateway authentication failed: No authentication provided.

Option 1 - API key:
Create an API key: https://vercel.com/d?to=%2F%5Bteam%5D%2F%7E%2Fai%2Fapi-keys
Provide via 'apiKey' option or 'AI_GATEWAY_API_KEY' environment variable.

Option 2 - Vercel access token:
Pass a Vercel personal access token or Vercel app access token via the 'apiKey' option.

Option 3 - OIDC token:
Run 'npx vercel link' to link your project, then 'vc env pull' to fetch the token.
    at async GET (app/api/models/route.ts:11:24)
   9 |
  10 |   try {
> 11 |     const { models } = await gateway.getAvailableModels();
     |                        ^
  12 |     const language = models
  13 |       .filter((model) => (model.modelType ?? "language") === "language")
  14 |       .map((model) => ({ {
  statusCode: 401,
  generationId: undefined,
  isRetryable: false,
  type: 'authentication_error',
  [cause]: Error [VercelOidcTokenError]: The 'x-vercel-oidc-token' header is missing from the request. Do you have the OIDC option enabled in the Vercel project settings?
  Unable to find project root directory. Have you linked your project with `vc link?`
      at async GET (app/api/models/route.ts:11:24)
     9 |
    10 |   try {
  > 11 |     const { models } = await gateway.getAvailableModels();
       |                        ^
    12 |     const language = models
    13 |       .filter((model) => (model.modelType ?? "language") === "language")
    14 |       .map((model) => ({ {
    cause: undefined
  }
}
 GET /api/models 503 in 5ms (next.js: 1.9ms, application-code: 3ms)
 GET /api/commands 200 in 4ms (next.js: 1.0ms, application-code: 3ms)
 GET /api/capabilities 200 in 1.7ms (next.js: 0.4ms, application-code: 1.3ms)
 GET /api/capabilities 200 in 1.6ms (next.js: 0.3ms, application-code: 1.2ms)
 GET /api/update-check 200 in 1.1ms (next.js: 0.4ms, application-code: 0.8ms)
Model catalog failed Error [GatewayAuthenticationError]: AI Gateway authentication failed: No authentication provided.

Option 1 - API key:
Create an API key: https://vercel.com/d?to=%2F%5Bteam%5D%2F%7E%2Fai%2Fapi-keys
Provide via 'apiKey' option or 'AI_GATEWAY_API_KEY' environment variable.

Option 2 - Vercel access token:
Pass a Vercel personal access token or Vercel app access token via the 'apiKey' option.

Option 3 - OIDC token:
Run 'npx vercel link' to link your project, then 'vc env pull' to fetch the token.
    at async GET (app/api/models/route.ts:11:24)
   9 |
  10 |   try {
> 11 |     const { models } = await gateway.getAvailableModels();
     |                        ^
  12 |     const language = models
  13 |       .filter((model) => (model.modelType ?? "language") === "language")
  14 |       .map((model) => ({ {
  statusCode: 401,
  generationId: undefined,
  isRetryable: false,
  type: 'authentication_error',
  [cause]: Error [VercelOidcTokenError]: The 'x-vercel-oidc-token' header is missing from the request. Do you have the OIDC option enabled in the Vercel project settings?
  Unable to find project root directory. Have you linked your project with `vc link?`
      at async GET (app/api/models/route.ts:11:24)
     9 |
    10 |   try {
  > 11 |     const { models } = await gateway.getAvailableModels();
       |                        ^
    12 |     const language = models
    13 |       .filter((model) => (model.modelType ?? "language") === "language")
    14 |       .map((model) => ({ {
    cause: undefined
  }
}
 GET /api/models 503 in 3ms (next.js: 0.6ms, application-code: 2ms)
 GET /api/agents 200 in 35ms (next.js: 3ms, application-code: 32ms)
 GET /api/commands 200 in 1.6ms (next.js: 0.4ms, application-code: 1.2ms)
 GET /api/threads 200 in 11ms (next.js: 1.0ms, application-code: 10ms)
 GET /api/capabilities 200 in 1.4ms (next.js: 0.3ms, application-code: 1.1ms)
 GET /api/approvals 200 in 8ms (next.js: 0.3ms, application-code: 8ms)
 GET /api/approvals 200 in 5ms (next.js: 0.3ms, application-code: 4ms)
 GET /api/automations 200 in 9ms (next.js: 0.6ms, application-code: 8ms)
 GET /api/threads 200 in 3ms (next.js: 0.2ms, application-code: 2ms)
 GET /api/automations 200 in 2ms (next.js: 0.2ms, application-code: 1.9ms)
 GET /api/agents 200 in 6ms (next.js: 0.3ms, application-code: 6ms)
 PATCH /api/approvals/approval_225b25c4-7731-4b91-86e5-3f159161c18d 409 in 2ms (next.js: 0.4ms, application-code: 1.8ms)
 PATCH /api/approvals/approval_225b25c4-7731-4b91-86e5-3f159161c18d 200 in 7ms (next.js: 1.9ms, application-code: 5ms)
 GET /api/approvals 200 in 3ms (next.js: 0.7ms, application-code: 2ms)
 GET /api/approvals 200 in 7ms (next.js: 1.4ms, application-code: 5ms)
 GET /api/approvals 200 in 7ms (next.js: 1.2ms, application-code: 6ms)
 GET /api/approvals 200 in 5ms (next.js: 1.2ms, application-code: 4ms)
 GET /api/approvals 200 in 7ms (next.js: 1.1ms, application-code: 5ms)
 GET /api/approvals 200 in 7ms (next.js: 1.2ms, application-code: 6ms)
 GET /api/approvals 200 in 8ms (next.js: 1.4ms, application-code: 6ms)
⚠ ../../../../../Users/jaywest/Myeve/node_modules/@novnc/novnc/core/util/browser.js
The generated code contains 'async/await' because this module is using "topLevelAwait".
However, your target environment does not appear to support 'async/await'.
As a result, the code may not run as expected or may cause runtime errors.

Import trace for requested module:
../../../../../Users/jaywest/Myeve/node_modules/@novnc/novnc/core/util/browser.js
../../../../../Users/jaywest/Myeve/node_modules/@novnc/novnc/core/rfb.js
./components/computer-viewer.tsx
./components/computer-workspace.tsx
./app/chat.tsx
[browser] ../../../../../Users/jaywest/Myeve/node_modules/@novnc/novnc/core/util/browser.js
The generated code contains 'async/await' because this module is using "topLevelAwait".
However, your target environment does not appear to support 'async/await'.
As a result, the code may not run as expected or may cause runtime errors.

Import trace for requested module:
../../../../../Users/jaywest/Myeve/node_modules/@novnc/novnc/core/util/browser.js
../../../../../Users/jaywest/Myeve/node_modules/@novnc/novnc/core/rfb.js
./components/computer-viewer.tsx
./components/computer-workspace.tsx
./app/chat.tsx
⚠ ../../../../../Users/jaywest/Myeve/node_modules/@novnc/novnc/core/util/browser.js
The generated code contains 'async/await' because this module is using "topLevelAwait".
However, your target environment does not appear to support 'async/await'.
As a result, the code may not run as expected or may cause runtime errors.

Import trace for requested module:
../../../../../Users/jaywest/Myeve/node_modules/@novnc/novnc/core/util/browser.js
../../../../../Users/jaywest/Myeve/node_modules/@novnc/novnc/core/rfb.js
./components/computer-viewer.tsx
./components/computer-workspace.tsx
./app/chat.tsx
[browser] ../../../../../Users/jaywest/Myeve/node_modules/@novnc/novnc/core/util/browser.js
The generated code contains 'async/await' because this module is using "topLevelAwait".
However, your target environment does not appear to support 'async/await'.
As a result, the code may not run as expected or may cause runtime errors.

Import trace for requested module:
../../../../../Users/jaywest/Myeve/node_modules/@novnc/novnc/core/util/browser.js
../../../../../Users/jaywest/Myeve/node_modules/@novnc/novnc/core/rfb.js
./components/computer-viewer.tsx
./components/computer-workspace.tsx
./app/chat.tsx
 GET /api/actions 200 in 5.3s (next.js: 5.2s, application-code: 51ms)
 GET /api/routines 200 in 5.3s (next.js: 5.2s, application-code: 56ms)
 GET /api/control?view=all 200 in 268ms (next.js: 209ms, application-code: 59ms)
 GET /api/control?view=all 200 in 5.3s (next.js: 5.2s, application-code: 60ms)
 GET /api/control?view=all 200 in 8ms (next.js: 1.5ms, application-code: 7ms)
 GET /api/threads 200 in 17ms (next.js: 9ms, application-code: 9ms)
 GET /api/control?view=all 200 in 8ms (next.js: 1.0ms, application-code: 7ms)
 GET /api/control?view=all 200 in 8ms (next.js: 1.2ms, application-code: 7ms)
 GET /api/control?view=all 200 in 8ms (next.js: 1.4ms, application-code: 7ms)
 GET /api/control?view=all 200 in 8ms (next.js: 1.4ms, application-code: 7ms)
 GET /api/control?view=all 200 in 6ms (next.js: 1.0ms, application-code: 5ms)
 GET /api/control?view=all 200 in 7ms (next.js: 1.1ms, application-code: 6ms)
 GET /api/control?view=all 200 in 8ms (next.js: 1.7ms, application-code: 6ms)
 GET /api/control?view=all 200 in 9ms (next.js: 1.6ms, application-code: 7ms)
 GET /api/control?view=all 200 in 9ms (next.js: 1.2ms, application-code: 7ms)
 GET /api/control?view=all 200 in 7ms (next.js: 1.2ms, application-code: 6ms)
 GET /api/control?view=all 200 in 121ms (next.js: 11ms, application-code: 110ms)
 GET /api/control?view=working 200 in 4ms (next.js: 0.8ms, application-code: 3ms)
 GET /api/control?view=waiting 200 in 4ms (next.js: 0.5ms, application-code: 3ms)
 GET /api/control?view=needs_owner 200 in 4ms (next.js: 0.5ms, application-code: 3ms)
 GET /api/control?view=approval 200 in 3ms (next.js: 0.5ms, application-code: 3ms)
 GET /api/control?view=failed 200 in 4ms (next.js: 0.5ms, application-code: 3ms)
 GET /api/control?view=completed 200 in 4ms (next.js: 0.5ms, application-code: 3ms)
 GET /api/control?view=all 200 in 4ms (next.js: 0.5ms, application-code: 3ms)
 GET /api/control?view=working 200 in 4ms (next.js: 0.5ms, application-code: 3ms)
 GET /api/threads 200 in 6ms (next.js: 1.2ms, application-code: 5ms)
 GET /api/control?view=working 200 in 3ms (next.js: 0.6ms, application-code: 3ms)
 GET /api/control?view=working 200 in 8ms (next.js: 1.1ms, application-code: 7ms)
 GET /api/control?view=working 200 in 9ms (next.js: 1.2ms, application-code: 7ms)
 GET /api/control?view=working 200 in 8ms (next.js: 1.1ms, application-code: 7ms)
⚠ ../../../../../Users/jaywest/Myeve/node_modules/@novnc/novnc/core/util/browser.js
The generated code contains 'async/await' because this module is using "topLevelAwait".
However, your target environment does not appear to support 'async/await'.
As a result, the code may not run as expected or may cause runtime errors.

Import trace for requested module:
../../../../../Users/jaywest/Myeve/node_modules/@novnc/novnc/core/util/browser.js
../../../../../Users/jaywest/Myeve/node_modules/@novnc/novnc/core/rfb.js
./components/computer-viewer.tsx
./components/computer-workspace.tsx
./app/chat.tsx
[browser] ../../../../../Users/jaywest/Myeve/node_modules/@novnc/novnc/core/util/browser.js
The generated code contains 'async/await' because this module is using "topLevelAwait".
However, your target environment does not appear to support 'async/await'.
As a result, the code may not run as expected or may cause runtime errors.

Import trace for requested module:
../../../../../Users/jaywest/Myeve/node_modules/@novnc/novnc/core/util/browser.js
../../../../../Users/jaywest/Myeve/node_modules/@novnc/novnc/core/rfb.js
./components/computer-viewer.tsx
./components/computer-workspace.tsx
./app/chat.tsx
[browser] ../../../../../Users/jaywest/Myeve/node_modules/@novnc/novnc/core/util/browser.js
The generated code contains 'async/await' because this module is using "topLevelAwait".
However, your target environment does not appear to support 'async/await'.
As a result, the code may not run as expected or may cause runtime errors.

Import trace for requested module:
../../../../../Users/jaywest/Myeve/node_modules/@novnc/novnc/core/util/browser.js
../../../../../Users/jaywest/Myeve/node_modules/@novnc/novnc/core/rfb.js
./components/computer-viewer.tsx
./components/computer-workspace.tsx
./app/chat.tsx
⚠ ../../../../../Users/jaywest/Myeve/node_modules/@novnc/novnc/core/util/browser.js
The generated code contains 'async/await' because this module is using "topLevelAwait".
However, your target environment does not appear to support 'async/await'.
As a result, the code may not run as expected or may cause runtime errors.

Import trace for requested module:
../../../../../Users/jaywest/Myeve/node_modules/@novnc/novnc/core/util/browser.js
../../../../../Users/jaywest/Myeve/node_modules/@novnc/novnc/core/rfb.js
./components/computer-viewer.tsx
./components/computer-workspace.tsx
./app/chat.tsx
[browser] ../../../../../Users/jaywest/Myeve/node_modules/@novnc/novnc/core/util/browser.js
The generated code contains 'async/await' because this module is using "topLevelAwait".
However, your target environment does not appear to support 'async/await'.
As a result, the code may not run as expected or may cause runtime errors.

Import trace for requested module:
../../../../../Users/jaywest/Myeve/node_modules/@novnc/novnc/core/util/browser.js
../../../../../Users/jaywest/Myeve/node_modules/@novnc/novnc/core/rfb.js
./components/computer-viewer.tsx
./components/computer-workspace.tsx
./app/chat.tsx
 GET /api/goals 200 in 11.8s (next.js: 10.3s, application-code: 1518ms)
 GET /api/outcomes?limit=100 200 in 9.8s (next.js: 8.3s, application-code: 1528ms)
 GET /api/outcomes?limit=100 200 in 9.8s (next.js: 8.3s, application-code: 1529ms)
 GET /api/knowledge?type=decision 200 in 10.0s (next.js: 8.5s, application-code: 1530ms)
⚠ ../../../../../Users/jaywest/Myeve/node_modules/@novnc/novnc/core/util/browser.js
The generated code contains 'async/await' because this module is using "topLevelAwait".
However, your target environment does not appear to support 'async/await'.
As a result, the code may not run as expected or may cause runtime errors.

Import trace for requested module:
../../../../../Users/jaywest/Myeve/node_modules/@novnc/novnc/core/util/browser.js
../../../../../Users/jaywest/Myeve/node_modules/@novnc/novnc/core/rfb.js
./components/computer-viewer.tsx
./components/computer-workspace.tsx
./app/chat.tsx
 GET /api/goals/focus 200 in 11.8s (next.js: 10.3s, application-code: 1556ms)
 GET /api/computer 200 in 9.6s (next.js: 7.2s, application-code: 2.4s)
[browser] ../../../../../Users/jaywest/Myeve/node_modules/@novnc/novnc/core/util/browser.js
The generated code contains 'async/await' because this module is using "topLevelAwait".
However, your target environment does not appear to support 'async/await'.
As a result, the code may not run as expected or may cause runtime errors.

Import trace for requested module:
../../../../../Users/jaywest/Myeve/node_modules/@novnc/novnc/core/util/browser.js
../../../../../Users/jaywest/Myeve/node_modules/@novnc/novnc/core/rfb.js
./components/computer-viewer.tsx
./components/computer-workspace.tsx
./app/chat.tsx
⚠ ../../../../../Users/jaywest/Myeve/node_modules/@novnc/novnc/core/util/browser.js
The generated code contains 'async/await' because this module is using "topLevelAwait".
However, your target environment does not appear to support 'async/await'.
As a result, the code may not run as expected or may cause runtime errors.

Import trace for requested module:
../../../../../Users/jaywest/Myeve/node_modules/@novnc/novnc/core/util/browser.js
../../../../../Users/jaywest/Myeve/node_modules/@novnc/novnc/core/rfb.js
./components/computer-viewer.tsx
./components/computer-workspace.tsx
./app/chat.tsx
 GET /api/capabilities 200 in 10.0s (next.js: 9.9s, application-code: 102ms)
[browser] ../../../../../Users/jaywest/Myeve/node_modules/@novnc/novnc/core/util/browser.js
The generated code contains 'async/await' because this module is using "topLevelAwait".
However, your target environment does not appear to support 'async/await'.
As a result, the code may not run as expected or may cause runtime errors.

Import trace for requested module:
../../../../../Users/jaywest/Myeve/node_modules/@novnc/novnc/core/util/browser.js
../../../../../Users/jaywest/Myeve/node_modules/@novnc/novnc/core/rfb.js
./components/computer-viewer.tsx
./components/computer-workspace.tsx
./app/chat.tsx
 GET /api/reviews?kind=daily 200 in 10.1s (next.js: 9.9s, application-code: 207ms)
 GET /api/computer-sessions 200 in 10.1s (next.js: 9.9s, application-code: 208ms)
 GET /api/computer-sessions 200 in 10.1s (next.js: 9.9s, application-code: 209ms)
 GET /api/outcomes?limit=20 200 in 9.2s (next.js: 9.0s, application-code: 209ms)
⚠ ../../../../../Users/jaywest/Myeve/node_modules/@novnc/novnc/core/util/browser.js
The generated code contains 'async/await' because this module is using "topLevelAwait".
However, your target environment does not appear to support 'async/await'.
As a result, the code may not run as expected or may cause runtime errors.

Import trace for requested module:
../../../../../Users/jaywest/Myeve/node_modules/@novnc/novnc/core/util/browser.js
../../../../../Users/jaywest/Myeve/node_modules/@novnc/novnc/core/rfb.js
./components/computer-viewer.tsx
./components/computer-workspace.tsx
./app/chat.tsx
 GET /api/agents 200 in 10.1s (next.js: 9.9s, application-code: 221ms)
[browser] ../../../../../Users/jaywest/Myeve/node_modules/@novnc/novnc/core/util/browser.js
The generated code contains 'async/await' because this module is using "topLevelAwait".
However, your target environment does not appear to support 'async/await'.
As a result, the code may not run as expected or may cause runtime errors.

Import trace for requested module:
../../../../../Users/jaywest/Myeve/node_modules/@novnc/novnc/core/util/browser.js
../../../../../Users/jaywest/Myeve/node_modules/@novnc/novnc/core/rfb.js
./components/computer-viewer.tsx
./components/computer-workspace.tsx
./app/chat.tsx
⚠ ../../../../../Users/jaywest/Myeve/node_modules/@novnc/novnc/core/util/browser.js
The generated code contains 'async/await' because this module is using "topLevelAwait".
However, your target environment does not appear to support 'async/await'.
As a result, the code may not run as expected or may cause runtime errors.

Import trace for requested module:
../../../../../Users/jaywest/Myeve/node_modules/@novnc/novnc/core/util/browser.js
../../../../../Users/jaywest/Myeve/node_modules/@novnc/novnc/core/rfb.js
./components/computer-viewer.tsx
./components/computer-workspace.tsx
./app/chat.tsx
 GET /api/update-check 200 in 7.8s (next.js: 7.4s, application-code: 394ms)
[browser] ../../../../../Users/jaywest/Myeve/node_modules/@novnc/novnc/core/util/browser.js
The generated code contains 'async/await' because this module is using "topLevelAwait".
However, your target environment does not appear to support 'async/await'.
As a result, the code may not run as expected or may cause runtime errors.

Import trace for requested module:
../../../../../Users/jaywest/Myeve/node_modules/@novnc/novnc/core/util/browser.js
../../../../../Users/jaywest/Myeve/node_modules/@novnc/novnc/core/rfb.js
./components/computer-viewer.tsx
./components/computer-workspace.tsx
./app/chat.tsx
 GET /api/channels 200 in 7.9s (next.js: 7.5s, application-code: 399ms)
 GET /api/goals 200 in 7.8s (next.js: 7.4s, application-code: 400ms)
 GET /api/capabilities 200 in 3ms (next.js: 1.1ms, application-code: 1.7ms)
 GET /api/reviews?kind=daily 200 in 122ms (next.js: 5ms, application-code: 117ms)
 GET /api/goals/focus 200 in 8.0s (next.js: 7.4s, application-code: 591ms)
 GET /api/files 200 in 8.0s (next.js: 7.5s, application-code: 592ms)
 GET /api/outcomes?limit=20 200 in 17ms (next.js: 1.5ms, application-code: 16ms)
 GET /api/agents 200 in 11ms (next.js: 4ms, application-code: 7ms)
 GET /api/channels 200 in 3ms (next.js: 0.4ms, application-code: 3ms)
 GET /manage 200 in 671ms (next.js: 111ms, proxy.ts: 503ms, application-code: 57ms)
 GET /api/files 200 in 4ms (next.js: 0.4ms, application-code: 4ms)
 GET /api/update-check 200 in 1.4ms (next.js: 0.5ms, application-code: 0.9ms)
 GET /api/capabilities 200 in 1.2ms (next.js: 0.3ms, application-code: 1.0ms)
 GET /api/capabilities 200 in 1.4ms (next.js: 0.3ms, application-code: 1.1ms)
 GET /api/computer 200 in 179ms (next.js: 13ms, application-code: 166ms)
 GET /manage 200 in 19ms (next.js: 4ms, proxy.ts: 7ms, application-code: 9ms)
⚠ ../../../../../Users/jaywest/Myeve/node_modules/@novnc/novnc/core/util/browser.js
The generated code contains 'async/await' because this module is using "topLevelAwait".
However, your target environment does not appear to support 'async/await'.
As a result, the code may not run as expected or may cause runtime errors.

Import trace for requested module:
../../../../../Users/jaywest/Myeve/node_modules/@novnc/novnc/core/util/browser.js
../../../../../Users/jaywest/Myeve/node_modules/@novnc/novnc/core/rfb.js
./components/computer-viewer.tsx
./components/computer-workspace.tsx
./app/chat.tsx
 GET /manage 200 in 21ms (next.js: 1.1ms, proxy.ts: 1.7ms, application-code: 18ms)
[browser] ../../../../../Users/jaywest/Myeve/node_modules/@novnc/novnc/core/util/browser.js
The generated code contains 'async/await' because this module is using "topLevelAwait".
However, your target environment does not appear to support 'async/await'.
As a result, the code may not run as expected or may cause runtime errors.

Import trace for requested module:
../../../../../Users/jaywest/Myeve/node_modules/@novnc/novnc/core/util/browser.js
../../../../../Users/jaywest/Myeve/node_modules/@novnc/novnc/core/rfb.js
./components/computer-viewer.tsx
./components/computer-workspace.tsx
./app/chat.tsx
⚠ ../../../../../Users/jaywest/Myeve/node_modules/@novnc/novnc/core/util/browser.js
The generated code contains 'async/await' because this module is using "topLevelAwait".
However, your target environment does not appear to support 'async/await'.
As a result, the code may not run as expected or may cause runtime errors.

Import trace for requested module:
../../../../../Users/jaywest/Myeve/node_modules/@novnc/novnc/core/util/browser.js
../../../../../Users/jaywest/Myeve/node_modules/@novnc/novnc/core/rfb.js
./components/computer-viewer.tsx
./components/computer-workspace.tsx
./app/chat.tsx
[browser] ../../../../../Users/jaywest/Myeve/node_modules/@novnc/novnc/core/util/browser.js
The generated code contains 'async/await' because this module is using "topLevelAwait".
However, your target environment does not appear to support 'async/await'.
As a result, the code may not run as expected or may cause runtime errors.

Import trace for requested module:
../../../../../Users/jaywest/Myeve/node_modules/@novnc/novnc/core/util/browser.js
../../../../../Users/jaywest/Myeve/node_modules/@novnc/novnc/core/rfb.js
./components/computer-viewer.tsx
./components/computer-workspace.tsx
./app/chat.tsx
 GET /api/review-schedule 200 in 1338ms (next.js: 1302ms, application-code: 37ms)
 GET /api/automations 200 in 1341ms (next.js: 1302ms, application-code: 39ms)
 GET /manage 200 in 316ms (next.js: 302ms, proxy.ts: 5ms, application-code: 10ms)
 GET /manage 200 in 366ms (next.js: 44ms, proxy.ts: 53ms, application-code: 270ms)
[browser] ../../../../../Users/jaywest/Myeve/node_modules/@novnc/novnc/core/util/browser.js
The generated code contains 'async/await' because this module is using "topLevelAwait".
However, your target environment does not appear to support 'async/await'.
As a result, the code may not run as expected or may cause runtime errors.
 GET /api/capabilities 200 in 4ms (next.js: 1.6ms, application-code: 2ms)
 GET /api/update-check 200 in 5ms (next.js: 2.0ms, application-code: 3ms)
⚠ ../../../../../Users/jaywest/Myeve/node_modules/@novnc/novnc/core/util/browser.js
The generated code contains 'async/await' because this module is using "topLevelAwait".
However, your target environment does not appear to support 'async/await'.
As a result, the code may not run as expected or may cause runtime errors.

Import trace for requested module:
../../../../../Users/jaywest/Myeve/node_modules/@novnc/novnc/core/util/browser.js
../../../../../Users/jaywest/Myeve/node_modules/@novnc/novnc/core/rfb.js
./components/computer-viewer.tsx
./components/computer-workspace.tsx
./app/chat.tsx
[browser] ../../../../../Users/jaywest/Myeve/node_modules/@novnc/novnc/core/util/browser.js
The generated code contains 'async/await' because this module is using "topLevelAwait".
However, your target environment does not appear to support 'async/await'.
As a result, the code may not run as expected or may cause runtime errors.

Import trace for requested module:
../../../../../Users/jaywest/Myeve/node_modules/@novnc/novnc/core/util/browser.js
../../../../../Users/jaywest/Myeve/node_modules/@novnc/novnc/core/rfb.js
./components/computer-viewer.tsx
./components/computer-workspace.tsx
./app/chat.tsx
⚠ ../../../../../Users/jaywest/Myeve/node_modules/@novnc/novnc/core/util/browser.js
The generated code contains 'async/await' because this module is using "topLevelAwait".
However, your target environment does not appear to support 'async/await'.
As a result, the code may not run as expected or may cause runtime errors.

Import trace for requested module:
../../../../../Users/jaywest/Myeve/node_modules/@novnc/novnc/core/util/browser.js
../../../../../Users/jaywest/Myeve/node_modules/@novnc/novnc/core/rfb.js
./components/computer-viewer.tsx
./components/computer-workspace.tsx
./app/chat.tsx
Model catalog failed Error [GatewayAuthenticationError]: AI Gateway authentication failed: No authentication provided.

Option 1 - API key:
Create an API key: https://vercel.com/d?to=%2F%5Bteam%5D%2F%7E%2Fai%2Fapi-keys
Provide via 'apiKey' option or 'AI_GATEWAY_API_KEY' environment variable.

Option 2 - Vercel access token:
Pass a Vercel personal access token or Vercel app access token via the 'apiKey' option.

Option 3 - OIDC token:
Run 'npx vercel link' to link your project, then 'vc env pull' to fetch the token.
    at async GET (app/api/models/route.ts:11:24)
   9 |
  10 |   try {
> 11 |     const { models } = await gateway.getAvailableModels();
     |                        ^
  12 |     const language = models
  13 |       .filter((model) => (model.modelType ?? "language") === "language")
  14 |       .map((model) => ({ {
  statusCode: 401,
  generationId: undefined,
  isRetryable: false,
  type: 'authentication_error',
  [cause]: Error [VercelOidcTokenError]: The 'x-vercel-oidc-token' header is missing from the request. Do you have the OIDC option enabled in the Vercel project settings?
  Unable to find project root directory. Have you linked your project with `vc link?`
      at async GET (app/api/models/route.ts:11:24)
     9 |
    10 |   try {
  > 11 |     const { models } = await gateway.getAvailableModels();
       |                        ^
    12 |     const language = models
    13 |       .filter((model) => (model.modelType ?? "language") === "language")
    14 |       .map((model) => ({ {
    cause: undefined
  }
}
 GET /api/update-check 200 in 1465ms (next.js: 1356ms, application-code: 109ms)
 GET /api/commands 200 in 1519ms (next.js: 1410ms, application-code: 109ms)
 GET /api/models 503 in 1526ms (next.js: 1417ms, application-code: 109ms)
 GET /api/capabilities 200 in 1518ms (next.js: 1408ms, application-code: 110ms)
[browser] ../../../../../Users/jaywest/Myeve/node_modules/@novnc/novnc/core/util/browser.js
The generated code contains 'async/await' because this module is using "topLevelAwait".
However, your target environment does not appear to support 'async/await'.
As a result, the code may not run as expected or may cause runtime errors.

Import trace for requested module:
../../../../../Users/jaywest/Myeve/node_modules/@novnc/novnc/core/util/browser.js
../../../../../Users/jaywest/Myeve/node_modules/@novnc/novnc/core/rfb.js
./components/computer-viewer.tsx
./components/computer-workspace.tsx
./app/chat.tsx
 GET /api/capabilities 200 in 1.5ms (next.js: 0.4ms, application-code: 1.2ms)
 GET /api/review-schedule 200 in 13ms (next.js: 2ms, application-code: 11ms)
 GET /api/agents 200 in 1549ms (next.js: 1411ms, application-code: 137ms)
 GET /api/commands 200 in 1.4ms (next.js: 0.4ms, application-code: 1.0ms)
 GET /api/threads 200 in 1549ms (next.js: 1409ms, application-code: 140ms)
 GET /api/automations 200 in 28ms (next.js: 2.0ms, application-code: 26ms)
Model catalog failed Error [GatewayAuthenticationError]: AI Gateway authentication failed: No authentication provided.

Option 1 - API key:
Create an API key: https://vercel.com/d?to=%2F%5Bteam%5D%2F%7E%2Fai%2Fapi-keys
Provide via 'apiKey' option or 'AI_GATEWAY_API_KEY' environment variable.

Option 2 - Vercel access token:
Pass a Vercel personal access token or Vercel app access token via the 'apiKey' option.

Option 3 - OIDC token:
Run 'npx vercel link' to link your project, then 'vc env pull' to fetch the token.
    at async GET (app/api/models/route.ts:11:24)
   9 |
  10 |   try {
> 11 |     const { models } = await gateway.getAvailableModels();
     |                        ^
  12 |     const language = models
  13 |       .filter((model) => (model.modelType ?? "language") === "language")
  14 |       .map((model) => ({ {
  statusCode: 401,
  generationId: undefined,
  isRetryable: false,
  type: 'authentication_error',
  [cause]: Error [VercelOidcTokenError]: The 'x-vercel-oidc-token' header is missing from the request. Do you have the OIDC option enabled in the Vercel project settings?
  Unable to find project root directory. Have you linked your project with `vc link?`
      at async GET (app/api/models/route.ts:11:24)
     9 |
    10 |   try {
  > 11 |     const { models } = await gateway.getAvailableModels();
       |                        ^
    12 |     const language = models
    13 |       .filter((model) => (model.modelType ?? "language") === "language")
    14 |       .map((model) => ({ {
    cause: undefined
  }
}
 GET /api/models 503 in 2ms (next.js: 0.4ms, application-code: 1.8ms)
 GET /api/review-schedule 200 in 4ms (next.js: 0.3ms, application-code: 4ms)
 GET /api/threads 200 in 3ms (next.js: 0.2ms, application-code: 3ms)
 GET /api/automations 200 in 2ms (next.js: 0.2ms, application-code: 2ms)
 GET /api/agents 200 in 7ms (next.js: 0.2ms, application-code: 6ms)
 GET /api/agents?includeArchived=true 200 in 15ms (next.js: 1.5ms, application-code: 13ms)
⚠ ../../../../../Users/jaywest/Myeve/node_modules/@novnc/novnc/core/util/browser.js
The generated code contains 'async/await' because this module is using "topLevelAwait".
However, your target environment does not appear to support 'async/await'.
As a result, the code may not run as expected or may cause runtime errors.

Import trace for requested module:
../../../../../Users/jaywest/Myeve/node_modules/@novnc/novnc/core/util/browser.js
../../../../../Users/jaywest/Myeve/node_modules/@novnc/novnc/core/rfb.js
./components/computer-viewer.tsx
./components/computer-workspace.tsx
./app/chat.tsx
⚠ ../../../../../Users/jaywest/Myeve/node_modules/@novnc/novnc/core/util/browser.js
The generated code contains 'async/await' because this module is using "topLevelAwait".
However, your target environment does not appear to support 'async/await'.
As a result, the code may not run as expected or may cause runtime errors.

Import trace for requested module:
../../../../../Users/jaywest/Myeve/node_modules/@novnc/novnc/core/util/browser.js
../../../../../Users/jaywest/Myeve/node_modules/@novnc/novnc/core/rfb.js
./components/computer-viewer.tsx
./components/computer-workspace.tsx
./app/chat.tsx
[browser] ../../../../../Users/jaywest/Myeve/node_modules/@novnc/novnc/core/util/browser.js
The generated code contains 'async/await' because this module is using "topLevelAwait".
However, your target environment does not appear to support 'async/await'.
As a result, the code may not run as expected or may cause runtime errors.

Import trace for requested module:
../../../../../Users/jaywest/Myeve/node_modules/@novnc/novnc/core/util/browser.js
../../../../../Users/jaywest/Myeve/node_modules/@novnc/novnc/core/rfb.js
./components/computer-viewer.tsx
./components/computer-workspace.tsx
./app/chat.tsx
 POST /api/agents/agent_66a1e235-c274-4052-a0aa-db757e9b3e6b/pause 400 in 1659ms (next.js: 1644ms, application-code: 15ms)
 POST /api/agents/agent_66a1e235-c274-4052-a0aa-db757e9b3e6b/archive 400 in 3ms (next.js: 0.5ms, application-code: 2ms)
 POST /api/agents/agent_50e31774-3453-4697-9c92-6c4289f4a44c/pause 200 in 5ms (next.js: 0.4ms, application-code: 5ms)
 POST /api/agents/agent_50e31774-3453-4697-9c92-6c4289f4a44c/resume 200 in 4ms (next.js: 0.5ms, application-code: 4ms)
 GET /api/threads 200 in 22ms (next.js: 9ms, application-code: 12ms)
⚠ ../../../../../Users/jaywest/Myeve/node_modules/@novnc/novnc/core/util/browser.js
The generated code contains 'async/await' because this module is using "topLevelAwait".
However, your target environment does not appear to support 'async/await'.
As a result, the code may not run as expected or may cause runtime errors.

Import trace for requested module:
../../../../../Users/jaywest/Myeve/node_modules/@novnc/novnc/core/util/browser.js
../../../../../Users/jaywest/Myeve/node_modules/@novnc/novnc/core/rfb.js
./components/computer-viewer.tsx
./components/computer-workspace.tsx
./app/chat.tsx
⚠ ../../../../../Users/jaywest/Myeve/node_modules/@novnc/novnc/core/util/browser.js
The generated code contains 'async/await' because this module is using "topLevelAwait".
However, your target environment does not appear to support 'async/await'.
As a result, the code may not run as expected or may cause runtime errors.

Import trace for requested module:
../../../../../Users/jaywest/Myeve/node_modules/@novnc/novnc/core/util/browser.js
../../../../../Users/jaywest/Myeve/node_modules/@novnc/novnc/core/rfb.js
./components/computer-viewer.tsx
./components/computer-workspace.tsx
./app/chat.tsx
[browser] ../../../../../Users/jaywest/Myeve/node_modules/@novnc/novnc/core/util/browser.js
The generated code contains 'async/await' because this module is using "topLevelAwait".
However, your target environment does not appear to support 'async/await'.
As a result, the code may not run as expected or may cause runtime errors.

Import trace for requested module:
../../../../../Users/jaywest/Myeve/node_modules/@novnc/novnc/core/util/browser.js
../../../../../Users/jaywest/Myeve/node_modules/@novnc/novnc/core/rfb.js
./components/computer-viewer.tsx
./components/computer-workspace.tsx
./app/chat.tsx
 GET /api/task-runs?threadId=e4b17959-be4d-4b38-960e-70a81e78ffbb 200 in 2.6s (next.js: 2.5s, application-code: 18ms)
 GET /api/task-runs?threadId=e4b17959-be4d-4b38-960e-70a81e78ffbb 200 in 2.5s (next.js: 2.5s, application-code: 18ms)
 GET /api/task-runs?threadId=e4b17959-be4d-4b38-960e-70a81e78ffbb 200 in 16ms (next.js: 1.6ms, application-code: 15ms)
 GET /api/task-runs?threadId=e4b17959-be4d-4b38-960e-70a81e78ffbb 200 in 4ms (next.js: 1.0ms, application-code: 3ms)
 GET /api/task-runs?threadId=e4b17959-be4d-4b38-960e-70a81e78ffbb 200 in 4ms (next.js: 1.3ms, application-code: 3ms)
 GET /api/threads 200 in 22ms (next.js: 10ms, application-code: 12ms)
 GET /api/task-runs?threadId=e4b17959-be4d-4b38-960e-70a81e78ffbb 200 in 7ms (next.js: 1.3ms, application-code: 6ms)
 GET /api/task-runs?threadId=e4b17959-be4d-4b38-960e-70a81e78ffbb 200 in 6ms (next.js: 1.1ms, application-code: 5ms)
 GET /api/task-runs?threadId=e4b17959-be4d-4b38-960e-70a81e78ffbb 200 in 7ms (next.js: 1.8ms, application-code: 5ms)
 GET /api/task-runs?threadId=e4b17959-be4d-4b38-960e-70a81e78ffbb 200 in 3ms (next.js: 0.6ms, application-code: 2ms)
⚠ ../../../../../Users/jaywest/Myeve/node_modules/@novnc/novnc/core/util/browser.js
The generated code contains 'async/await' because this module is using "topLevelAwait".
However, your target environment does not appear to support 'async/await'.
As a result, the code may not run as expected or may cause runtime errors.

Import trace for requested module:
../../../../../Users/jaywest/Myeve/node_modules/@novnc/novnc/core/util/browser.js
../../../../../Users/jaywest/Myeve/node_modules/@novnc/novnc/core/rfb.js
./components/computer-viewer.tsx
./components/computer-workspace.tsx
./app/chat.tsx
[eve:dev] eve: opening sandbox session "root" on backend "vercel"...
[eve:dev] eve: opening sandbox session "root" on backend "vercel"...
⚠ ../../../../../Users/jaywest/Myeve/node_modules/@novnc/novnc/core/util/browser.js
The generated code contains 'async/await' because this module is using "topLevelAwait".
However, your target environment does not appear to support 'async/await'.
As a result, the code may not run as expected or may cause runtime errors.

Import trace for requested module:
../../../../../Users/jaywest/Myeve/node_modules/@novnc/novnc/core/util/browser.js
../../../../../Users/jaywest/Myeve/node_modules/@novnc/novnc/core/rfb.js
./components/computer-viewer.tsx
./components/computer-workspace.tsx
./app/chat.tsx
[browser] ../../../../../Users/jaywest/Myeve/node_modules/@novnc/novnc/core/util/browser.js
The generated code contains 'async/await' because this module is using "topLevelAwait".
However, your target environment does not appear to support 'async/await'.
As a result, the code may not run as expected or may cause runtime errors.

Import trace for requested module:
../../../../../Users/jaywest/Myeve/node_modules/@novnc/novnc/core/util/browser.js
../../../../../Users/jaywest/Myeve/node_modules/@novnc/novnc/core/rfb.js
./components/computer-viewer.tsx
./components/computer-workspace.tsx
./app/chat.tsx
 GET /api/threads/e4b17959-be4d-4b38-960e-70a81e78ffbb 200 in 2.6s (next.js: 2.6s, application-code: 19ms)
 PUT /api/threads/e4b17959-be4d-4b38-960e-70a81e78ffbb 200 in 4ms (next.js: 0.5ms, application-code: 3ms)
 PUT /api/threads/e4b17959-be4d-4b38-960e-70a81e78ffbb 200 in 3ms (next.js: 0.5ms, application-code: 2ms)
 PUT /api/threads/e4b17959-be4d-4b38-960e-70a81e78ffbb 200 in 3ms (next.js: 0.5ms, application-code: 2ms)
[eve:dev] eve: opening sandbox session "root" on backend "vercel"...
 PUT /api/threads/e4b17959-be4d-4b38-960e-70a81e78ffbb 200 in 3ms (next.js: 0.5ms, application-code: 3ms)
[eve:dev] eve: opening sandbox session "root" on backend "vercel"...
[eve:dev] [workflow-sdk] Max retries reached, bubbling error to parent workflow
[eve:dev]   run    wrun_01M307VZPH17V8DJMRENCNED22
[eve:dev]   step   — · turnStep (eve@0.27.13)
[eve:dev]   retry  4 attempts · 3 max retries
 PUT /api/threads/e4b17959-be4d-4b38-960e-70a81e78ffbb 200 in 5ms (next.js: 1.9ms, application-code: 3ms)
[eve:dev] [workflow-sdk] Error while running workflow
[eve:dev]   FatalError
[eve:dev]   run    wrun_01M307VZPH17V8DJMRENCNED22
[eve:dev]   code   USER_ERROR
[eve:dev] [eve:execution.workflow-entry] workflow loop threw — emitting terminal session.failed {
[eve:dev]   sessionId: 'wrun_01M307VZM49BP688X92YNYGK38',
[eve:dev]   errorId: '3a9c2611-bbd1-4157-8d52-d795384d8e53',
[eve:dev]   code: 'FatalError'
[eve:dev] }
 PUT /api/threads/e4b17959-be4d-4b38-960e-70a81e78ffbb 200 in 4ms (next.js: 0.5ms, application-code: 4ms)
[eve:dev] [workflow-sdk] Error while running workflow
[eve:dev]   EveWorkflowFailure
[eve:dev]   run    wrun_01M307VZM49BP688X92YNYGK38
[eve:dev]   code   USER_ERROR
 PUT /api/threads/e4b17959-be4d-4b38-960e-70a81e78ffbb 200 in 5ms (next.js: 0.5ms, application-code: 4ms)
 GET /api/threads/e4b17959-be4d-4b38-960e-70a81e78ffbb 200 in 3ms (next.js: 0.6ms, application-code: 2ms)
 GET /api/task-runs?threadId=e4b17959-be4d-4b38-960e-70a81e78ffbb 200 in 11ms (next.js: 5ms, application-code: 6ms)
 GET /api/task-runs?threadId=e4b17959-be4d-4b38-960e-70a81e78ffbb 200 in 5ms (next.js: 1.3ms, application-code: 4ms)
 GET /api/threads 200 in 11ms (next.js: 8ms, application-code: 4ms)
 GET /goals 200 in 368ms (next.js: 66ms, proxy.ts: 36ms, application-code: 265ms)
[browser] ../../../../../Users/jaywest/Myeve/node_modules/@novnc/novnc/core/util/browser.js
The generated code contains 'async/await' because this module is using "topLevelAwait".
However, your target environment does not appear to support 'async/await'.
As a result, the code may not run as expected or may cause runtime errors.
⚠ ../../../../../Users/jaywest/Myeve/node_modules/@novnc/novnc/core/util/browser.js
The generated code contains 'async/await' because this module is using "topLevelAwait".
However, your target environment does not appear to support 'async/await'.
As a result, the code may not run as expected or may cause runtime errors.

Import trace for requested module:
../../../../../Users/jaywest/Myeve/node_modules/@novnc/novnc/core/util/browser.js
../../../../../Users/jaywest/Myeve/node_modules/@novnc/novnc/core/rfb.js
./components/computer-viewer.tsx
./components/computer-workspace.tsx
./app/chat.tsx
[browser] ../../../../../Users/jaywest/Myeve/node_modules/@novnc/novnc/core/util/browser.js
The generated code contains 'async/await' because this module is using "topLevelAwait".
However, your target environment does not appear to support 'async/await'.
As a result, the code may not run as expected or may cause runtime errors.

Import trace for requested module:
../../../../../Users/jaywest/Myeve/node_modules/@novnc/novnc/core/util/browser.js
../../../../../Users/jaywest/Myeve/node_modules/@novnc/novnc/core/rfb.js
./components/computer-viewer.tsx
./components/computer-workspace.tsx
./app/chat.tsx
⚠ ../../../../../Users/jaywest/Myeve/node_modules/@novnc/novnc/core/util/browser.js
The generated code contains 'async/await' because this module is using "topLevelAwait".
However, your target environment does not appear to support 'async/await'.
As a result, the code may not run as expected or may cause runtime errors.

Import trace for requested module:
../../../../../Users/jaywest/Myeve/node_modules/@novnc/novnc/core/util/browser.js
../../../../../Users/jaywest/Myeve/node_modules/@novnc/novnc/core/rfb.js
./components/computer-viewer.tsx
./components/computer-workspace.tsx
./app/chat.tsx
Model catalog failed Error [GatewayAuthenticationError]: AI Gateway authentication failed: No authentication provided.

Option 1 - API key:
Create an API key: https://vercel.com/d?to=%2F%5Bteam%5D%2F%7E%2Fai%2Fapi-keys
Provide via 'apiKey' option or 'AI_GATEWAY_API_KEY' environment variable.

Option 2 - Vercel access token:
Pass a Vercel personal access token or Vercel app access token via the 'apiKey' option.

Option 3 - OIDC token:
Run 'npx vercel link' to link your project, then 'vc env pull' to fetch the token.
    at async GET (app/api/models/route.ts:11:24)
   9 |
  10 |   try {
> 11 |     const { models } = await gateway.getAvailableModels();
     |                        ^
  12 |     const language = models
  13 |       .filter((model) => (model.modelType ?? "language") === "language")
  14 |       .map((model) => ({ {
  statusCode: 401,
  generationId: undefined,
  isRetryable: false,
  type: 'authentication_error',
  [cause]: Error [VercelOidcTokenError]: The 'x-vercel-oidc-token' header is missing from the request. Do you have the OIDC option enabled in the Vercel project settings?
  Unable to find project root directory. Have you linked your project with `vc link?`
      at async GET (app/api/models/route.ts:11:24)
     9 |
    10 |   try {
  > 11 |     const { models } = await gateway.getAvailableModels();
       |                        ^
    12 |     const language = models
    13 |       .filter((model) => (model.modelType ?? "language") === "language")
    14 |       .map((model) => ({ {
    cause: undefined
  }
}
 GET /api/commands 200 in 1101ms (next.js: 976ms, application-code: 125ms)
 GET /api/models 503 in 1103ms (next.js: 977ms, application-code: 125ms)
[browser] ../../../../../Users/jaywest/Myeve/node_modules/@novnc/novnc/core/util/browser.js
The generated code contains 'async/await' because this module is using "topLevelAwait".
However, your target environment does not appear to support 'async/await'.
As a result, the code may not run as expected or may cause runtime errors.

Import trace for requested module:
../../../../../Users/jaywest/Myeve/node_modules/@novnc/novnc/core/util/browser.js
../../../../../Users/jaywest/Myeve/node_modules/@novnc/novnc/core/rfb.js
./components/computer-viewer.tsx
./components/computer-workspace.tsx
./app/chat.tsx
 GET /api/goals 200 in 1119ms (next.js: 984ms, application-code: 135ms)
⚠ ../../../../../Users/jaywest/Myeve/node_modules/@novnc/novnc/core/util/browser.js
The generated code contains 'async/await' because this module is using "topLevelAwait".
However, your target environment does not appear to support 'async/await'.
As a result, the code may not run as expected or may cause runtime errors.

Import trace for requested module:
../../../../../Users/jaywest/Myeve/node_modules/@novnc/novnc/core/util/browser.js
../../../../../Users/jaywest/Myeve/node_modules/@novnc/novnc/core/rfb.js
./components/computer-viewer.tsx
./components/computer-workspace.tsx
./app/chat.tsx
 GET /api/agents 200 in 1123ms (next.js: 977ms, application-code: 146ms)
 GET /api/threads 200 in 851ms (next.js: 703ms, application-code: 149ms)
 GET /api/goals/focus 200 in 1140ms (next.js: 979ms, application-code: 161ms)
[browser] ../../../../../Users/jaywest/Myeve/node_modules/@novnc/novnc/core/util/browser.js
The generated code contains 'async/await' because this module is using "topLevelAwait".
However, your target environment does not appear to support 'async/await'.
As a result, the code may not run as expected or may cause runtime errors.

Import trace for requested module:
../../../../../Users/jaywest/Myeve/node_modules/@novnc/novnc/core/util/browser.js
../../../../../Users/jaywest/Myeve/node_modules/@novnc/novnc/core/rfb.js
./components/computer-viewer.tsx
./components/computer-workspace.tsx
./app/chat.tsx
⚠ ../../../../../Users/jaywest/Myeve/node_modules/@novnc/novnc/core/util/browser.js
The generated code contains 'async/await' because this module is using "topLevelAwait".
However, your target environment does not appear to support 'async/await'.
As a result, the code may not run as expected or may cause runtime errors.

Import trace for requested module:
../../../../../Users/jaywest/Myeve/node_modules/@novnc/novnc/core/util/browser.js
../../../../../Users/jaywest/Myeve/node_modules/@novnc/novnc/core/rfb.js
./components/computer-viewer.tsx
./components/computer-workspace.tsx
./app/chat.tsx
Model catalog failed Error [GatewayAuthenticationError]: AI Gateway authentication failed: No authentication provided.

Option 1 - API key:
Create an API key: https://vercel.com/d?to=%2F%5Bteam%5D%2F%7E%2Fai%2Fapi-keys
Provide via 'apiKey' option or 'AI_GATEWAY_API_KEY' environment variable.

Option 2 - Vercel access token:
Pass a Vercel personal access token or Vercel app access token via the 'apiKey' option.

Option 3 - OIDC token:
Run 'npx vercel link' to link your project, then 'vc env pull' to fetch the token.
    at async GET (app/api/models/route.ts:11:24)
   9 |
  10 |   try {
> 11 |     const { models } = await gateway.getAvailableModels();
     |                        ^
  12 |     const language = models
  13 |       .filter((model) => (model.modelType ?? "language") === "language")
  14 |       .map((model) => ({ {
  statusCode: 401,
  generationId: undefined,
  isRetryable: false,
  type: 'authentication_error',
  [cause]: Error [VercelOidcTokenError]: The 'x-vercel-oidc-token' header is missing from the request. Do you have the OIDC option enabled in the Vercel project settings?
  Unable to find project root directory. Have you linked your project with `vc link?`
      at async GET (app/api/models/route.ts:11:24)
     9 |
    10 |   try {
  > 11 |     const { models } = await gateway.getAvailableModels();
       |                        ^
    12 |     const language = models
    13 |       .filter((model) => (model.modelType ?? "language") === "language")
    14 |       .map((model) => ({ {
    cause: undefined
  }
}
 GET /api/commands 200 in 1079ms (next.js: 977ms, application-code: 102ms)
 GET /api/models 503 in 1075ms (next.js: 973ms, application-code: 102ms)
 GET /api/capabilities 200 in 1092ms (next.js: 990ms, application-code: 102ms)
[browser] ../../../../../Users/jaywest/Myeve/node_modules/@novnc/novnc/core/util/browser.js
The generated code contains 'async/await' because this module is using "topLevelAwait".
However, your target environment does not appear to support 'async/await'.
As a result, the code may not run as expected or may cause runtime errors.

Import trace for requested module:
../../../../../Users/jaywest/Myeve/node_modules/@novnc/novnc/core/util/browser.js
../../../../../Users/jaywest/Myeve/node_modules/@novnc/novnc/core/rfb.js
./components/computer-viewer.tsx
./components/computer-workspace.tsx
./app/chat.tsx
 GET /api/goals 200 in 1075ms (next.js: 964ms, application-code: 111ms)
⚠ ../../../../../Users/jaywest/Myeve/node_modules/@novnc/novnc/core/util/browser.js
The generated code contains 'async/await' because this module is using "topLevelAwait".
However, your target environment does not appear to support 'async/await'.
As a result, the code may not run as expected or may cause runtime errors.

Import trace for requested module:
../../../../../Users/jaywest/Myeve/node_modules/@novnc/novnc/core/util/browser.js
../../../../../Users/jaywest/Myeve/node_modules/@novnc/novnc/core/rfb.js
./components/computer-viewer.tsx
./components/computer-workspace.tsx
./app/chat.tsx
 GET /api/agents 200 in 986ms (next.js: 867ms, application-code: 120ms)
[browser] ../../../../../Users/jaywest/Myeve/node_modules/@novnc/novnc/core/util/browser.js
The generated code contains 'async/await' because this module is using "topLevelAwait".
However, your target environment does not appear to support 'async/await'.
As a result, the code may not run as expected or may cause runtime errors.

Import trace for requested module:
../../../../../Users/jaywest/Myeve/node_modules/@novnc/novnc/core/util/browser.js
../../../../../Users/jaywest/Myeve/node_modules/@novnc/novnc/core/rfb.js
./components/computer-viewer.tsx
./components/computer-workspace.tsx
./app/chat.tsx
⚠ ../../../../../Users/jaywest/Myeve/node_modules/@novnc/novnc/core/util/browser.js
The generated code contains 'async/await' because this module is using "topLevelAwait".
However, your target environment does not appear to support 'async/await'.
As a result, the code may not run as expected or may cause runtime errors.

Import trace for requested module:
../../../../../Users/jaywest/Myeve/node_modules/@novnc/novnc/core/util/browser.js
../../../../../Users/jaywest/Myeve/node_modules/@novnc/novnc/core/rfb.js
./components/computer-viewer.tsx
./components/computer-workspace.tsx
./app/chat.tsx
[browser] ../../../../../Users/jaywest/Myeve/node_modules/@novnc/novnc/core/util/browser.js
The generated code contains 'async/await' because this module is using "topLevelAwait".
However, your target environment does not appear to support 'async/await'.
As a result, the code may not run as expected or may cause runtime errors.

Import trace for requested module:
../../../../../Users/jaywest/Myeve/node_modules/@novnc/novnc/core/util/browser.js
../../../../../Users/jaywest/Myeve/node_modules/@novnc/novnc/core/rfb.js
./components/computer-viewer.tsx
./components/computer-workspace.tsx
./app/chat.tsx
 GET /api/goals/goal_b96e7077-00db-43dd-913c-372f69f9301e 200 in 3.2s (next.js: 3.0s, application-code: 239ms)
 GET /api/goals/focus 200 in 3.2s (next.js: 3.0s, application-code: 243ms)
 GET /api/threads 200 in 3.2s (next.js: 3.0s, application-code: 241ms)
 GET /knowledge 200 in 4.3s (next.js: 3.1s, proxy.ts: 990ms, application-code: 245ms)
[browser] ../../../../../Users/jaywest/Myeve/node_modules/@novnc/novnc/core/util/browser.js
The generated code contains 'async/await' because this module is using "topLevelAwait".
However, your target environment does not appear to support 'async/await'.
As a result, the code may not run as expected or may cause runtime errors.
 GET /api/capabilities 200 in 4ms (next.js: 1.6ms, application-code: 2ms)
Model catalog failed Error [GatewayAuthenticationError]: AI Gateway authentication failed: No authentication provided.

Option 1 - API key:
Create an API key: https://vercel.com/d?to=%2F%5Bteam%5D%2F%7E%2Fai%2Fapi-keys
Provide via 'apiKey' option or 'AI_GATEWAY_API_KEY' environment variable.

Option 2 - Vercel access token:
Pass a Vercel personal access token or Vercel app access token via the 'apiKey' option.

Option 3 - OIDC token:
Run 'npx vercel link' to link your project, then 'vc env pull' to fetch the token.
    at async GET (app/api/models/route.ts:11:24)
   9 |
  10 |   try {
> 11 |     const { models } = await gateway.getAvailableModels();
     |                        ^
  12 |     const language = models
  13 |       .filter((model) => (model.modelType ?? "language") === "language")
  14 |       .map((model) => ({ {
  statusCode: 401,
  generationId: undefined,
  isRetryable: false,
  type: 'authentication_error',
  [cause]: Error [VercelOidcTokenError]: The 'x-vercel-oidc-token' header is missing from the request. Do you have the OIDC option enabled in the Vercel project settings?
  Unable to find project root directory. Have you linked your project with `vc link?`
      at async GET (app/api/models/route.ts:11:24)
     9 |
    10 |   try {
  > 11 |     const { models } = await gateway.getAvailableModels();
       |                        ^
    12 |     const language = models
    13 |       .filter((model) => (model.modelType ?? "language") === "language")
    14 |       .map((model) => ({ {
    cause: undefined
  }
}
 GET /api/models 503 in 22ms (next.js: 3ms, application-code: 20ms)
 GET /api/commands 200 in 28ms (next.js: 2ms, application-code: 26ms)
 GET /api/capabilities 200 in 1.3ms (next.js: 0.3ms, application-code: 1.1ms)
Model catalog failed Error [GatewayAuthenticationError]: AI Gateway authentication failed: No authentication provided.

Option 1 - API key:
Create an API key: https://vercel.com/d?to=%2F%5Bteam%5D%2F%7E%2Fai%2Fapi-keys
Provide via 'apiKey' option or 'AI_GATEWAY_API_KEY' environment variable.

Option 2 - Vercel access token:
Pass a Vercel personal access token or Vercel app access token via the 'apiKey' option.

Option 3 - OIDC token:
Run 'npx vercel link' to link your project, then 'vc env pull' to fetch the token.
    at async GET (app/api/models/route.ts:11:24)
   9 |
  10 |   try {
> 11 |     const { models } = await gateway.getAvailableModels();
     |                        ^
  12 |     const language = models
  13 |       .filter((model) => (model.modelType ?? "language") === "language")
  14 |       .map((model) => ({ {
  statusCode: 401,
  generationId: undefined,
  isRetryable: false,
  type: 'authentication_error',
  [cause]: Error [VercelOidcTokenError]: The 'x-vercel-oidc-token' header is missing from the request. Do you have the OIDC option enabled in the Vercel project settings?
  Unable to find project root directory. Have you linked your project with `vc link?`
      at async GET (app/api/models/route.ts:11:24)
     9 |
    10 |   try {
  > 11 |     const { models } = await gateway.getAvailableModels();
       |                        ^
    12 |     const language = models
    13 |       .filter((model) => (model.modelType ?? "language") === "language")
    14 |       .map((model) => ({ {
    cause: undefined
  }
}
 GET /api/models 503 in 3ms (next.js: 0.5ms, application-code: 3ms)
 GET /api/threads 200 in 15ms (next.js: 0.4ms, application-code: 14ms)
 GET /api/commands 200 in 1.1ms (next.js: 0.3ms, application-code: 0.8ms)
 GET /api/threads 200 in 1.7ms (next.js: 0.2ms, application-code: 1.5ms)
 GET /api/agents 200 in 53ms (next.js: 3ms, application-code: 50ms)
 GET /api/agents 200 in 4ms (next.js: 0.4ms, application-code: 4ms)
⚠ ../../../../../Users/jaywest/Myeve/node_modules/@novnc/novnc/core/util/browser.js
The generated code contains 'async/await' because this module is using "topLevelAwait".
However, your target environment does not appear to support 'async/await'.
As a result, the code may not run as expected or may cause runtime errors.

Import trace for requested module:
../../../../../Users/jaywest/Myeve/node_modules/@novnc/novnc/core/util/browser.js
../../../../../Users/jaywest/Myeve/node_modules/@novnc/novnc/core/rfb.js
./components/computer-viewer.tsx
./components/computer-workspace.tsx
./app/chat.tsx
[browser] ../../../../../Users/jaywest/Myeve/node_modules/@novnc/novnc/core/util/browser.js
The generated code contains 'async/await' because this module is using "topLevelAwait".
However, your target environment does not appear to support 'async/await'.
As a result, the code may not run as expected or may cause runtime errors.

Import trace for requested module:
../../../../../Users/jaywest/Myeve/node_modules/@novnc/novnc/core/util/browser.js
../../../../../Users/jaywest/Myeve/node_modules/@novnc/novnc/core/rfb.js
./components/computer-viewer.tsx
./components/computer-workspace.tsx
./app/chat.tsx
⚠ ../../../../../Users/jaywest/Myeve/node_modules/@novnc/novnc/core/util/browser.js
The generated code contains 'async/await' because this module is using "topLevelAwait".
However, your target environment does not appear to support 'async/await'.
As a result, the code may not run as expected or may cause runtime errors.

Import trace for requested module:
../../../../../Users/jaywest/Myeve/node_modules/@novnc/novnc/core/util/browser.js
../../../../../Users/jaywest/Myeve/node_modules/@novnc/novnc/core/rfb.js
./components/computer-viewer.tsx
./components/computer-workspace.tsx
./app/chat.tsx
[browser] ../../../../../Users/jaywest/Myeve/node_modules/@novnc/novnc/core/util/browser.js
The generated code contains 'async/await' because this module is using "topLevelAwait".
However, your target environment does not appear to support 'async/await'.
As a result, the code may not run as expected or may cause runtime errors.

Import trace for requested module:
../../../../../Users/jaywest/Myeve/node_modules/@novnc/novnc/core/util/browser.js
../../../../../Users/jaywest/Myeve/node_modules/@novnc/novnc/core/rfb.js
./components/computer-viewer.tsx
./components/computer-workspace.tsx
./app/chat.tsx
 GET /api/knowledge?type=decision 200 in 5.1s (next.js: 5.1s, application-code: 17ms)
⚠ ../../../../../Users/jaywest/Myeve/node_modules/@novnc/novnc/core/util/browser.js
The generated code contains 'async/await' because this module is using "topLevelAwait".
However, your target environment does not appear to support 'async/await'.
As a result, the code may not run as expected or may cause runtime errors.

Import trace for requested module:
../../../../../Users/jaywest/Myeve/node_modules/@novnc/novnc/core/util/browser.js
../../../../../Users/jaywest/Myeve/node_modules/@novnc/novnc/core/rfb.js
./components/computer-viewer.tsx
./components/computer-workspace.tsx
./app/chat.tsx
[browser] ../../../../../Users/jaywest/Myeve/node_modules/@novnc/novnc/core/util/browser.js
The generated code contains 'async/await' because this module is using "topLevelAwait".
However, your target environment does not appear to support 'async/await'.
As a result, the code may not run as expected or may cause runtime errors.

Import trace for requested module:
../../../../../Users/jaywest/Myeve/node_modules/@novnc/novnc/core/util/browser.js
../../../../../Users/jaywest/Myeve/node_modules/@novnc/novnc/core/rfb.js
./components/computer-viewer.tsx
./components/computer-workspace.tsx
./app/chat.tsx
[browser] ../../../../../Users/jaywest/Myeve/node_modules/@novnc/novnc/core/util/browser.js
The generated code contains 'async/await' because this module is using "topLevelAwait".
However, your target environment does not appear to support 'async/await'.
As a result, the code may not run as expected or may cause runtime errors.

Import trace for requested module:
../../../../../Users/jaywest/Myeve/node_modules/@novnc/novnc/core/util/browser.js
../../../../../Users/jaywest/Myeve/node_modules/@novnc/novnc/core/rfb.js
./components/computer-viewer.tsx
./components/computer-workspace.tsx
./app/chat.tsx
⚠ ../../../../../Users/jaywest/Myeve/node_modules/@novnc/novnc/core/util/browser.js
The generated code contains 'async/await' because this module is using "topLevelAwait".
However, your target environment does not appear to support 'async/await'.
As a result, the code may not run as expected or may cause runtime errors.

Import trace for requested module:
../../../../../Users/jaywest/Myeve/node_modules/@novnc/novnc/core/util/browser.js
../../../../../Users/jaywest/Myeve/node_modules/@novnc/novnc/core/rfb.js
./components/computer-viewer.tsx
./components/computer-workspace.tsx
./app/chat.tsx
[browser] ../../../../../Users/jaywest/Myeve/node_modules/@novnc/novnc/core/util/browser.js
The generated code contains 'async/await' because this module is using "topLevelAwait".
However, your target environment does not appear to support 'async/await'.
As a result, the code may not run as expected or may cause runtime errors.

Import trace for requested module:
../../../../../Users/jaywest/Myeve/node_modules/@novnc/novnc/core/util/browser.js
../../../../../Users/jaywest/Myeve/node_modules/@novnc/novnc/core/rfb.js
./components/computer-viewer.tsx
./components/computer-workspace.tsx
./app/chat.tsx
 GET /api/knowledge/knowledge_dd5729ca-a57e-405e-9f89-df668748aed7 200 in 3.3s (next.js: 3.0s, application-code: 366ms)
⚠ ../../../../../Users/jaywest/Myeve/node_modules/@novnc/novnc/core/util/browser.js
The generated code contains 'async/await' because this module is using "topLevelAwait".
However, your target environment does not appear to support 'async/await'.
As a result, the code may not run as expected or may cause runtime errors.

Import trace for requested module:
../../../../../Users/jaywest/Myeve/node_modules/@novnc/novnc/core/util/browser.js
../../../../../Users/jaywest/Myeve/node_modules/@novnc/novnc/core/rfb.js
./components/computer-viewer.tsx
./components/computer-workspace.tsx
./app/chat.tsx
⚠ ../../../../../Users/jaywest/Myeve/node_modules/@novnc/novnc/core/util/browser.js
The generated code contains 'async/await' because this module is using "topLevelAwait".
However, your target environment does not appear to support 'async/await'.
As a result, the code may not run as expected or may cause runtime errors.

Import trace for requested module:
../../../../../Users/jaywest/Myeve/node_modules/@novnc/novnc/core/util/browser.js
../../../../../Users/jaywest/Myeve/node_modules/@novnc/novnc/core/rfb.js
./components/computer-viewer.tsx
./components/computer-workspace.tsx
./app/chat.tsx
[browser] ../../../../../Users/jaywest/Myeve/node_modules/@novnc/novnc/core/util/browser.js
The generated code contains 'async/await' because this module is using "topLevelAwait".
However, your target environment does not appear to support 'async/await'.
As a result, the code may not run as expected or may cause runtime errors.

Import trace for requested module:
../../../../../Users/jaywest/Myeve/node_modules/@novnc/novnc/core/util/browser.js
../../../../../Users/jaywest/Myeve/node_modules/@novnc/novnc/core/rfb.js
./components/computer-viewer.tsx
./components/computer-workspace.tsx
./app/chat.tsx
 GET /agents 200 in 2.1s (next.js: 1566ms, proxy.ts: 419ms, application-code: 160ms)
[browser] ../../../../../Users/jaywest/Myeve/node_modules/@novnc/novnc/core/util/browser.js
The generated code contains 'async/await' because this module is using "topLevelAwait".
However, your target environment does not appear to support 'async/await'.
As a result, the code may not run as expected or may cause runtime errors.
⚠ ../../../../../Users/jaywest/Myeve/node_modules/@novnc/novnc/core/util/browser.js
The generated code contains 'async/await' because this module is using "topLevelAwait".
However, your target environment does not appear to support 'async/await'.
As a result, the code may not run as expected or may cause runtime errors.

Import trace for requested module:
../../../../../Users/jaywest/Myeve/node_modules/@novnc/novnc/core/util/browser.js
../../../../../Users/jaywest/Myeve/node_modules/@novnc/novnc/core/rfb.js
./components/computer-viewer.tsx
./components/computer-workspace.tsx
./app/chat.tsx
[browser] ../../../../../Users/jaywest/Myeve/node_modules/@novnc/novnc/core/util/browser.js
The generated code contains 'async/await' because this module is using "topLevelAwait".
However, your target environment does not appear to support 'async/await'.
As a result, the code may not run as expected or may cause runtime errors.

Import trace for requested module:
../../../../../Users/jaywest/Myeve/node_modules/@novnc/novnc/core/util/browser.js
../../../../../Users/jaywest/Myeve/node_modules/@novnc/novnc/core/rfb.js
./components/computer-viewer.tsx
./components/computer-workspace.tsx
./app/chat.tsx
⚠ ../../../../../Users/jaywest/Myeve/node_modules/@novnc/novnc/core/util/browser.js
The generated code contains 'async/await' because this module is using "topLevelAwait".
However, your target environment does not appear to support 'async/await'.
As a result, the code may not run as expected or may cause runtime errors.

Import trace for requested module:
../../../../../Users/jaywest/Myeve/node_modules/@novnc/novnc/core/util/browser.js
../../../../../Users/jaywest/Myeve/node_modules/@novnc/novnc/core/rfb.js
./components/computer-viewer.tsx
./components/computer-workspace.tsx
./app/chat.tsx
Model catalog failed Error [GatewayAuthenticationError]: AI Gateway authentication failed: No authentication provided.

Option 1 - API key:
Create an API key: https://vercel.com/d?to=%2F%5Bteam%5D%2F%7E%2Fai%2Fapi-keys
Provide via 'apiKey' option or 'AI_GATEWAY_API_KEY' environment variable.

Option 2 - Vercel access token:
Pass a Vercel personal access token or Vercel app access token via the 'apiKey' option.

Option 3 - OIDC token:
Run 'npx vercel link' to link your project, then 'vc env pull' to fetch the token.
    at async GET (app/api/models/route.ts:11:24)
   9 |
  10 |   try {
> 11 |     const { models } = await gateway.getAvailableModels();
     |                        ^
  12 |     const language = models
  13 |       .filter((model) => (model.modelType ?? "language") === "language")
  14 |       .map((model) => ({ {
  statusCode: 401,
  generationId: undefined,
  isRetryable: false,
  type: 'authentication_error',
  [cause]: Error [VercelOidcTokenError]: The 'x-vercel-oidc-token' header is missing from the request. Do you have the OIDC option enabled in the Vercel project settings?
  Unable to find project root directory. Have you linked your project with `vc link?`
      at async GET (app/api/models/route.ts:11:24)
     9 |
    10 |   try {
  > 11 |     const { models } = await gateway.getAvailableModels();
       |                        ^
    12 |     const language = models
    13 |       .filter((model) => (model.modelType ?? "language") === "language")
    14 |       .map((model) => ({ {
    cause: undefined
  }
}
 GET /api/commands 200 in 4.2s (next.js: 4.0s, application-code: 139ms)
 GET /api/models 503 in 4.2s (next.js: 4.0s, application-code: 139ms)
 GET /api/capabilities 200 in 4.2s (next.js: 4.0s, application-code: 139ms)
[browser] ../../../../../Users/jaywest/Myeve/node_modules/@novnc/novnc/core/util/browser.js
The generated code contains 'async/await' because this module is using "topLevelAwait".
However, your target environment does not appear to support 'async/await'.
As a result, the code may not run as expected or may cause runtime errors.

Import trace for requested module:
../../../../../Users/jaywest/Myeve/node_modules/@novnc/novnc/core/util/browser.js
../../../../../Users/jaywest/Myeve/node_modules/@novnc/novnc/core/rfb.js
./components/computer-viewer.tsx
./components/computer-workspace.tsx
./app/chat.tsx
 GET /review 200 in 4.9s (next.js: 4.3s, proxy.ts: 256ms, application-code: 283ms)
 GET /api/capabilities 200 in 1.9ms (next.js: 0.4ms, application-code: 1.4ms)
 GET /api/commands 200 in 1.3ms (next.js: 0.3ms, application-code: 1.0ms)
 GET /api/agents 200 in 4.3s (next.js: 4.0s, application-code: 293ms)
Model catalog failed Error [GatewayAuthenticationError]: AI Gateway authentication failed: No authentication provided.

Option 1 - API key:
Create an API key: https://vercel.com/d?to=%2F%5Bteam%5D%2F%7E%2Fai%2Fapi-keys
Provide via 'apiKey' option or 'AI_GATEWAY_API_KEY' environment variable.

Option 2 - Vercel access token:
Pass a Vercel personal access token or Vercel app access token via the 'apiKey' option.

Option 3 - OIDC token:
Run 'npx vercel link' to link your project, then 'vc env pull' to fetch the token.
    at async GET (app/api/models/route.ts:11:24)
   9 |
  10 |   try {
> 11 |     const { models } = await gateway.getAvailableModels();
     |                        ^
  12 |     const language = models
  13 |       .filter((model) => (model.modelType ?? "language") === "language")
  14 |       .map((model) => ({ {
  statusCode: 401,
  generationId: undefined,
  isRetryable: false,
  type: 'authentication_error',
  [cause]: Error [VercelOidcTokenError]: The 'x-vercel-oidc-token' header is missing from the request. Do you have the OIDC option enabled in the Vercel project settings?
  Unable to find project root directory. Have you linked your project with `vc link?`
      at async GET (app/api/models/route.ts:11:24)
     9 |
    10 |   try {
  > 11 |     const { models } = await gateway.getAvailableModels();
       |                        ^
    12 |     const language = models
    13 |       .filter((model) => (model.modelType ?? "language") === "language")
    14 |       .map((model) => ({ {
    cause: undefined
  }
}
 GET /api/models 503 in 2ms (next.js: 0.4ms, application-code: 2ms)
 GET /api/capabilities 200 in 1.3ms (next.js: 0.3ms, application-code: 1.0ms)
 GET /api/threads 200 in 4.3s (next.js: 4.0s, application-code: 341ms)
 GET /api/agents 200 in 15ms (next.js: 0.5ms, application-code: 14ms)
 GET /api/threads 200 in 4ms (next.js: 0.5ms, application-code: 4ms)
 GET /files 200 in 63ms (next.js: 31ms, proxy.ts: 10ms, application-code: 22ms)
 GET /api/agents 200 in 6ms (next.js: 0.3ms, application-code: 6ms)
 GET /api/agents 200 in 3ms (next.js: 0.4ms, application-code: 3ms)
[browser] ../../../../../Users/jaywest/Myeve/node_modules/@novnc/novnc/core/util/browser.js
The generated code contains 'async/await' because this module is using "topLevelAwait".
However, your target environment does not appear to support 'async/await'.
As a result, the code may not run as expected or may cause runtime errors.
⚠ ../../../../../Users/jaywest/Myeve/node_modules/@novnc/novnc/core/util/browser.js
The generated code contains 'async/await' because this module is using "topLevelAwait".
However, your target environment does not appear to support 'async/await'.
As a result, the code may not run as expected or may cause runtime errors.

Import trace for requested module:
../../../../../Users/jaywest/Myeve/node_modules/@novnc/novnc/core/util/browser.js
../../../../../Users/jaywest/Myeve/node_modules/@novnc/novnc/core/rfb.js
./components/computer-viewer.tsx
./components/computer-workspace.tsx
./app/chat.tsx
[browser] ../../../../../Users/jaywest/Myeve/node_modules/@novnc/novnc/core/util/browser.js
The generated code contains 'async/await' because this module is using "topLevelAwait".
However, your target environment does not appear to support 'async/await'.
As a result, the code may not run as expected or may cause runtime errors.

Import trace for requested module:
../../../../../Users/jaywest/Myeve/node_modules/@novnc/novnc/core/util/browser.js
../../../../../Users/jaywest/Myeve/node_modules/@novnc/novnc/core/rfb.js
./components/computer-viewer.tsx
./components/computer-workspace.tsx
./app/chat.tsx
⚠ ../../../../../Users/jaywest/Myeve/node_modules/@novnc/novnc/core/util/browser.js
The generated code contains 'async/await' because this module is using "topLevelAwait".
However, your target environment does not appear to support 'async/await'.
As a result, the code may not run as expected or may cause runtime errors.

Import trace for requested module:
../../../../../Users/jaywest/Myeve/node_modules/@novnc/novnc/core/util/browser.js
../../../../../Users/jaywest/Myeve/node_modules/@novnc/novnc/core/rfb.js
./components/computer-viewer.tsx
./components/computer-workspace.tsx
./app/chat.tsx
Model catalog failed Error [GatewayAuthenticationError]: AI Gateway authentication failed: No authentication provided.

Option 1 - API key:
Create an API key: https://vercel.com/d?to=%2F%5Bteam%5D%2F%7E%2Fai%2Fapi-keys
Provide via 'apiKey' option or 'AI_GATEWAY_API_KEY' environment variable.

Option 2 - Vercel access token:
Pass a Vercel personal access token or Vercel app access token via the 'apiKey' option.

Option 3 - OIDC token:
Run 'npx vercel link' to link your project, then 'vc env pull' to fetch the token.
    at async GET (app/api/models/route.ts:11:24)
   9 |
  10 |   try {
> 11 |     const { models } = await gateway.getAvailableModels();
     |                        ^
  12 |     const language = models
  13 |       .filter((model) => (model.modelType ?? "language") === "language")
  14 |       .map((model) => ({ {
  statusCode: 401,
  generationId: undefined,
  isRetryable: false,
  type: 'authentication_error',
  [cause]: Error [VercelOidcTokenError]: The 'x-vercel-oidc-token' header is missing from the request. Do you have the OIDC option enabled in the Vercel project settings?
  Unable to find project root directory. Have you linked your project with `vc link?`
      at async GET (app/api/models/route.ts:11:24)
     9 |
    10 |   try {
  > 11 |     const { models } = await gateway.getAvailableModels();
       |                        ^
    12 |     const language = models
    13 |       .filter((model) => (model.modelType ?? "language") === "language")
    14 |       .map((model) => ({ {
    cause: undefined
  }
}
 GET /api/commands 200 in 13.5s (next.js: 13.3s, application-code: 245ms)
 GET /api/models 503 in 13.5s (next.js: 13.3s, application-code: 245ms)
 GET /api/capabilities 200 in 7.1s (next.js: 6.8s, application-code: 245ms)
[browser] ../../../../../Users/jaywest/Myeve/node_modules/@novnc/novnc/core/util/browser.js
The generated code contains 'async/await' because this module is using "topLevelAwait".
However, your target environment does not appear to support 'async/await'.
As a result, the code may not run as expected or may cause runtime errors.

Import trace for requested module:
../../../../../Users/jaywest/Myeve/node_modules/@novnc/novnc/core/util/browser.js
../../../../../Users/jaywest/Myeve/node_modules/@novnc/novnc/core/rfb.js
./components/computer-viewer.tsx
./components/computer-workspace.tsx
./app/chat.tsx
 GET /api/agents 200 in 13.9s (next.js: 13.3s, application-code: 658ms)
 GET /api/threads 200 in 13.9s (next.js: 13.3s, application-code: 659ms)
 GET /api/commands 200 in 1.7ms (next.js: 0.5ms, application-code: 1.2ms)
 GET /api/files 200 in 14.0s (next.js: 13.3s, application-code: 664ms)
Model catalog failed Error [GatewayAuthenticationError]: AI Gateway authentication failed: No authentication provided.

Option 1 - API key:
Create an API key: https://vercel.com/d?to=%2F%5Bteam%5D%2F%7E%2Fai%2Fapi-keys
Provide via 'apiKey' option or 'AI_GATEWAY_API_KEY' environment variable.

Option 2 - Vercel access token:
Pass a Vercel personal access token or Vercel app access token via the 'apiKey' option.

Option 3 - OIDC token:
Run 'npx vercel link' to link your project, then 'vc env pull' to fetch the token.
    at async GET (app/api/models/route.ts:11:24)
   9 |
  10 |   try {
> 11 |     const { models } = await gateway.getAvailableModels();
     |                        ^
  12 |     const language = models
  13 |       .filter((model) => (model.modelType ?? "language") === "language")
  14 |       .map((model) => ({ {
  statusCode: 401,
  generationId: undefined,
  isRetryable: false,
  type: 'authentication_error',
  [cause]: Error [VercelOidcTokenError]: The 'x-vercel-oidc-token' header is missing from the request. Do you have the OIDC option enabled in the Vercel project settings?
  Unable to find project root directory. Have you linked your project with `vc link?`
      at async GET (app/api/models/route.ts:11:24)
     9 |
    10 |   try {
  > 11 |     const { models } = await gateway.getAvailableModels();
       |                        ^
    12 |     const language = models
    13 |       .filter((model) => (model.modelType ?? "language") === "language")
    14 |       .map((model) => ({ {
    cause: undefined
  }
}
 GET /api/models 503 in 3ms (next.js: 0.3ms, application-code: 3ms)
 GET /files 200 in 394ms (next.js: 112ms, proxy.ts: 6ms, application-code: 275ms)
 GET /api/agents 200 in 5ms (next.js: 1.4ms, application-code: 3ms)
 GET /manage 200 in 396ms (next.js: 67ms, proxy.ts: 6ms, application-code: 322ms)
 GET /manage/control 200 in 1544ms (next.js: 55ms, proxy.ts: 2ms, application-code: 1487ms)
[browser] ../../../../../Users/jaywest/Myeve/node_modules/@novnc/novnc/core/util/browser.js
The generated code contains 'async/await' because this module is using "topLevelAwait".
However, your target environment does not appear to support 'async/await'.
As a result, the code may not run as expected or may cause runtime errors.
 GET /api/capabilities 200 in 3ms (next.js: 0.6ms, application-code: 2ms)
⚠ ../../../../../Users/jaywest/Myeve/node_modules/@novnc/novnc/core/util/browser.js
The generated code contains 'async/await' because this module is using "topLevelAwait".
However, your target environment does not appear to support 'async/await'.
As a result, the code may not run as expected or may cause runtime errors.

Import trace for requested module:
../../../../../Users/jaywest/Myeve/node_modules/@novnc/novnc/core/util/browser.js
../../../../../Users/jaywest/Myeve/node_modules/@novnc/novnc/core/rfb.js
./components/computer-viewer.tsx
./components/computer-workspace.tsx
./app/chat.tsx
[browser] ../../../../../Users/jaywest/Myeve/node_modules/@novnc/novnc/core/util/browser.js
The generated code contains 'async/await' because this module is using "topLevelAwait".
However, your target environment does not appear to support 'async/await'.
As a result, the code may not run as expected or may cause runtime errors.

Import trace for requested module:
../../../../../Users/jaywest/Myeve/node_modules/@novnc/novnc/core/util/browser.js
../../../../../Users/jaywest/Myeve/node_modules/@novnc/novnc/core/rfb.js
./components/computer-viewer.tsx
./components/computer-workspace.tsx
./app/chat.tsx
⚠ ../../../../../Users/jaywest/Myeve/node_modules/@novnc/novnc/core/util/browser.js
The generated code contains 'async/await' because this module is using "topLevelAwait".
However, your target environment does not appear to support 'async/await'.
As a result, the code may not run as expected or may cause runtime errors.

Import trace for requested module:
../../../../../Users/jaywest/Myeve/node_modules/@novnc/novnc/core/util/browser.js
../../../../../Users/jaywest/Myeve/node_modules/@novnc/novnc/core/rfb.js
./components/computer-viewer.tsx
./components/computer-workspace.tsx
./app/chat.tsx
Model catalog failed Error [GatewayAuthenticationError]: AI Gateway authentication failed: No authentication provided.

Option 1 - API key:
Create an API key: https://vercel.com/d?to=%2F%5Bteam%5D%2F%7E%2Fai%2Fapi-keys
Provide via 'apiKey' option or 'AI_GATEWAY_API_KEY' environment variable.

Option 2 - Vercel access token:
Pass a Vercel personal access token or Vercel app access token via the 'apiKey' option.

Option 3 - OIDC token:
Run 'npx vercel link' to link your project, then 'vc env pull' to fetch the token.
    at async GET (app/api/models/route.ts:11:24)
   9 |
  10 |   try {
> 11 |     const { models } = await gateway.getAvailableModels();
     |                        ^
  12 |     const language = models
  13 |       .filter((model) => (model.modelType ?? "language") === "language")
  14 |       .map((model) => ({ {
  statusCode: 401,
  generationId: undefined,
  isRetryable: false,
  type: 'authentication_error',
  [cause]: Error [VercelOidcTokenError]: The 'x-vercel-oidc-token' header is missing from the request. Do you have the OIDC option enabled in the Vercel project settings?
  Unable to find project root directory. Have you linked your project with `vc link?`
      at async GET (app/api/models/route.ts:11:24)
     9 |
    10 |   try {
  > 11 |     const { models } = await gateway.getAvailableModels();
       |                        ^
    12 |     const language = models
    13 |       .filter((model) => (model.modelType ?? "language") === "language")
    14 |       .map((model) => ({ {
    cause: undefined
  }
}
 GET /api/update-check 200 in 5.6s (next.js: 5.5s, application-code: 142ms)
 GET /api/commands 200 in 5.6s (next.js: 5.5s, application-code: 142ms)
 GET /api/models 503 in 5.6s (next.js: 5.5s, application-code: 143ms)
[browser] ../../../../../Users/jaywest/Myeve/node_modules/@novnc/novnc/core/util/browser.js
The generated code contains 'async/await' because this module is using "topLevelAwait".
However, your target environment does not appear to support 'async/await'.
As a result, the code may not run as expected or may cause runtime errors.

Import trace for requested module:
../../../../../Users/jaywest/Myeve/node_modules/@novnc/novnc/core/util/browser.js
../../../../../Users/jaywest/Myeve/node_modules/@novnc/novnc/core/rfb.js
./components/computer-viewer.tsx
./components/computer-workspace.tsx
./app/chat.tsx
 GET /api/capabilities 200 in 1.7ms (next.js: 0.4ms, application-code: 1.4ms)
⚠ ../../../../../Users/jaywest/Myeve/node_modules/@novnc/novnc/core/util/browser.js
The generated code contains 'async/await' because this module is using "topLevelAwait".
However, your target environment does not appear to support 'async/await'.
As a result, the code may not run as expected or may cause runtime errors.

Import trace for requested module:
../../../../../Users/jaywest/Myeve/node_modules/@novnc/novnc/core/util/browser.js
../../../../../Users/jaywest/Myeve/node_modules/@novnc/novnc/core/rfb.js
./components/computer-viewer.tsx
./components/computer-workspace.tsx
./app/chat.tsx
 GET /api/agents 200 in 5.6s (next.js: 5.5s, application-code: 159ms)
 GET /api/threads 200 in 5.6s (next.js: 5.4s, application-code: 162ms)
[browser] ../../../../../Users/jaywest/Myeve/node_modules/@novnc/novnc/core/util/browser.js
The generated code contains 'async/await' because this module is using "topLevelAwait".
However, your target environment does not appear to support 'async/await'.
As a result, the code may not run as expected or may cause runtime errors.

Import trace for requested module:
../../../../../Users/jaywest/Myeve/node_modules/@novnc/novnc/core/util/browser.js
../../../../../Users/jaywest/Myeve/node_modules/@novnc/novnc/core/rfb.js
./components/computer-viewer.tsx
./components/computer-workspace.tsx
./app/chat.tsx
⚠ ../../../../../Users/jaywest/Myeve/node_modules/@novnc/novnc/core/util/browser.js
The generated code contains 'async/await' because this module is using "topLevelAwait".
However, your target environment does not appear to support 'async/await'.
As a result, the code may not run as expected or may cause runtime errors.

Import trace for requested module:
../../../../../Users/jaywest/Myeve/node_modules/@novnc/novnc/core/util/browser.js
../../../../../Users/jaywest/Myeve/node_modules/@novnc/novnc/core/rfb.js
./components/computer-viewer.tsx
./components/computer-workspace.tsx
./app/chat.tsx
 GET /api/update-check 200 in 5.0s (next.js: 4.9s, application-code: 39ms)
[browser] ../../../../../Users/jaywest/Myeve/node_modules/@novnc/novnc/core/util/browser.js
The generated code contains 'async/await' because this module is using "topLevelAwait".
However, your target environment does not appear to support 'async/await'.
As a result, the code may not run as expected or may cause runtime errors.

Import trace for requested module:
../../../../../Users/jaywest/Myeve/node_modules/@novnc/novnc/core/util/browser.js
../../../../../Users/jaywest/Myeve/node_modules/@novnc/novnc/core/rfb.js
./components/computer-viewer.tsx
./components/computer-workspace.tsx
./app/chat.tsx
 GET /api/automations 200 in 6.3s (next.js: 6.0s, application-code: 317ms)
 GET /api/actions 200 in 6.3s (next.js: 6.0s, application-code: 318ms)
 GET /api/control?view=all 200 in 6.3s (next.js: 6.0s, application-code: 321ms)
 GET /api/routines 200 in 6.3s (next.js: 6.0s, application-code: 324ms)
 GET /api/control?view=all 200 in 6.3s (next.js: 6.0s, application-code: 325ms)
 GET /api/commands 200 in 29ms (next.js: 2ms, application-code: 27ms)
Model catalog failed Error [GatewayAuthenticationError]: AI Gateway authentication failed: No authentication provided.

Option 1 - API key:
Create an API key: https://vercel.com/d?to=%2F%5Bteam%5D%2F%7E%2Fai%2Fapi-keys
Provide via 'apiKey' option or 'AI_GATEWAY_API_KEY' environment variable.

Option 2 - Vercel access token:
Pass a Vercel personal access token or Vercel app access token via the 'apiKey' option.

Option 3 - OIDC token:
Run 'npx vercel link' to link your project, then 'vc env pull' to fetch the token.
    at async GET (app/api/models/route.ts:11:24)
   9 |
  10 |   try {
> 11 |     const { models } = await gateway.getAvailableModels();
     |                        ^
  12 |     const language = models
  13 |       .filter((model) => (model.modelType ?? "language") === "language")
  14 |       .map((model) => ({ {
  statusCode: 401,
  generationId: undefined,
  isRetryable: false,
  type: 'authentication_error',
  [cause]: Error [VercelOidcTokenError]: The 'x-vercel-oidc-token' header is missing from the request. Do you have the OIDC option enabled in the Vercel project settings?
  Unable to find project root directory. Have you linked your project with `vc link?`
      at async GET (app/api/models/route.ts:11:24)
     9 |
    10 |   try {
  > 11 |     const { models } = await gateway.getAvailableModels();
       |                        ^
    12 |     const language = models
    13 |       .filter((model) => (model.modelType ?? "language") === "language")
    14 |       .map((model) => ({ {
    cause: undefined
  }
}
 GET /api/models 503 in 15ms (next.js: 1.7ms, application-code: 13ms)
 GET /api/capabilities 200 in 3ms (next.js: 1.2ms, application-code: 1.8ms)
 GET /api/automations 200 in 13ms (next.js: 0.3ms, application-code: 13ms)
 GET /api/control?view=all 200 in 15ms (next.js: 0.4ms, application-code: 15ms)
 GET /api/agents 200 in 42ms (next.js: 4ms, application-code: 38ms)
 GET /manage/routines 200 in 113ms (next.js: 80ms, proxy.ts: 14ms, application-code: 19ms)
 GET /api/threads 200 in 40ms (next.js: 5ms, application-code: 35ms)
[browser] ../../../../../Users/jaywest/Myeve/node_modules/@novnc/novnc/core/util/browser.js
The generated code contains 'async/await' because this module is using "topLevelAwait".
However, your target environment does not appear to support 'async/await'.
As a result, the code may not run as expected or may cause runtime errors.
 GET /api/capabilities 200 in 2ms (next.js: 0.6ms, application-code: 1.6ms)
 GET /api/update-check 200 in 1.8ms (next.js: 0.5ms, application-code: 1.4ms)
Model catalog failed Error [GatewayAuthenticationError]: AI Gateway authentication failed: No authentication provided.

Option 1 - API key:
Create an API key: https://vercel.com/d?to=%2F%5Bteam%5D%2F%7E%2Fai%2Fapi-keys
Provide via 'apiKey' option or 'AI_GATEWAY_API_KEY' environment variable.

Option 2 - Vercel access token:
Pass a Vercel personal access token or Vercel app access token via the 'apiKey' option.

Option 3 - OIDC token:
Run 'npx vercel link' to link your project, then 'vc env pull' to fetch the token.
    at async GET (app/api/models/route.ts:11:24)
   9 |
  10 |   try {
> 11 |     const { models } = await gateway.getAvailableModels();
     |                        ^
  12 |     const language = models
  13 |       .filter((model) => (model.modelType ?? "language") === "language")
  14 |       .map((model) => ({ {
  statusCode: 401,
  generationId: undefined,
  isRetryable: false,
  type: 'authentication_error',
  [cause]: Error [VercelOidcTokenError]: The 'x-vercel-oidc-token' header is missing from the request. Do you have the OIDC option enabled in the Vercel project settings?
  Unable to find project root directory. Have you linked your project with `vc link?`
      at async GET (app/api/models/route.ts:11:24)
     9 |
    10 |   try {
  > 11 |     const { models } = await gateway.getAvailableModels();
       |                        ^
    12 |     const language = models
    13 |       .filter((model) => (model.modelType ?? "language") === "language")
    14 |       .map((model) => ({ {
    cause: undefined
  }
}
 GET /api/models 503 in 3ms (next.js: 0.6ms, application-code: 3ms)
 GET /api/commands 200 in 1.4ms (next.js: 0.3ms, application-code: 1.0ms)
 GET /api/capabilities 200 in 3ms (next.js: 0.4ms, application-code: 3ms)
 GET /api/threads 200 in 3ms (next.js: 0.3ms, application-code: 2ms)
 GET /api/capabilities 200 in 1.9ms (next.js: 0.3ms, application-code: 1.6ms)
Model catalog failed Error [GatewayAuthenticationError]: AI Gateway authentication failed: No authentication provided.

Option 1 - API key:
Create an API key: https://vercel.com/d?to=%2F%5Bteam%5D%2F%7E%2Fai%2Fapi-keys
Provide via 'apiKey' option or 'AI_GATEWAY_API_KEY' environment variable.

Option 2 - Vercel access token:
Pass a Vercel personal access token or Vercel app access token via the 'apiKey' option.

Option 3 - OIDC token:
Run 'npx vercel link' to link your project, then 'vc env pull' to fetch the token.
    at async GET (app/api/models/route.ts:11:24)
   9 |
  10 |   try {
> 11 |     const { models } = await gateway.getAvailableModels();
     |                        ^
  12 |     const language = models
  13 |       .filter((model) => (model.modelType ?? "language") === "language")
  14 |       .map((model) => ({ {
  statusCode: 401,
  generationId: undefined,
  isRetryable: false,
  type: 'authentication_error',
  [cause]: Error [VercelOidcTokenError]: The 'x-vercel-oidc-token' header is missing from the request. Do you have the OIDC option enabled in the Vercel project settings?
  Unable to find project root directory. Have you linked your project with `vc link?`
      at async GET (app/api/models/route.ts:11:24)
     9 |
    10 |   try {
  > 11 |     const { models } = await gateway.getAvailableModels();
       |                        ^
    12 |     const language = models
    13 |       .filter((model) => (model.modelType ?? "language") === "language")
    14 |       .map((model) => ({ {
    cause: undefined
  }
}
 GET /api/models 503 in 2ms (next.js: 0.3ms, application-code: 2ms)
 GET /api/update-check 200 in 1.0ms (next.js: 0.3ms, application-code: 0.7ms)
 GET /api/agents 200 in 16ms (next.js: 0.4ms, application-code: 15ms)
 GET /api/commands 200 in 1.1ms (next.js: 0.3ms, application-code: 0.8ms)
 GET /api/capabilities 200 in 1.6ms (next.js: 0.3ms, application-code: 1.4ms)
 GET /api/threads 200 in 3ms (next.js: 0.2ms, application-code: 3ms)
 GET /api/agents 200 in 4ms (next.js: 0.6ms, application-code: 4ms)
 GET /api/automations 200 in 3ms (next.js: 0.3ms, application-code: 3ms)
 GET /api/routines 200 in 8ms (next.js: 0.5ms, application-code: 7ms)
 GET /api/routines 200 in 8ms (next.js: 0.3ms, application-code: 8ms)
 GET /api/automations 200 in 2ms (next.js: 0.5ms, application-code: 2.0ms)
 GET /api/threads 200 in 7ms (next.js: 0.7ms, application-code: 6ms)
 GET /api/threads 200 in 20ms (next.js: 1.6ms, application-code: 19ms)
 GET /api/threads 200 in 10ms (next.js: 3ms, application-code: 8ms)
 GET /files 200 in 46ms (next.js: 26ms, proxy.ts: 2ms, application-code: 18ms)
[browser] ../../../../../Users/jaywest/Myeve/node_modules/@novnc/novnc/core/util/browser.js
The generated code contains 'async/await' because this module is using "topLevelAwait".
However, your target environment does not appear to support 'async/await'.
As a result, the code may not run as expected or may cause runtime errors.
 GET /api/capabilities 200 in 4ms (next.js: 0.6ms, application-code: 3ms)
Model catalog failed Error [GatewayAuthenticationError]: AI Gateway authentication failed: No authentication provided.

Option 1 - API key:
Create an API key: https://vercel.com/d?to=%2F%5Bteam%5D%2F%7E%2Fai%2Fapi-keys
Provide via 'apiKey' option or 'AI_GATEWAY_API_KEY' environment variable.

Option 2 - Vercel access token:
Pass a Vercel personal access token or Vercel app access token via the 'apiKey' option.

Option 3 - OIDC token:
Run 'npx vercel link' to link your project, then 'vc env pull' to fetch the token.
    at async GET (app/api/models/route.ts:11:24)
   9 |
  10 |   try {
> 11 |     const { models } = await gateway.getAvailableModels();
     |                        ^
  12 |     const language = models
  13 |       .filter((model) => (model.modelType ?? "language") === "language")
  14 |       .map((model) => ({ {
  statusCode: 401,
  generationId: undefined,
  isRetryable: false,
  type: 'authentication_error',
  [cause]: Error [VercelOidcTokenError]: The 'x-vercel-oidc-token' header is missing from the request. Do you have the OIDC option enabled in the Vercel project settings?
  Unable to find project root directory. Have you linked your project with `vc link?`
      at async GET (app/api/models/route.ts:11:24)
     9 |
    10 |   try {
  > 11 |     const { models } = await gateway.getAvailableModels();
       |                        ^
    12 |     const language = models
    13 |       .filter((model) => (model.modelType ?? "language") === "language")
    14 |       .map((model) => ({ {
    cause: undefined
  }
}
 GET /api/models 503 in 3ms (next.js: 0.4ms, application-code: 2ms)
 GET /api/commands 200 in 1.1ms (next.js: 0.3ms, application-code: 0.9ms)
 GET /api/capabilities 200 in 1.3ms (next.js: 0.3ms, application-code: 1.0ms)
Model catalog failed Error [GatewayAuthenticationError]: AI Gateway authentication failed: No authentication provided.

Option 1 - API key:
Create an API key: https://vercel.com/d?to=%2F%5Bteam%5D%2F%7E%2Fai%2Fapi-keys
Provide via 'apiKey' option or 'AI_GATEWAY_API_KEY' environment variable.

Option 2 - Vercel access token:
Pass a Vercel personal access token or Vercel app access token via the 'apiKey' option.

Option 3 - OIDC token:
Run 'npx vercel link' to link your project, then 'vc env pull' to fetch the token.
    at async GET (app/api/models/route.ts:11:24)
   9 |
  10 |   try {
> 11 |     const { models } = await gateway.getAvailableModels();
     |                        ^
  12 |     const language = models
  13 |       .filter((model) => (model.modelType ?? "language") === "language")
  14 |       .map((model) => ({ {
  statusCode: 401,
  generationId: undefined,
  isRetryable: false,
  type: 'authentication_error',
  [cause]: Error [VercelOidcTokenError]: The 'x-vercel-oidc-token' header is missing from the request. Do you have the OIDC option enabled in the Vercel project settings?
  Unable to find project root directory. Have you linked your project with `vc link?`
      at async GET (app/api/models/route.ts:11:24)
     9 |
    10 |   try {
  > 11 |     const { models } = await gateway.getAvailableModels();
       |                        ^
    12 |     const language = models
    13 |       .filter((model) => (model.modelType ?? "language") === "language")
    14 |       .map((model) => ({ {
    cause: undefined
  }
}
 GET /api/models 503 in 2ms (next.js: 0.4ms, application-code: 2ms)
 GET /api/commands 200 in 1.3ms (next.js: 0.3ms, application-code: 1.0ms)
 GET /api/threads 200 in 10ms (next.js: 0.5ms, application-code: 9ms)
 GET /api/agents 200 in 14ms (next.js: 0.3ms, application-code: 13ms)
 GET /api/threads 200 in 3ms (next.js: 0.5ms, application-code: 3ms)
 GET /api/files 200 in 187ms (next.js: 9ms, application-code: 178ms)
 GET /api/agents 200 in 6ms (next.js: 0.3ms, application-code: 5ms)
 GET /api/files 200 in 2ms (next.js: 0.5ms, application-code: 2ms)
 GET /api/files 200 in 14ms (next.js: 1.2ms, application-code: 13ms)
 GET /results 200 in 46ms (next.js: 24ms, proxy.ts: 1.9ms, application-code: 20ms)
[browser] ../../../../../Users/jaywest/Myeve/node_modules/@novnc/novnc/core/util/browser.js
The generated code contains 'async/await' because this module is using "topLevelAwait".
However, your target environment does not appear to support 'async/await'.
As a result, the code may not run as expected or may cause runtime errors.
⚠ ../../../../../Users/jaywest/Myeve/node_modules/@novnc/novnc/core/util/browser.js
The generated code contains 'async/await' because this module is using "topLevelAwait".
However, your target environment does not appear to support 'async/await'.
As a result, the code may not run as expected or may cause runtime errors.

Import trace for requested module:
../../../../../Users/jaywest/Myeve/node_modules/@novnc/novnc/core/util/browser.js
../../../../../Users/jaywest/Myeve/node_modules/@novnc/novnc/core/rfb.js
./components/computer-viewer.tsx
./components/computer-workspace.tsx
./app/chat.tsx
[browser] ../../../../../Users/jaywest/Myeve/node_modules/@novnc/novnc/core/util/browser.js
The generated code contains 'async/await' because this module is using "topLevelAwait".
However, your target environment does not appear to support 'async/await'.
As a result, the code may not run as expected or may cause runtime errors.

Import trace for requested module:
../../../../../Users/jaywest/Myeve/node_modules/@novnc/novnc/core/util/browser.js
../../../../../Users/jaywest/Myeve/node_modules/@novnc/novnc/core/rfb.js
./components/computer-viewer.tsx
./components/computer-workspace.tsx
./app/chat.tsx
⚠ ../../../../../Users/jaywest/Myeve/node_modules/@novnc/novnc/core/util/browser.js
The generated code contains 'async/await' because this module is using "topLevelAwait".
However, your target environment does not appear to support 'async/await'.
As a result, the code may not run as expected or may cause runtime errors.

Import trace for requested module:
../../../../../Users/jaywest/Myeve/node_modules/@novnc/novnc/core/util/browser.js
../../../../../Users/jaywest/Myeve/node_modules/@novnc/novnc/core/rfb.js
./components/computer-viewer.tsx
./components/computer-workspace.tsx
./app/chat.tsx
Model catalog failed Error [GatewayAuthenticationError]: AI Gateway authentication failed: No authentication provided.

Option 1 - API key:
Create an API key: https://vercel.com/d?to=%2F%5Bteam%5D%2F%7E%2Fai%2Fapi-keys
Provide via 'apiKey' option or 'AI_GATEWAY_API_KEY' environment variable.

Option 2 - Vercel access token:
Pass a Vercel personal access token or Vercel app access token via the 'apiKey' option.

Option 3 - OIDC token:
Run 'npx vercel link' to link your project, then 'vc env pull' to fetch the token.
    at async GET (app/api/models/route.ts:11:24)
   9 |
  10 |   try {
> 11 |     const { models } = await gateway.getAvailableModels();
     |                        ^
  12 |     const language = models
  13 |       .filter((model) => (model.modelType ?? "language") === "language")
  14 |       .map((model) => ({ {
  statusCode: 401,
  generationId: undefined,
  isRetryable: false,
  type: 'authentication_error',
  [cause]: Error [VercelOidcTokenError]: The 'x-vercel-oidc-token' header is missing from the request. Do you have the OIDC option enabled in the Vercel project settings?
  Unable to find project root directory. Have you linked your project with `vc link?`
      at async GET (app/api/models/route.ts:11:24)
     9 |
    10 |   try {
  > 11 |     const { models } = await gateway.getAvailableModels();
       |                        ^
    12 |     const language = models
    13 |       .filter((model) => (model.modelType ?? "language") === "language")
    14 |       .map((model) => ({ {
    cause: undefined
  }
}
 GET /api/commands 200 in 6.6s (next.js: 6.5s, application-code: 138ms)
 GET /api/models 503 in 6.6s (next.js: 6.5s, application-code: 138ms)
[browser] ../../../../../Users/jaywest/Myeve/node_modules/@novnc/novnc/core/util/browser.js
The generated code contains 'async/await' because this module is using "topLevelAwait".
However, your target environment does not appear to support 'async/await'.
As a result, the code may not run as expected or may cause runtime errors.

Import trace for requested module:
../../../../../Users/jaywest/Myeve/node_modules/@novnc/novnc/core/util/browser.js
../../../../../Users/jaywest/Myeve/node_modules/@novnc/novnc/core/rfb.js
./components/computer-viewer.tsx
./components/computer-workspace.tsx
./app/chat.tsx
 GET /api/capabilities 200 in 1.9ms (next.js: 0.6ms, application-code: 1.4ms)
 GET /api/commands 200 in 1.9ms (next.js: 0.6ms, application-code: 1.3ms)
 GET /api/agents 200 in 6.6s (next.js: 6.5s, application-code: 150ms)
 GET /api/outcomes?limit=100 200 in 4.3s (next.js: 4.2s, application-code: 150ms)
 GET /api/outcomes?limit=100 200 in 6.7s (next.js: 6.5s, application-code: 151ms)
Model catalog failed Error [GatewayAuthenticationError]: AI Gateway authentication failed: No authentication provided.

Option 1 - API key:
Create an API key: https://vercel.com/d?to=%2F%5Bteam%5D%2F%7E%2Fai%2Fapi-keys
Provide via 'apiKey' option or 'AI_GATEWAY_API_KEY' environment variable.

Option 2 - Vercel access token:
Pass a Vercel personal access token or Vercel app access token via the 'apiKey' option.

Option 3 - OIDC token:
Run 'npx vercel link' to link your project, then 'vc env pull' to fetch the token.
    at async GET (app/api/models/route.ts:11:24)
   9 |
  10 |   try {
> 11 |     const { models } = await gateway.getAvailableModels();
     |                        ^
  12 |     const language = models
  13 |       .filter((model) => (model.modelType ?? "language") === "language")
  14 |       .map((model) => ({ {
  statusCode: 401,
  generationId: undefined,
  isRetryable: false,
  type: 'authentication_error',
  [cause]: Error [VercelOidcTokenError]: The 'x-vercel-oidc-token' header is missing from the request. Do you have the OIDC option enabled in the Vercel project settings?
  Unable to find project root directory. Have you linked your project with `vc link?`
      at async GET (app/api/models/route.ts:11:24)
     9 |
    10 |   try {
  > 11 |     const { models } = await gateway.getAvailableModels();
       |                        ^
    12 |     const language = models
    13 |       .filter((model) => (model.modelType ?? "language") === "language")
    14 |       .map((model) => ({ {
    cause: undefined
  }
}
 GET /api/models 503 in 3ms (next.js: 0.5ms, application-code: 2ms)
 GET /api/threads 200 in 6.6s (next.js: 6.5s, application-code: 158ms)
 GET /api/agents 200 in 5ms (next.js: 0.4ms, application-code: 4ms)
 GET /api/threads 200 in 8ms (next.js: 0.4ms, application-code: 8ms)
 GET /manage/control 200 in 340ms (next.js: 56ms, proxy.ts: 1.8ms, application-code: 283ms)
[browser] ../../../../../Users/jaywest/Myeve/node_modules/@novnc/novnc/core/util/browser.js
The generated code contains 'async/await' because this module is using "topLevelAwait".
However, your target environment does not appear to support 'async/await'.
As a result, the code may not run as expected or may cause runtime errors.
 GET /api/capabilities 200 in 3ms (next.js: 0.6ms, application-code: 2.0ms)
⚠ ../../../../../Users/jaywest/Myeve/node_modules/@novnc/novnc/core/util/browser.js
The generated code contains 'async/await' because this module is using "topLevelAwait".
However, your target environment does not appear to support 'async/await'.
As a result, the code may not run as expected or may cause runtime errors.

Import trace for requested module:
../../../../../Users/jaywest/Myeve/node_modules/@novnc/novnc/core/util/browser.js
../../../../../Users/jaywest/Myeve/node_modules/@novnc/novnc/core/rfb.js
./components/computer-viewer.tsx
./components/computer-workspace.tsx
./app/chat.tsx
[browser] ../../../../../Users/jaywest/Myeve/node_modules/@novnc/novnc/core/util/browser.js
The generated code contains 'async/await' because this module is using "topLevelAwait".
However, your target environment does not appear to support 'async/await'.
As a result, the code may not run as expected or may cause runtime errors.

Import trace for requested module:
../../../../../Users/jaywest/Myeve/node_modules/@novnc/novnc/core/util/browser.js
../../../../../Users/jaywest/Myeve/node_modules/@novnc/novnc/core/rfb.js
./components/computer-viewer.tsx
./components/computer-workspace.tsx
./app/chat.tsx
⚠ ../../../../../Users/jaywest/Myeve/node_modules/@novnc/novnc/core/util/browser.js
The generated code contains 'async/await' because this module is using "topLevelAwait".
However, your target environment does not appear to support 'async/await'.
As a result, the code may not run as expected or may cause runtime errors.

Import trace for requested module:
../../../../../Users/jaywest/Myeve/node_modules/@novnc/novnc/core/util/browser.js
../../../../../Users/jaywest/Myeve/node_modules/@novnc/novnc/core/rfb.js
./components/computer-viewer.tsx
./components/computer-workspace.tsx
./app/chat.tsx
Model catalog failed Error [GatewayAuthenticationError]: AI Gateway authentication failed: No authentication provided.

Option 1 - API key:
Create an API key: https://vercel.com/d?to=%2F%5Bteam%5D%2F%7E%2Fai%2Fapi-keys
Provide via 'apiKey' option or 'AI_GATEWAY_API_KEY' environment variable.

Option 2 - Vercel access token:
Pass a Vercel personal access token or Vercel app access token via the 'apiKey' option.

Option 3 - OIDC token:
Run 'npx vercel link' to link your project, then 'vc env pull' to fetch the token.
    at async GET (app/api/models/route.ts:11:24)
   9 |
  10 |   try {
> 11 |     const { models } = await gateway.getAvailableModels();
     |                        ^
  12 |     const language = models
  13 |       .filter((model) => (model.modelType ?? "language") === "language")
  14 |       .map((model) => ({ {
  statusCode: 401,
  generationId: undefined,
  isRetryable: false,
  type: 'authentication_error',
  [cause]: Error [VercelOidcTokenError]: The 'x-vercel-oidc-token' header is missing from the request. Do you have the OIDC option enabled in the Vercel project settings?
  Unable to find project root directory. Have you linked your project with `vc link?`
      at async GET (app/api/models/route.ts:11:24)
     9 |
    10 |   try {
  > 11 |     const { models } = await gateway.getAvailableModels();
       |                        ^
    12 |     const language = models
    13 |       .filter((model) => (model.modelType ?? "language") === "language")
    14 |       .map((model) => ({ {
    cause: undefined
  }
}
 GET /api/update-check 200 in 1401ms (next.js: 1258ms, application-code: 143ms)
 GET /api/commands 200 in 1395ms (next.js: 1251ms, application-code: 144ms)
 GET /api/models 503 in 1396ms (next.js: 1252ms, application-code: 144ms)
 GET /api/capabilities 200 in 1347ms (next.js: 1203ms, application-code: 144ms)
[browser] ../../../../../Users/jaywest/Myeve/node_modules/@novnc/novnc/core/util/browser.js
The generated code contains 'async/await' because this module is using "topLevelAwait".
However, your target environment does not appear to support 'async/await'.
As a result, the code may not run as expected or may cause runtime errors.

Import trace for requested module:
../../../../../Users/jaywest/Myeve/node_modules/@novnc/novnc/core/util/browser.js
../../../../../Users/jaywest/Myeve/node_modules/@novnc/novnc/core/rfb.js
./components/computer-viewer.tsx
./components/computer-workspace.tsx
./app/chat.tsx
⚠ ../../../../../Users/jaywest/Myeve/node_modules/@novnc/novnc/core/util/browser.js
The generated code contains 'async/await' because this module is using "topLevelAwait".
However, your target environment does not appear to support 'async/await'.
As a result, the code may not run as expected or may cause runtime errors.

Import trace for requested module:
../../../../../Users/jaywest/Myeve/node_modules/@novnc/novnc/core/util/browser.js
../../../../../Users/jaywest/Myeve/node_modules/@novnc/novnc/core/rfb.js
./components/computer-viewer.tsx
./components/computer-workspace.tsx
./app/chat.tsx
 GET /api/agents 200 in 2.4s (next.js: 1252ms, application-code: 1190ms)
 GET /api/threads 200 in 2.4s (next.js: 1251ms, application-code: 1193ms)
[browser] ../../../../../Users/jaywest/Myeve/node_modules/@novnc/novnc/core/util/browser.js
The generated code contains 'async/await' because this module is using "topLevelAwait".
However, your target environment does not appear to support 'async/await'.
As a result, the code may not run as expected or may cause runtime errors.

Import trace for requested module:
../../../../../Users/jaywest/Myeve/node_modules/@novnc/novnc/core/util/browser.js
../../../../../Users/jaywest/Myeve/node_modules/@novnc/novnc/core/rfb.js
./components/computer-viewer.tsx
./components/computer-workspace.tsx
./app/chat.tsx
⚠ ../../../../../Users/jaywest/Myeve/node_modules/@novnc/novnc/core/util/browser.js
The generated code contains 'async/await' because this module is using "topLevelAwait".
However, your target environment does not appear to support 'async/await'.
As a result, the code may not run as expected or may cause runtime errors.

Import trace for requested module:
../../../../../Users/jaywest/Myeve/node_modules/@novnc/novnc/core/util/browser.js
../../../../../Users/jaywest/Myeve/node_modules/@novnc/novnc/core/rfb.js
./components/computer-viewer.tsx
./components/computer-workspace.tsx
./app/chat.tsx
 GET /api/update-check 200 in 3.6s (next.js: 3.6s, application-code: 37ms)
 GET /api/capabilities 200 in 3.6s (next.js: 3.6s, application-code: 37ms)
[browser] ../../../../../Users/jaywest/Myeve/node_modules/@novnc/novnc/core/util/browser.js
The generated code contains 'async/await' because this module is using "topLevelAwait".
However, your target environment does not appear to support 'async/await'.
As a result, the code may not run as expected or may cause runtime errors.

Import trace for requested module:
../../../../../Users/jaywest/Myeve/node_modules/@novnc/novnc/core/util/browser.js
../../../../../Users/jaywest/Myeve/node_modules/@novnc/novnc/core/rfb.js
./components/computer-viewer.tsx
./components/computer-workspace.tsx
./app/chat.tsx
 GET /api/commands 200 in 29ms (next.js: 3ms, application-code: 26ms)
Model catalog failed Error [GatewayAuthenticationError]: AI Gateway authentication failed: No authentication provided.

Option 1 - API key:
Create an API key: https://vercel.com/d?to=%2F%5Bteam%5D%2F%7E%2Fai%2Fapi-keys
Provide via 'apiKey' option or 'AI_GATEWAY_API_KEY' environment variable.

Option 2 - Vercel access token:
Pass a Vercel personal access token or Vercel app access token via the 'apiKey' option.

Option 3 - OIDC token:
Run 'npx vercel link' to link your project, then 'vc env pull' to fetch the token.
    at async GET (app/api/models/route.ts:11:24)
   9 |
  10 |   try {
> 11 |     const { models } = await gateway.getAvailableModels();
     |                        ^
  12 |     const language = models
  13 |       .filter((model) => (model.modelType ?? "language") === "language")
  14 |       .map((model) => ({ {
  statusCode: 401,
  generationId: undefined,
  isRetryable: false,
  type: 'authentication_error',
  [cause]: Error [VercelOidcTokenError]: The 'x-vercel-oidc-token' header is missing from the request. Do you have the OIDC option enabled in the Vercel project settings?
  Unable to find project root directory. Have you linked your project with `vc link?`
      at async GET (app/api/models/route.ts:11:24)
     9 |
    10 |   try {
  > 11 |     const { models } = await gateway.getAvailableModels();
       |                        ^
    12 |     const language = models
    13 |       .filter((model) => (model.modelType ?? "language") === "language")
    14 |       .map((model) => ({ {
    cause: undefined
  }
}
 GET /api/models 503 in 18ms (next.js: 1.9ms, application-code: 16ms)
 GET /api/actions 200 in 4.8s (next.js: 4.7s, application-code: 104ms)
 GET /api/automations 200 in 4.8s (next.js: 4.7s, application-code: 106ms)
 GET /api/control?view=all 200 in 3.7s (next.js: 3.6s, application-code: 114ms)
 GET /api/routines 200 in 4.8s (next.js: 4.7s, application-code: 117ms)
 GET /api/agents 200 in 34ms (next.js: 4ms, application-code: 31ms)
 GET /api/automations 200 in 3ms (next.js: 0.3ms, application-code: 3ms)
 GET /api/control?view=all 200 in 7ms (next.js: 0.6ms, application-code: 6ms)
 GET /api/threads 200 in 34ms (next.js: 5ms, application-code: 29ms)
⚠ ../../../../../Users/jaywest/Myeve/node_modules/@novnc/novnc/core/util/browser.js
The generated code contains 'async/await' because this module is using "topLevelAwait".
However, your target environment does not appear to support 'async/await'.
As a result, the code may not run as expected or may cause runtime errors.

Import trace for requested module:
../../../../../Users/jaywest/Myeve/node_modules/@novnc/novnc/core/util/browser.js
../../../../../Users/jaywest/Myeve/node_modules/@novnc/novnc/core/rfb.js
./components/computer-viewer.tsx
./components/computer-workspace.tsx
./app/chat.tsx
⚠ ../../../../../Users/jaywest/Myeve/node_modules/@novnc/novnc/core/util/browser.js
The generated code contains 'async/await' because this module is using "topLevelAwait".
However, your target environment does not appear to support 'async/await'.
As a result, the code may not run as expected or may cause runtime errors.

Import trace for requested module:
../../../../../Users/jaywest/Myeve/node_modules/@novnc/novnc/core/util/browser.js
../../../../../Users/jaywest/Myeve/node_modules/@novnc/novnc/core/rfb.js
./components/computer-viewer.tsx
./components/computer-workspace.tsx
./app/chat.tsx
[browser] ../../../../../Users/jaywest/Myeve/node_modules/@novnc/novnc/core/util/browser.js
The generated code contains 'async/await' because this module is using "topLevelAwait".
However, your target environment does not appear to support 'async/await'.
As a result, the code may not run as expected or may cause runtime errors.

Import trace for requested module:
../../../../../Users/jaywest/Myeve/node_modules/@novnc/novnc/core/util/browser.js
../../../../../Users/jaywest/Myeve/node_modules/@novnc/novnc/core/rfb.js
./components/computer-viewer.tsx
./components/computer-workspace.tsx
./app/chat.tsx
 PATCH /api/task-runs/task_84bee37e-a26c-415e-818e-60b9664fe3f3 200 in 1027ms (next.js: 1001ms, application-code: 26ms)
 GET /api/control?view=all 200 in 8ms (next.js: 2ms, application-code: 6ms)
 PATCH /api/task-runs/task_84bee37e-a26c-415e-818e-60b9664fe3f3 200 in 14ms (next.js: 1.5ms, application-code: 13ms)
 GET /api/control?view=all 200 in 4ms (next.js: 0.5ms, application-code: 3ms)
 GET /api/control?view=all 200 in 6ms (next.js: 1.0ms, application-code: 5ms)
 GET /api/control?view=all 200 in 8ms (next.js: 1.7ms, application-code: 7ms)
 GET /api/control?view=all 200 in 8ms (next.js: 1.1ms, application-code: 7ms)
 GET /api/control?view=all 200 in 8ms (next.js: 1.1ms, application-code: 7ms)
 GET /api/control?view=all 200 in 8ms (next.js: 1.1ms, application-code: 7ms)
 GET /api/control?view=all 200 in 8ms (next.js: 1.0ms, application-code: 7ms)
 GET /api/control?view=all 200 in 8ms (next.js: 1.2ms, application-code: 7ms)
 GET /api/control?view=all 200 in 4ms (next.js: 0.6ms, application-code: 3ms)
 GET /api/control?view=all 200 in 7ms (next.js: 1.1ms, application-code: 6ms)
 GET /results 200 in 256ms (next.js: 41ms, proxy.ts: 1.9ms, application-code: 213ms)
[browser] ../../../../../Users/jaywest/Myeve/node_modules/@novnc/novnc/core/util/browser.js
The generated code contains 'async/await' because this module is using "topLevelAwait".
However, your target environment does not appear to support 'async/await'.
As a result, the code may not run as expected or may cause runtime errors.
 GET /api/capabilities 200 in 7ms (next.js: 1.1ms, application-code: 6ms)
Model catalog failed Error [GatewayAuthenticationError]: AI Gateway authentication failed: No authentication provided.

Option 1 - API key:
Create an API key: https://vercel.com/d?to=%2F%5Bteam%5D%2F%7E%2Fai%2Fapi-keys
Provide via 'apiKey' option or 'AI_GATEWAY_API_KEY' environment variable.

Option 2 - Vercel access token:
Pass a Vercel personal access token or Vercel app access token via the 'apiKey' option.

Option 3 - OIDC token:
Run 'npx vercel link' to link your project, then 'vc env pull' to fetch the token.
    at async GET (app/api/models/route.ts:11:24)
   9 |
  10 |   try {
> 11 |     const { models } = await gateway.getAvailableModels();
     |                        ^
  12 |     const language = models
  13 |       .filter((model) => (model.modelType ?? "language") === "language")
  14 |       .map((model) => ({ {
  statusCode: 401,
  generationId: undefined,
  isRetryable: false,
  type: 'authentication_error',
  [cause]: Error [VercelOidcTokenError]: The 'x-vercel-oidc-token' header is missing from the request. Do you have the OIDC option enabled in the Vercel project settings?
  Unable to find project root directory. Have you linked your project with `vc link?`
      at async GET (app/api/models/route.ts:11:24)
     9 |
    10 |   try {
  > 11 |     const { models } = await gateway.getAvailableModels();
       |                        ^
    12 |     const language = models
    13 |       .filter((model) => (model.modelType ?? "language") === "language")
    14 |       .map((model) => ({ {
    cause: undefined
  }
}
 GET /api/models 503 in 19ms (next.js: 2ms, application-code: 17ms)
 GET /api/commands 200 in 36ms (next.js: 2ms, application-code: 34ms)
 GET /api/outcomes?limit=100 200 in 73ms (next.js: 1.1ms, application-code: 72ms)
 GET /api/capabilities 200 in 1.7ms (next.js: 0.5ms, application-code: 1.2ms)
Model catalog failed Error [GatewayAuthenticationError]: AI Gateway authentication failed: No authentication provided.

Option 1 - API key:
Create an API key: https://vercel.com/d?to=%2F%5Bteam%5D%2F%7E%2Fai%2Fapi-keys
Provide via 'apiKey' option or 'AI_GATEWAY_API_KEY' environment variable.

Option 2 - Vercel access token:
Pass a Vercel personal access token or Vercel app access token via the 'apiKey' option.

Option 3 - OIDC token:
Run 'npx vercel link' to link your project, then 'vc env pull' to fetch the token.
    at async GET (app/api/models/route.ts:11:24)
   9 |
  10 |   try {
> 11 |     const { models } = await gateway.getAvailableModels();
     |                        ^
  12 |     const language = models
  13 |       .filter((model) => (model.modelType ?? "language") === "language")
  14 |       .map((model) => ({ {
  statusCode: 401,
  generationId: undefined,
  isRetryable: false,
  type: 'authentication_error',
  [cause]: Error [VercelOidcTokenError]: The 'x-vercel-oidc-token' header is missing from the request. Do you have the OIDC option enabled in the Vercel project settings?
  Unable to find project root directory. Have you linked your project with `vc link?`
      at async GET (app/api/models/route.ts:11:24)
     9 |
    10 |   try {
  > 11 |     const { models } = await gateway.getAvailableModels();
       |                        ^
    12 |     const language = models
    13 |       .filter((model) => (model.modelType ?? "language") === "language")
    14 |       .map((model) => ({ {
    cause: undefined
  }
}
 GET /api/models 503 in 2ms (next.js: 0.3ms, application-code: 1.8ms)
 GET /api/commands 200 in 1.4ms (next.js: 0.4ms, application-code: 1.0ms)
 GET /api/outcomes?limit=100 200 in 12ms (next.js: 0.4ms, application-code: 11ms)
 GET /api/agents 200 in 66ms (next.js: 3ms, application-code: 63ms)
 GET /api/threads 200 in 23ms (next.js: 5ms, application-code: 18ms)
 GET /api/threads 200 in 3ms (next.js: 0.4ms, application-code: 3ms)
 GET /api/agents 200 in 7ms (next.js: 0.5ms, application-code: 6ms)
⚠ ../../../../../Users/jaywest/Myeve/node_modules/@novnc/novnc/core/util/browser.js
The generated code contains 'async/await' because this module is using "topLevelAwait".
However, your target environment does not appear to support 'async/await'.
As a result, the code may not run as expected or may cause runtime errors.

Import trace for requested module:
../../../../../Users/jaywest/Myeve/node_modules/@novnc/novnc/core/util/browser.js
../../../../../Users/jaywest/Myeve/node_modules/@novnc/novnc/core/rfb.js
./components/computer-viewer.tsx
./components/computer-workspace.tsx
./app/chat.tsx
[browser] ../../../../../Users/jaywest/Myeve/node_modules/@novnc/novnc/core/util/browser.js
The generated code contains 'async/await' because this module is using "topLevelAwait".
However, your target environment does not appear to support 'async/await'.
As a result, the code may not run as expected or may cause runtime errors.

Import trace for requested module:
../../../../../Users/jaywest/Myeve/node_modules/@novnc/novnc/core/util/browser.js
../../../../../Users/jaywest/Myeve/node_modules/@novnc/novnc/core/rfb.js
./components/computer-viewer.tsx
./components/computer-workspace.tsx
./app/chat.tsx
⚠ ../../../../../Users/jaywest/Myeve/node_modules/@novnc/novnc/core/util/browser.js
The generated code contains 'async/await' because this module is using "topLevelAwait".
However, your target environment does not appear to support 'async/await'.
As a result, the code may not run as expected or may cause runtime errors.

Import trace for requested module:
../../../../../Users/jaywest/Myeve/node_modules/@novnc/novnc/core/util/browser.js
../../../../../Users/jaywest/Myeve/node_modules/@novnc/novnc/core/rfb.js
./components/computer-viewer.tsx
./components/computer-workspace.tsx
./app/chat.tsx
[browser] ../../../../../Users/jaywest/Myeve/node_modules/@novnc/novnc/core/util/browser.js
The generated code contains 'async/await' because this module is using "topLevelAwait".
However, your target environment does not appear to support 'async/await'.
As a result, the code may not run as expected or may cause runtime errors.

Import trace for requested module:
../../../../../Users/jaywest/Myeve/node_modules/@novnc/novnc/core/util/browser.js
../../../../../Users/jaywest/Myeve/node_modules/@novnc/novnc/core/rfb.js
./components/computer-viewer.tsx
./components/computer-workspace.tsx
./app/chat.tsx
 GET /api/outcomes?limit=100 200 in 571ms (next.js: 559ms, application-code: 12ms)
 PATCH /api/outcomes/outcome_8192fbd6-e091-4e5d-9611-94c245ff9984 200 in 1583ms (next.js: 1477ms, application-code: 106ms)
 GET /results 200 in 705ms (next.js: 41ms, proxy.ts: 34ms, application-code: 630ms)
[browser] ../../../../../Users/jaywest/Myeve/node_modules/@novnc/novnc/core/util/browser.js
The generated code contains 'async/await' because this module is using "topLevelAwait".
However, your target environment does not appear to support 'async/await'.
As a result, the code may not run as expected or may cause runtime errors.
 GET /api/capabilities 200 in 17ms (next.js: 1.5ms, application-code: 16ms)
 GET /api/outcomes?limit=100 200 in 23ms (next.js: 0.8ms, application-code: 22ms)
Model catalog failed Error [GatewayAuthenticationError]: AI Gateway authentication failed: No authentication provided.

Option 1 - API key:
Create an API key: https://vercel.com/d?to=%2F%5Bteam%5D%2F%7E%2Fai%2Fapi-keys
Provide via 'apiKey' option or 'AI_GATEWAY_API_KEY' environment variable.

Option 2 - Vercel access token:
Pass a Vercel personal access token or Vercel app access token via the 'apiKey' option.

Option 3 - OIDC token:
Run 'npx vercel link' to link your project, then 'vc env pull' to fetch the token.
    at async GET (app/api/models/route.ts:11:24)
   9 |
  10 |   try {
> 11 |     const { models } = await gateway.getAvailableModels();
     |                        ^
  12 |     const language = models
  13 |       .filter((model) => (model.modelType ?? "language") === "language")
  14 |       .map((model) => ({ {
  statusCode: 401,
  generationId: undefined,
  isRetryable: false,
  type: 'authentication_error',
  [cause]: Error [VercelOidcTokenError]: The 'x-vercel-oidc-token' header is missing from the request. Do you have the OIDC option enabled in the Vercel project settings?
  Unable to find project root directory. Have you linked your project with `vc link?`
      at async GET (app/api/models/route.ts:11:24)
     9 |
    10 |   try {
  > 11 |     const { models } = await gateway.getAvailableModels();
       |                        ^
    12 |     const language = models
    13 |       .filter((model) => (model.modelType ?? "language") === "language")
    14 |       .map((model) => ({ {
    cause: undefined
  }
}
 GET /api/models 503 in 41ms (next.js: 12ms, application-code: 29ms)
 GET /api/commands 200 in 29ms (next.js: 2ms, application-code: 27ms)
 GET /api/capabilities 200 in 1.4ms (next.js: 0.3ms, application-code: 1.1ms)
Model catalog failed Error [GatewayAuthenticationError]: AI Gateway authentication failed: No authentication provided.

Option 1 - API key:
Create an API key: https://vercel.com/d?to=%2F%5Bteam%5D%2F%7E%2Fai%2Fapi-keys
Provide via 'apiKey' option or 'AI_GATEWAY_API_KEY' environment variable.

Option 2 - Vercel access token:
Pass a Vercel personal access token or Vercel app access token via the 'apiKey' option.

Option 3 - OIDC token:
Run 'npx vercel link' to link your project, then 'vc env pull' to fetch the token.
    at async GET (app/api/models/route.ts:11:24)
   9 |
  10 |   try {
> 11 |     const { models } = await gateway.getAvailableModels();
     |                        ^
  12 |     const language = models
  13 |       .filter((model) => (model.modelType ?? "language") === "language")
  14 |       .map((model) => ({ {
  statusCode: 401,
  generationId: undefined,
  isRetryable: false,
  type: 'authentication_error',
  [cause]: Error [VercelOidcTokenError]: The 'x-vercel-oidc-token' header is missing from the request. Do you have the OIDC option enabled in the Vercel project settings?
  Unable to find project root directory. Have you linked your project with `vc link?`
      at async GET (app/api/models/route.ts:11:24)
     9 |
    10 |   try {
  > 11 |     const { models } = await gateway.getAvailableModels();
       |                        ^
    12 |     const language = models
    13 |       .filter((model) => (model.modelType ?? "language") === "language")
    14 |       .map((model) => ({ {
    cause: undefined
  }
}
 GET /api/models 503 in 3ms (next.js: 0.4ms, application-code: 2ms)
 GET /api/agents 200 in 54ms (next.js: 4ms, application-code: 50ms)
 GET /api/outcomes?limit=100 200 in 9ms (next.js: 0.6ms, application-code: 9ms)
 GET /api/commands 200 in 1.5ms (next.js: 0.4ms, application-code: 1.1ms)
 GET /api/threads 200 in 34ms (next.js: 4ms, application-code: 30ms)
 GET /api/agents 200 in 8ms (next.js: 0.3ms, application-code: 7ms)
 PATCH /api/outcomes/outcome_8192fbd6-e091-4e5d-9611-94c245ff9984 200 in 6ms (next.js: 1.2ms, application-code: 5ms)
 GET /api/threads 200 in 3ms (next.js: 0.6ms, application-code: 2ms)
 GET /api/outcomes?limit=100 200 in 3ms (next.js: 0.4ms, application-code: 2ms)
⚠ ../../../../../Users/jaywest/Myeve/node_modules/@novnc/novnc/core/util/browser.js
The generated code contains 'async/await' because this module is using "topLevelAwait".
However, your target environment does not appear to support 'async/await'.
As a result, the code may not run as expected or may cause runtime errors.

Import trace for requested module:
../../../../../Users/jaywest/Myeve/node_modules/@novnc/novnc/core/util/browser.js
../../../../../Users/jaywest/Myeve/node_modules/@novnc/novnc/core/rfb.js
./components/computer-viewer.tsx
./components/computer-workspace.tsx
./app/chat.tsx
[browser] ../../../../../Users/jaywest/Myeve/node_modules/@novnc/novnc/core/util/browser.js
The generated code contains 'async/await' because this module is using "topLevelAwait".
However, your target environment does not appear to support 'async/await'.
As a result, the code may not run as expected or may cause runtime errors.

Import trace for requested module:
../../../../../Users/jaywest/Myeve/node_modules/@novnc/novnc/core/util/browser.js
../../../../../Users/jaywest/Myeve/node_modules/@novnc/novnc/core/rfb.js
./components/computer-viewer.tsx
./components/computer-workspace.tsx
./app/chat.tsx
⚠ ../../../../../Users/jaywest/Myeve/node_modules/@novnc/novnc/core/util/browser.js
The generated code contains 'async/await' because this module is using "topLevelAwait".
However, your target environment does not appear to support 'async/await'.
As a result, the code may not run as expected or may cause runtime errors.

Import trace for requested module:
../../../../../Users/jaywest/Myeve/node_modules/@novnc/novnc/core/util/browser.js
../../../../../Users/jaywest/Myeve/node_modules/@novnc/novnc/core/rfb.js
./components/computer-viewer.tsx
./components/computer-workspace.tsx
./app/chat.tsx
[browser] ../../../../../Users/jaywest/Myeve/node_modules/@novnc/novnc/core/util/browser.js
The generated code contains 'async/await' because this module is using "topLevelAwait".
However, your target environment does not appear to support 'async/await'.
As a result, the code may not run as expected or may cause runtime errors.

Import trace for requested module:
../../../../../Users/jaywest/Myeve/node_modules/@novnc/novnc/core/util/browser.js
../../../../../Users/jaywest/Myeve/node_modules/@novnc/novnc/core/rfb.js
./components/computer-viewer.tsx
./components/computer-workspace.tsx
./app/chat.tsx
 GET /api/task-runs?threadId=eb985a29-a68b-4c5e-94d5-8b3e733bf031 200 in 2.0s (next.js: 2.0s, application-code: 23ms)
 GET /api/task-runs?threadId=eb985a29-a68b-4c5e-94d5-8b3e733bf031 200 in 2.0s (next.js: 2.0s, application-code: 24ms)
 GET /results 200 in 187ms (next.js: 16ms, proxy.ts: 42ms, application-code: 130ms)
 PUT /api/threads/eb985a29-a68b-4c5e-94d5-8b3e733bf031 200 in 2.5s (next.js: 2.3s, application-code: 171ms)
[browser] ../../../../../Users/jaywest/Myeve/node_modules/@novnc/novnc/core/util/browser.js
The generated code contains 'async/await' because this module is using "topLevelAwait".
However, your target environment does not appear to support 'async/await'.
As a result, the code may not run as expected or may cause runtime errors.
 GET /api/capabilities 200 in 4ms (next.js: 2ms, application-code: 1.9ms)
Model catalog failed Error [GatewayAuthenticationError]: AI Gateway authentication failed: No authentication provided.

Option 1 - API key:
Create an API key: https://vercel.com/d?to=%2F%5Bteam%5D%2F%7E%2Fai%2Fapi-keys
Provide via 'apiKey' option or 'AI_GATEWAY_API_KEY' environment variable.

Option 2 - Vercel access token:
Pass a Vercel personal access token or Vercel app access token via the 'apiKey' option.

Option 3 - OIDC token:
Run 'npx vercel link' to link your project, then 'vc env pull' to fetch the token.
    at async GET (app/api/models/route.ts:11:24)
   9 |
  10 |   try {
> 11 |     const { models } = await gateway.getAvailableModels();
     |                        ^
  12 |     const language = models
  13 |       .filter((model) => (model.modelType ?? "language") === "language")
  14 |       .map((model) => ({ {
  statusCode: 401,
  generationId: undefined,
  isRetryable: false,
  type: 'authentication_error',
  [cause]: Error [VercelOidcTokenError]: The 'x-vercel-oidc-token' header is missing from the request. Do you have the OIDC option enabled in the Vercel project settings?
  Unable to find project root directory. Have you linked your project with `vc link?`
      at async GET (app/api/models/route.ts:11:24)
     9 |
    10 |   try {
  > 11 |     const { models } = await gateway.getAvailableModels();
       |                        ^
    12 |     const language = models
    13 |       .filter((model) => (model.modelType ?? "language") === "language")
    14 |       .map((model) => ({ {
    cause: undefined
  }
}
 GET /api/models 503 in 29ms (next.js: 1.5ms, application-code: 28ms)
 GET /api/commands 200 in 29ms (next.js: 2ms, application-code: 26ms)
 GET /api/outcomes?limit=100 200 in 82ms (next.js: 2ms, application-code: 79ms)
 GET /api/capabilities 200 in 1.4ms (next.js: 0.3ms, application-code: 1.1ms)
Model catalog failed Error [GatewayAuthenticationError]: AI Gateway authentication failed: No authentication provided.

Option 1 - API key:
Create an API key: https://vercel.com/d?to=%2F%5Bteam%5D%2F%7E%2Fai%2Fapi-keys
Provide via 'apiKey' option or 'AI_GATEWAY_API_KEY' environment variable.

Option 2 - Vercel access token:
Pass a Vercel personal access token or Vercel app access token via the 'apiKey' option.

Option 3 - OIDC token:
Run 'npx vercel link' to link your project, then 'vc env pull' to fetch the token.
    at async GET (app/api/models/route.ts:11:24)
   9 |
  10 |   try {
> 11 |     const { models } = await gateway.getAvailableModels();
     |                        ^
  12 |     const language = models
  13 |       .filter((model) => (model.modelType ?? "language") === "language")
  14 |       .map((model) => ({ {
  statusCode: 401,
  generationId: undefined,
  isRetryable: false,
  type: 'authentication_error',
  [cause]: Error [VercelOidcTokenError]: The 'x-vercel-oidc-token' header is missing from the request. Do you have the OIDC option enabled in the Vercel project settings?
  Unable to find project root directory. Have you linked your project with `vc link?`
      at async GET (app/api/models/route.ts:11:24)
     9 |
    10 |   try {
  > 11 |     const { models } = await gateway.getAvailableModels();
       |                        ^
    12 |     const language = models
    13 |       .filter((model) => (model.modelType ?? "language") === "language")
    14 |       .map((model) => ({ {
    cause: undefined
  }
}
 GET /api/models 503 in 2ms (next.js: 0.3ms, application-code: 2ms)
 GET /api/agents 200 in 60ms (next.js: 3ms, application-code: 57ms)
 GET /api/outcomes?limit=100 200 in 15ms (next.js: 0.5ms, application-code: 15ms)
 GET /api/threads 200 in 13ms (next.js: 5ms, application-code: 7ms)
 GET /api/commands 200 in 1.3ms (next.js: 0.3ms, application-code: 1.0ms)
 GET /api/threads 200 in 1.5ms (next.js: 0.2ms, application-code: 1.2ms)
 GET /api/agents 200 in 5ms (next.js: 0.3ms, application-code: 5ms)
 PUT /api/threads/ca963ebb-6488-458f-be65-26aad7120edf 200 in 5ms (next.js: 2ms, application-code: 3ms)
 GET /api/task-runs?threadId=ca963ebb-6488-458f-be65-26aad7120edf 200 in 2ms (next.js: 0.6ms, application-code: 1.9ms)
 GET /api/task-runs?threadId=ca963ebb-6488-458f-be65-26aad7120edf 200 in 3ms (next.js: 0.5ms, application-code: 2ms)
 GET /results 200 in 15ms (next.js: 0.7ms, proxy.ts: 1.9ms, application-code: 13ms)
[browser] ../../../../../Users/jaywest/Myeve/node_modules/@novnc/novnc/core/util/browser.js
The generated code contains 'async/await' because this module is using "topLevelAwait".
However, your target environment does not appear to support 'async/await'.
As a result, the code may not run as expected or may cause runtime errors.
 GET /api/capabilities 200 in 2.0ms (next.js: 0.5ms, application-code: 1.5ms)
Model catalog failed Error [GatewayAuthenticationError]: AI Gateway authentication failed: No authentication provided.

Option 1 - API key:
Create an API key: https://vercel.com/d?to=%2F%5Bteam%5D%2F%7E%2Fai%2Fapi-keys
Provide via 'apiKey' option or 'AI_GATEWAY_API_KEY' environment variable.

Option 2 - Vercel access token:
Pass a Vercel personal access token or Vercel app access token via the 'apiKey' option.

Option 3 - OIDC token:
Run 'npx vercel link' to link your project, then 'vc env pull' to fetch the token.
    at async GET (app/api/models/route.ts:11:24)
   9 |
  10 |   try {
> 11 |     const { models } = await gateway.getAvailableModels();
     |                        ^
  12 |     const language = models
  13 |       .filter((model) => (model.modelType ?? "language") === "language")
  14 |       .map((model) => ({ {
  statusCode: 401,
  generationId: undefined,
  isRetryable: false,
  type: 'authentication_error',
  [cause]: Error [VercelOidcTokenError]: The 'x-vercel-oidc-token' header is missing from the request. Do you have the OIDC option enabled in the Vercel project settings?
  Unable to find project root directory. Have you linked your project with `vc link?`
      at async GET (app/api/models/route.ts:11:24)
     9 |
    10 |   try {
  > 11 |     const { models } = await gateway.getAvailableModels();
       |                        ^
    12 |     const language = models
    13 |       .filter((model) => (model.modelType ?? "language") === "language")
    14 |       .map((model) => ({ {
    cause: undefined
  }
}
 GET /api/models 503 in 2ms (next.js: 0.3ms, application-code: 2ms)
 GET /api/commands 200 in 1.6ms (next.js: 0.5ms, application-code: 1.1ms)
 GET /api/outcomes?limit=100 200 in 11ms (next.js: 0.6ms, application-code: 11ms)
 GET /api/threads 200 in 3ms (next.js: 0.3ms, application-code: 3ms)
 GET /api/capabilities 200 in 2ms (next.js: 0.5ms, application-code: 1.8ms)
Model catalog failed Error [GatewayAuthenticationError]: AI Gateway authentication failed: No authentication provided.

Option 1 - API key:
Create an API key: https://vercel.com/d?to=%2F%5Bteam%5D%2F%7E%2Fai%2Fapi-keys
Provide via 'apiKey' option or 'AI_GATEWAY_API_KEY' environment variable.

Option 2 - Vercel access token:
Pass a Vercel personal access token or Vercel app access token via the 'apiKey' option.

Option 3 - OIDC token:
Run 'npx vercel link' to link your project, then 'vc env pull' to fetch the token.
    at async GET (app/api/models/route.ts:11:24)
   9 |
  10 |   try {
> 11 |     const { models } = await gateway.getAvailableModels();
     |                        ^
  12 |     const language = models
  13 |       .filter((model) => (model.modelType ?? "language") === "language")
  14 |       .map((model) => ({ {
  statusCode: 401,
  generationId: undefined,
  isRetryable: false,
  type: 'authentication_error',
  [cause]: Error [VercelOidcTokenError]: The 'x-vercel-oidc-token' header is missing from the request. Do you have the OIDC option enabled in the Vercel project settings?
  Unable to find project root directory. Have you linked your project with `vc link?`
      at async GET (app/api/models/route.ts:11:24)
     9 |
    10 |   try {
  > 11 |     const { models } = await gateway.getAvailableModels();
       |                        ^
    12 |     const language = models
    13 |       .filter((model) => (model.modelType ?? "language") === "language")
    14 |       .map((model) => ({ {
    cause: undefined
  }
}
 GET /api/models 503 in 3ms (next.js: 0.4ms, application-code: 2ms)
 GET /api/outcomes?limit=100 200 in 9ms (next.js: 0.3ms, application-code: 9ms)
 GET /api/agents 200 in 15ms (next.js: 0.4ms, application-code: 15ms)
 GET /api/commands 200 in 1.6ms (next.js: 0.4ms, application-code: 1.2ms)
 GET /api/threads 200 in 3ms (next.js: 0.4ms, application-code: 2ms)
 GET /api/agents 200 in 4ms (next.js: 0.3ms, application-code: 4ms)
 PUT /api/threads/699eb9ed-d4c7-49dd-b30d-c31bf1d76e46 200 in 7ms (next.js: 2ms, application-code: 4ms)
 GET /api/task-runs?threadId=699eb9ed-d4c7-49dd-b30d-c31bf1d76e46 200 in 3ms (next.js: 0.8ms, application-code: 2ms)
 GET /api/task-runs?threadId=699eb9ed-d4c7-49dd-b30d-c31bf1d76e46 200 in 1.8ms (next.js: 0.4ms, application-code: 1.4ms)
 GET /results 200 in 14ms (next.js: 0.6ms, proxy.ts: 1.9ms, application-code: 12ms)
[browser] ../../../../../Users/jaywest/Myeve/node_modules/@novnc/novnc/core/util/browser.js
The generated code contains 'async/await' because this module is using "topLevelAwait".
However, your target environment does not appear to support 'async/await'.
As a result, the code may not run as expected or may cause runtime errors.
 GET /api/capabilities 200 in 1.6ms (next.js: 0.3ms, application-code: 1.3ms)
Model catalog failed Error [GatewayAuthenticationError]: AI Gateway authentication failed: No authentication provided.

Option 1 - API key:
Create an API key: https://vercel.com/d?to=%2F%5Bteam%5D%2F%7E%2Fai%2Fapi-keys
Provide via 'apiKey' option or 'AI_GATEWAY_API_KEY' environment variable.

Option 2 - Vercel access token:
Pass a Vercel personal access token or Vercel app access token via the 'apiKey' option.

Option 3 - OIDC token:
Run 'npx vercel link' to link your project, then 'vc env pull' to fetch the token.
    at async GET (app/api/models/route.ts:11:24)
   9 |
  10 |   try {
> 11 |     const { models } = await gateway.getAvailableModels();
     |                        ^
  12 |     const language = models
  13 |       .filter((model) => (model.modelType ?? "language") === "language")
  14 |       .map((model) => ({ {
  statusCode: 401,
  generationId: undefined,
  isRetryable: false,
  type: 'authentication_error',
  [cause]: Error [VercelOidcTokenError]: The 'x-vercel-oidc-token' header is missing from the request. Do you have the OIDC option enabled in the Vercel project settings?
  Unable to find project root directory. Have you linked your project with `vc link?`
      at async GET (app/api/models/route.ts:11:24)
     9 |
    10 |   try {
  > 11 |     const { models } = await gateway.getAvailableModels();
       |                        ^
    12 |     const language = models
    13 |       .filter((model) => (model.modelType ?? "language") === "language")
    14 |       .map((model) => ({ {
    cause: undefined
  }
}
 GET /api/models 503 in 2ms (next.js: 0.4ms, application-code: 2ms)
 GET /api/commands 200 in 1.5ms (next.js: 0.3ms, application-code: 1.2ms)
 GET /api/outcomes?limit=100 200 in 11ms (next.js: 0.5ms, application-code: 10ms)
 GET /api/threads 200 in 3ms (next.js: 0.4ms, application-code: 3ms)
 GET /api/capabilities 200 in 1.4ms (next.js: 0.3ms, application-code: 1.1ms)
Model catalog failed Error [GatewayAuthenticationError]: AI Gateway authentication failed: No authentication provided.

Option 1 - API key:
Create an API key: https://vercel.com/d?to=%2F%5Bteam%5D%2F%7E%2Fai%2Fapi-keys
Provide via 'apiKey' option or 'AI_GATEWAY_API_KEY' environment variable.

Option 2 - Vercel access token:
Pass a Vercel personal access token or Vercel app access token via the 'apiKey' option.

Option 3 - OIDC token:
Run 'npx vercel link' to link your project, then 'vc env pull' to fetch the token.
    at async GET (app/api/models/route.ts:11:24)
   9 |
  10 |   try {
> 11 |     const { models } = await gateway.getAvailableModels();
     |                        ^
  12 |     const language = models
  13 |       .filter((model) => (model.modelType ?? "language") === "language")
  14 |       .map((model) => ({ {
  statusCode: 401,
  generationId: undefined,
  isRetryable: false,
  type: 'authentication_error',
  [cause]: Error [VercelOidcTokenError]: The 'x-vercel-oidc-token' header is missing from the request. Do you have the OIDC option enabled in the Vercel project settings?
  Unable to find project root directory. Have you linked your project with `vc link?`
      at async GET (app/api/models/route.ts:11:24)
     9 |
    10 |   try {
  > 11 |     const { models } = await gateway.getAvailableModels();
       |                        ^
    12 |     const language = models
    13 |       .filter((model) => (model.modelType ?? "language") === "language")
    14 |       .map((model) => ({ {
    cause: undefined
  }
}
 GET /api/models 503 in 2ms (next.js: 0.3ms, application-code: 2ms)
 GET /api/agents 200 in 15ms (next.js: 0.3ms, application-code: 14ms)
 GET /api/outcomes?limit=100 200 in 9ms (next.js: 0.3ms, application-code: 9ms)
 GET /api/commands 200 in 1.5ms (next.js: 0.4ms, application-code: 1.1ms)
 GET /api/threads 200 in 1.8ms (next.js: 0.3ms, application-code: 1.5ms)
 GET /api/agents 200 in 10ms (next.js: 0.3ms, application-code: 10ms)
 PUT /api/threads/df1cfab0-216b-4eab-a5de-005e2330abb4 200 in 4ms (next.js: 1.5ms, application-code: 3ms)
 GET /api/task-runs?threadId=df1cfab0-216b-4eab-a5de-005e2330abb4 200 in 3ms (next.js: 0.5ms, application-code: 2ms)
 GET /api/task-runs?threadId=df1cfab0-216b-4eab-a5de-005e2330abb4 200 in 1.9ms (next.js: 0.4ms, application-code: 1.4ms)
⚠ ../../../../../Users/jaywest/Myeve/node_modules/@novnc/novnc/core/util/browser.js
The generated code contains 'async/await' because this module is using "topLevelAwait".
However, your target environment does not appear to support 'async/await'.
As a result, the code may not run as expected or may cause runtime errors.

Import trace for requested module:
../../../../../Users/jaywest/Myeve/node_modules/@novnc/novnc/core/util/browser.js
../../../../../Users/jaywest/Myeve/node_modules/@novnc/novnc/core/rfb.js
./components/computer-viewer.tsx
./components/computer-workspace.tsx
./app/chat.tsx
⚠ ../../../../../Users/jaywest/Myeve/node_modules/@novnc/novnc/core/util/browser.js
The generated code contains 'async/await' because this module is using "topLevelAwait".
However, your target environment does not appear to support 'async/await'.
As a result, the code may not run as expected or may cause runtime errors.

Import trace for requested module:
../../../../../Users/jaywest/Myeve/node_modules/@novnc/novnc/core/util/browser.js
../../../../../Users/jaywest/Myeve/node_modules/@novnc/novnc/core/rfb.js
./components/computer-viewer.tsx
./components/computer-workspace.tsx
./app/chat.tsx
[browser] ../../../../../Users/jaywest/Myeve/node_modules/@novnc/novnc/core/util/browser.js
The generated code contains 'async/await' because this module is using "topLevelAwait".
However, your target environment does not appear to support 'async/await'.
As a result, the code may not run as expected or may cause runtime errors.

Import trace for requested module:
../../../../../Users/jaywest/Myeve/node_modules/@novnc/novnc/core/util/browser.js
../../../../../Users/jaywest/Myeve/node_modules/@novnc/novnc/core/rfb.js
./components/computer-viewer.tsx
./components/computer-workspace.tsx
./app/chat.tsx
 GET /computer 200 in 800ms (next.js: 641ms, proxy.ts: 1.7ms, application-code: 158ms)
[browser] ../../../../../Users/jaywest/Myeve/node_modules/@novnc/novnc/core/util/browser.js
The generated code contains 'async/await' because this module is using "topLevelAwait".
However, your target environment does not appear to support 'async/await'.
As a result, the code may not run as expected or may cause runtime errors.
⚠ ../../../../../Users/jaywest/Myeve/node_modules/@novnc/novnc/core/util/browser.js
The generated code contains 'async/await' because this module is using "topLevelAwait".
However, your target environment does not appear to support 'async/await'.
As a result, the code may not run as expected or may cause runtime errors.

Import trace for requested module:
../../../../../Users/jaywest/Myeve/node_modules/@novnc/novnc/core/util/browser.js
../../../../../Users/jaywest/Myeve/node_modules/@novnc/novnc/core/rfb.js
./components/computer-viewer.tsx
./components/computer-workspace.tsx
./app/chat.tsx
[browser] ../../../../../Users/jaywest/Myeve/node_modules/@novnc/novnc/core/util/browser.js
The generated code contains 'async/await' because this module is using "topLevelAwait".
However, your target environment does not appear to support 'async/await'.
As a result, the code may not run as expected or may cause runtime errors.

Import trace for requested module:
../../../../../Users/jaywest/Myeve/node_modules/@novnc/novnc/core/util/browser.js
../../../../../Users/jaywest/Myeve/node_modules/@novnc/novnc/core/rfb.js
./components/computer-viewer.tsx
./components/computer-workspace.tsx
./app/chat.tsx
⚠ ../../../../../Users/jaywest/Myeve/node_modules/@novnc/novnc/core/util/browser.js
The generated code contains 'async/await' because this module is using "topLevelAwait".
However, your target environment does not appear to support 'async/await'.
As a result, the code may not run as expected or may cause runtime errors.

Import trace for requested module:
../../../../../Users/jaywest/Myeve/node_modules/@novnc/novnc/core/util/browser.js
../../../../../Users/jaywest/Myeve/node_modules/@novnc/novnc/core/rfb.js
./components/computer-viewer.tsx
./components/computer-workspace.tsx
./app/chat.tsx
Model catalog failed Error [GatewayAuthenticationError]: AI Gateway authentication failed: No authentication provided.

Option 1 - API key:
Create an API key: https://vercel.com/d?to=%2F%5Bteam%5D%2F%7E%2Fai%2Fapi-keys
Provide via 'apiKey' option or 'AI_GATEWAY_API_KEY' environment variable.

Option 2 - Vercel access token:
Pass a Vercel personal access token or Vercel app access token via the 'apiKey' option.

Option 3 - OIDC token:
Run 'npx vercel link' to link your project, then 'vc env pull' to fetch the token.
    at async GET (app/api/models/route.ts:11:24)
   9 |
  10 |   try {
> 11 |     const { models } = await gateway.getAvailableModels();
     |                        ^
  12 |     const language = models
  13 |       .filter((model) => (model.modelType ?? "language") === "language")
  14 |       .map((model) => ({ {
  statusCode: 401,
  generationId: undefined,
  isRetryable: false,
  type: 'authentication_error',
  [cause]: Error [VercelOidcTokenError]: The 'x-vercel-oidc-token' header is missing from the request. Do you have the OIDC option enabled in the Vercel project settings?
  Unable to find project root directory. Have you linked your project with `vc link?`
      at async GET (app/api/models/route.ts:11:24)
     9 |
    10 |   try {
  > 11 |     const { models } = await gateway.getAvailableModels();
       |                        ^
    12 |     const language = models
    13 |       .filter((model) => (model.modelType ?? "language") === "language")
    14 |       .map((model) => ({ {
    cause: undefined
  }
}
 GET /api/commands 200 in 22.5s (next.js: 21.1s, application-code: 1316ms)
 GET /api/models 503 in 22.5s (next.js: 21.2s, application-code: 1317ms)
[browser] ../../../../../Users/jaywest/Myeve/node_modules/@novnc/novnc/core/util/browser.js
The generated code contains 'async/await' because this module is using "topLevelAwait".
However, your target environment does not appear to support 'async/await'.
As a result, the code may not run as expected or may cause runtime errors.

Import trace for requested module:
../../../../../Users/jaywest/Myeve/node_modules/@novnc/novnc/core/util/browser.js
../../../../../Users/jaywest/Myeve/node_modules/@novnc/novnc/core/rfb.js
./components/computer-viewer.tsx
./components/computer-workspace.tsx
./app/chat.tsx
 GET /api/capabilities 200 in 92ms (next.js: 28ms, application-code: 64ms)
 GET /api/computer-sessions 200 in 25.0s (next.js: 21.2s, application-code: 3.8s)
 GET /api/agents 200 in 25.7s (next.js: 21.2s, application-code: 4.6s)
 GET /api/computer-sessions 200 in 3.1s (next.js: 12ms, application-code: 3.1s)
 GET /api/computer-sessions 200 in 418ms (next.js: 11ms, application-code: 407ms)
 GET /api/threads 200 in 22.6s (next.js: 16.3s, application-code: 6.3s)
Model catalog failed Error [GatewayAuthenticationError]: AI Gateway authentication failed: No authentication provided.

Option 1 - API key:
Create an API key: https://vercel.com/d?to=%2F%5Bteam%5D%2F%7E%2Fai%2Fapi-keys
Provide via 'apiKey' option or 'AI_GATEWAY_API_KEY' environment variable.

Option 2 - Vercel access token:
Pass a Vercel personal access token or Vercel app access token via the 'apiKey' option.

Option 3 - OIDC token:
Run 'npx vercel link' to link your project, then 'vc env pull' to fetch the token.
    at async GET (app/api/models/route.ts:11:24)
   9 |
  10 |   try {
> 11 |     const { models } = await gateway.getAvailableModels();
     |                        ^
  12 |     const language = models
  13 |       .filter((model) => (model.modelType ?? "language") === "language")
  14 |       .map((model) => ({ {
  statusCode: 401,
  generationId: undefined,
  isRetryable: false,
  type: 'authentication_error',
  [cause]: Error [VercelOidcTokenError]: The 'x-vercel-oidc-token' header is missing from the request. Do you have the OIDC option enabled in the Vercel project settings?
  Unable to find project root directory. Have you linked your project with `vc link?`
      at async GET (app/api/models/route.ts:11:24)
     9 |
    10 |   try {
  > 11 |     const { models } = await gateway.getAvailableModels();
       |                        ^
    12 |     const language = models
    13 |       .filter((model) => (model.modelType ?? "language") === "language")
    14 |       .map((model) => ({ {
    cause: undefined
  }
}
 GET /api/models 503 in 3ms (next.js: 0.8ms, application-code: 3ms)
 GET /api/computer-sessions 200 in 15ms (next.js: 0.9ms, application-code: 14ms)
 GET /api/commands 200 in 2ms (next.js: 0.8ms, application-code: 1.5ms)
 GET /api/computer-sessions 200 in 20ms (next.js: 0.6ms, application-code: 20ms)
 GET /api/threads 200 in 3ms (next.js: 0.6ms, application-code: 3ms)
 GET /api/agents 200 in 18ms (next.js: 0.8ms, application-code: 18ms)
 GET /api/computer-sessions 200 in 9ms (next.js: 0.3ms, application-code: 8ms)
 GET /api/computer 200 in 27.5s (next.js: 21.2s, application-code: 6.3s)
 GET /api/computer-sessions 200 in 114ms (next.js: 0.8ms, application-code: 114ms)
 GET /api/computer 200 in 176ms (next.js: 1.3ms, application-code: 175ms)
 GET /computer 200 in 147ms (next.js: 75ms, proxy.ts: 45ms, application-code: 28ms)
 GET /api/computer?agentId=agent_66a1e235-c274-4052-a0aa-db757e9b3e6b 200 in 11ms (next.js: 0.7ms, application-code: 10ms)
 GET /api/computer-sessions 200 in 8ms (next.js: 1.1ms, application-code: 7ms)
 GET /api/computer-sessions 200 in 8ms (next.js: 1.4ms, application-code: 7ms)
 GET /api/computer-sessions 200 in 14ms (next.js: 1.2ms, application-code: 13ms)
 GET /api/computer-sessions 200 in 8ms (next.js: 1.2ms, application-code: 7ms)
 GET /api/computer-sessions 200 in 9ms (next.js: 1.4ms, application-code: 7ms)
 GET /api/computer-sessions 200 in 4ms (next.js: 0.8ms, application-code: 4ms)
 GET /api/computer-sessions 200 in 8ms (next.js: 1.3ms, application-code: 7ms)
 GET /api/threads 200 in 5ms (next.js: 0.7ms, application-code: 5ms)
 GET /api/computer-sessions 200 in 9ms (next.js: 1.1ms, application-code: 8ms)
 GET /api/computer-sessions 200 in 4ms (next.js: 0.6ms, application-code: 3ms)
 GET /api/computer-sessions 200 in 6ms (next.js: 1.1ms, application-code: 5ms)
 GET /api/computer-sessions 200 in 9ms (next.js: 1.4ms, application-code: 8ms)
 GET /api/computer-sessions 200 in 21ms (next.js: 2ms, application-code: 18ms)
⚠ ../../../../../Users/jaywest/Myeve/node_modules/@novnc/novnc/core/util/browser.js
The generated code contains 'async/await' because this module is using "topLevelAwait".
However, your target environment does not appear to support 'async/await'.
As a result, the code may not run as expected or may cause runtime errors.

Import trace for requested module:
../../../../../Users/jaywest/Myeve/node_modules/@novnc/novnc/core/util/browser.js
../../../../../Users/jaywest/Myeve/node_modules/@novnc/novnc/core/rfb.js
./components/computer-viewer.tsx
./components/computer-workspace.tsx
./app/chat.tsx
⚠ ../../../../../Users/jaywest/Myeve/node_modules/@novnc/novnc/core/util/browser.js
The generated code contains 'async/await' because this module is using "topLevelAwait".
However, your target environment does not appear to support 'async/await'.
As a result, the code may not run as expected or may cause runtime errors.

Import trace for requested module:
../../../../../Users/jaywest/Myeve/node_modules/@novnc/novnc/core/util/browser.js
../../../../../Users/jaywest/Myeve/node_modules/@novnc/novnc/core/rfb.js
./components/computer-viewer.tsx
./components/computer-workspace.tsx
./app/chat.tsx
[browser] ../../../../../Users/jaywest/Myeve/node_modules/@novnc/novnc/core/util/browser.js
The generated code contains 'async/await' because this module is using "topLevelAwait".
However, your target environment does not appear to support 'async/await'.
As a result, the code may not run as expected or may cause runtime errors.

Import trace for requested module:
../../../../../Users/jaywest/Myeve/node_modules/@novnc/novnc/core/util/browser.js
../../../../../Users/jaywest/Myeve/node_modules/@novnc/novnc/core/rfb.js
./components/computer-viewer.tsx
./components/computer-workspace.tsx
./app/chat.tsx
 GET /computer 200 in 48ms (next.js: 26ms, proxy.ts: 2ms, application-code: 20ms)
 PATCH /api/computer-profiles 200 in 3.2s (next.js: 3.1s, application-code: 149ms)
 GET /api/computer?agentId=agent_66a1e235-c274-4052-a0aa-db757e9b3e6b 200 in 213ms (next.js: 12ms, application-code: 201ms)
 PATCH /api/computer-profiles 200 in 11ms (next.js: 0.5ms, application-code: 11ms)
 GET /api/computer?agentId=agent_66a1e235-c274-4052-a0aa-db757e9b3e6b 200 in 7ms (next.js: 0.6ms, application-code: 7ms)
 GET /api/computer-sessions 200 in 75ms (next.js: 7ms, application-code: 68ms)
 GET /api/computer-sessions 200 in 20ms (next.js: 1.6ms, application-code: 18ms)
 GET /api/computer-sessions 200 in 8ms (next.js: 2ms, application-code: 5ms)
 GET /api/computer-sessions 200 in 9ms (next.js: 1.6ms, application-code: 7ms)
 GET /api/computer-sessions 200 in 9ms (next.js: 2ms, application-code: 7ms)
 GET /api/computer-sessions 200 in 9ms (next.js: 1.4ms, application-code: 8ms)
Persistent browser profile update failed {
  requestId: 'b8fd9188-5cfe-46a5-abd8-c34be85ba48d',
  error: {
    name: 'Error',
    message: 'This write path has not yet been qualified for autonomous execution.'
  }
}
 PATCH /api/computer-profiles 409 in 4ms (next.js: 0.6ms, application-code: 4ms)
 GET /api/computer-sessions 200 in 16ms (next.js: 0.5ms, application-code: 15ms)
 GET /api/threads 200 in 19ms (next.js: 7ms, application-code: 12ms)
 GET /api/computer-sessions 200 in 12ms (next.js: 1.6ms, application-code: 11ms)
 GET /api/computer-sessions 200 in 4ms (next.js: 0.6ms, application-code: 3ms)
 GET /api/computer-sessions 200 in 8ms (next.js: 1.9ms, application-code: 6ms)
 GET /api/computer-sessions 200 in 4ms (next.js: 0.6ms, application-code: 3ms)
 GET /api/computer-sessions 200 in 16ms (next.js: 0.6ms, application-code: 16ms)
 GET /api/computer-sessions 200 in 193ms (next.js: 11ms, application-code: 181ms)
 GET /api/computer-sessions 200 in 20ms (next.js: 0.6ms, application-code: 19ms)
⚠ ../../../../../Users/jaywest/Myeve/node_modules/@novnc/novnc/core/util/browser.js
The generated code contains 'async/await' because this module is using "topLevelAwait".
However, your target environment does not appear to support 'async/await'.
As a result, the code may not run as expected or may cause runtime errors.

Import trace for requested module:
../../../../../Users/jaywest/Myeve/node_modules/@novnc/novnc/core/util/browser.js
../../../../../Users/jaywest/Myeve/node_modules/@novnc/novnc/core/rfb.js
./components/computer-viewer.tsx
./components/computer-workspace.tsx
./app/chat.tsx
[browser] ../../../../../Users/jaywest/Myeve/node_modules/@novnc/novnc/core/util/browser.js
The generated code contains 'async/await' because this module is using "topLevelAwait".
However, your target environment does not appear to support 'async/await'.
As a result, the code may not run as expected or may cause runtime errors.

Import trace for requested module:
../../../../../Users/jaywest/Myeve/node_modules/@novnc/novnc/core/util/browser.js
../../../../../Users/jaywest/Myeve/node_modules/@novnc/novnc/core/rfb.js
./components/computer-viewer.tsx
./components/computer-workspace.tsx
./app/chat.tsx
⚠ ../../../../../Users/jaywest/Myeve/node_modules/@novnc/novnc/core/util/browser.js
The generated code contains 'async/await' because this module is using "topLevelAwait".
However, your target environment does not appear to support 'async/await'.
As a result, the code may not run as expected or may cause runtime errors.

Import trace for requested module:
../../../../../Users/jaywest/Myeve/node_modules/@novnc/novnc/core/util/browser.js
../../../../../Users/jaywest/Myeve/node_modules/@novnc/novnc/core/rfb.js
./components/computer-viewer.tsx
./components/computer-workspace.tsx
./app/chat.tsx
[browser] ../../../../../Users/jaywest/Myeve/node_modules/@novnc/novnc/core/util/browser.js
The generated code contains 'async/await' because this module is using "topLevelAwait".
However, your target environment does not appear to support 'async/await'.
As a result, the code may not run as expected or may cause runtime errors.

Import trace for requested module:
../../../../../Users/jaywest/Myeve/node_modules/@novnc/novnc/core/util/browser.js
../../../../../Users/jaywest/Myeve/node_modules/@novnc/novnc/core/rfb.js
./components/computer-viewer.tsx
./components/computer-workspace.tsx
./app/chat.tsx
 GET /api/computer-sessions 200 in 4.8s (next.js: 4.5s, application-code: 358ms)
 GET /goals 200 in 5.2s (next.js: 4.9s, proxy.ts: 2ms, application-code: 360ms)
[browser] ../../../../../Users/jaywest/Myeve/node_modules/@novnc/novnc/core/util/browser.js
The generated code contains 'async/await' because this module is using "topLevelAwait".
However, your target environment does not appear to support 'async/await'.
As a result, the code may not run as expected or may cause runtime errors.
⚠ ../../../../../Users/jaywest/Myeve/node_modules/@novnc/novnc/core/util/browser.js
The generated code contains 'async/await' because this module is using "topLevelAwait".
However, your target environment does not appear to support 'async/await'.
As a result, the code may not run as expected or may cause runtime errors.

Import trace for requested module:
../../../../../Users/jaywest/Myeve/node_modules/@novnc/novnc/core/util/browser.js
../../../../../Users/jaywest/Myeve/node_modules/@novnc/novnc/core/rfb.js
./components/computer-viewer.tsx
./components/computer-workspace.tsx
./app/chat.tsx
[browser] ../../../../../Users/jaywest/Myeve/node_modules/@novnc/novnc/core/util/browser.js
The generated code contains 'async/await' because this module is using "topLevelAwait".
However, your target environment does not appear to support 'async/await'.
As a result, the code may not run as expected or may cause runtime errors.

Import trace for requested module:
../../../../../Users/jaywest/Myeve/node_modules/@novnc/novnc/core/util/browser.js
../../../../../Users/jaywest/Myeve/node_modules/@novnc/novnc/core/rfb.js
./components/computer-viewer.tsx
./components/computer-workspace.tsx
./app/chat.tsx
⚠ ../../../../../Users/jaywest/Myeve/node_modules/@novnc/novnc/core/util/browser.js
The generated code contains 'async/await' because this module is using "topLevelAwait".
However, your target environment does not appear to support 'async/await'.
As a result, the code may not run as expected or may cause runtime errors.

Import trace for requested module:
../../../../../Users/jaywest/Myeve/node_modules/@novnc/novnc/core/util/browser.js
../../../../../Users/jaywest/Myeve/node_modules/@novnc/novnc/core/rfb.js
./components/computer-viewer.tsx
./components/computer-workspace.tsx
./app/chat.tsx
Model catalog failed Error [GatewayAuthenticationError]: AI Gateway authentication failed: No authentication provided.

Option 1 - API key:
Create an API key: https://vercel.com/d?to=%2F%5Bteam%5D%2F%7E%2Fai%2Fapi-keys
Provide via 'apiKey' option or 'AI_GATEWAY_API_KEY' environment variable.

Option 2 - Vercel access token:
Pass a Vercel personal access token or Vercel app access token via the 'apiKey' option.

Option 3 - OIDC token:
Run 'npx vercel link' to link your project, then 'vc env pull' to fetch the token.
    at async GET (app/api/models/route.ts:11:24)
   9 |
  10 |   try {
> 11 |     const { models } = await gateway.getAvailableModels();
     |                        ^
  12 |     const language = models
  13 |       .filter((model) => (model.modelType ?? "language") === "language")
  14 |       .map((model) => ({ {
  statusCode: 401,
  generationId: undefined,
  isRetryable: false,
  type: 'authentication_error',
  [cause]: Error [VercelOidcTokenError]: The 'x-vercel-oidc-token' header is missing from the request. Do you have the OIDC option enabled in the Vercel project settings?
  Unable to find project root directory. Have you linked your project with `vc link?`
      at async GET (app/api/models/route.ts:11:24)
     9 |
    10 |   try {
  > 11 |     const { models } = await gateway.getAvailableModels();
       |                        ^
    12 |     const language = models
    13 |       .filter((model) => (model.modelType ?? "language") === "language")
    14 |       .map((model) => ({ {
    cause: undefined
  }
}
 GET /api/commands 200 in 3.9s (next.js: 3.8s, application-code: 131ms)
 GET /api/models 503 in 3.9s (next.js: 3.8s, application-code: 131ms)
[browser] ../../../../../Users/jaywest/Myeve/node_modules/@novnc/novnc/core/util/browser.js
The generated code contains 'async/await' because this module is using "topLevelAwait".
However, your target environment does not appear to support 'async/await'.
As a result, the code may not run as expected or may cause runtime errors.

Import trace for requested module:
../../../../../Users/jaywest/Myeve/node_modules/@novnc/novnc/core/util/browser.js
../../../../../Users/jaywest/Myeve/node_modules/@novnc/novnc/core/rfb.js
./components/computer-viewer.tsx
./components/computer-workspace.tsx
./app/chat.tsx
⚠ ../../../../../Users/jaywest/Myeve/node_modules/@novnc/novnc/core/util/browser.js
The generated code contains 'async/await' because this module is using "topLevelAwait".
However, your target environment does not appear to support 'async/await'.
As a result, the code may not run as expected or may cause runtime errors.

Import trace for requested module:
../../../../../Users/jaywest/Myeve/node_modules/@novnc/novnc/core/util/browser.js
../../../../../Users/jaywest/Myeve/node_modules/@novnc/novnc/core/rfb.js
./components/computer-viewer.tsx
./components/computer-workspace.tsx
./app/chat.tsx
 GET /api/agents 200 in 4.3s (next.js: 3.8s, application-code: 470ms)
 GET /api/threads 200 in 4.3s (next.js: 3.8s, application-code: 470ms)
 GET /api/goals/focus 200 in 4.3s (next.js: 3.8s, application-code: 471ms)
 GET /api/goals/focus 200 in 295ms (next.js: 0.5ms, application-code: 294ms)
 GET /goals 200 in 583ms (next.js: 51ms, proxy.ts: 276ms, application-code: 256ms)
⚠ ../../../../../Users/jaywest/Myeve/node_modules/@novnc/novnc/core/util/browser.js
The generated code contains 'async/await' because this module is using "topLevelAwait".
However, your target environment does not appear to support 'async/await'.
As a result, the code may not run as expected or may cause runtime errors.

Import trace for requested module:
../../../../../Users/jaywest/Myeve/node_modules/@novnc/novnc/core/util/browser.js
../../../../../Users/jaywest/Myeve/node_modules/@novnc/novnc/core/rfb.js
./components/computer-viewer.tsx
./components/computer-workspace.tsx
./app/chat.tsx
[browser] ../../../../../Users/jaywest/Myeve/node_modules/@novnc/novnc/core/util/browser.js
The generated code contains 'async/await' because this module is using "topLevelAwait".
However, your target environment does not appear to support 'async/await'.
As a result, the code may not run as expected or may cause runtime errors.
⚠ ../../../../../Users/jaywest/Myeve/node_modules/@novnc/novnc/core/util/browser.js
The generated code contains 'async/await' because this module is using "topLevelAwait".
However, your target environment does not appear to support 'async/await'.
As a result, the code may not run as expected or may cause runtime errors.

Import trace for requested module:
../../../../../Users/jaywest/Myeve/node_modules/@novnc/novnc/core/util/browser.js
../../../../../Users/jaywest/Myeve/node_modules/@novnc/novnc/core/rfb.js
./components/computer-viewer.tsx
./components/computer-workspace.tsx
./app/chat.tsx
[browser] ../../../../../Users/jaywest/Myeve/node_modules/@novnc/novnc/core/util/browser.js
The generated code contains 'async/await' because this module is using "topLevelAwait".
However, your target environment does not appear to support 'async/await'.
As a result, the code may not run as expected or may cause runtime errors.

Import trace for requested module:
../../../../../Users/jaywest/Myeve/node_modules/@novnc/novnc/core/util/browser.js
../../../../../Users/jaywest/Myeve/node_modules/@novnc/novnc/core/rfb.js
./components/computer-viewer.tsx
./components/computer-workspace.tsx
./app/chat.tsx
⚠ ../../../../../Users/jaywest/Myeve/node_modules/@novnc/novnc/core/util/browser.js
The generated code contains 'async/await' because this module is using "topLevelAwait".
However, your target environment does not appear to support 'async/await'.
As a result, the code may not run as expected or may cause runtime errors.

Import trace for requested module:
../../../../../Users/jaywest/Myeve/node_modules/@novnc/novnc/core/util/browser.js
../../../../../Users/jaywest/Myeve/node_modules/@novnc/novnc/core/rfb.js
./components/computer-viewer.tsx
./components/computer-workspace.tsx
./app/chat.tsx
Model catalog failed Error [GatewayAuthenticationError]: AI Gateway authentication failed: No authentication provided.

Option 1 - API key:
Create an API key: https://vercel.com/d?to=%2F%5Bteam%5D%2F%7E%2Fai%2Fapi-keys
Provide via 'apiKey' option or 'AI_GATEWAY_API_KEY' environment variable.

Option 2 - Vercel access token:
Pass a Vercel personal access token or Vercel app access token via the 'apiKey' option.

Option 3 - OIDC token:
Run 'npx vercel link' to link your project, then 'vc env pull' to fetch the token.
    at async GET (app/api/models/route.ts:11:24)
   9 |
  10 |   try {
> 11 |     const { models } = await gateway.getAvailableModels();
     |                        ^
  12 |     const language = models
  13 |       .filter((model) => (model.modelType ?? "language") === "language")
  14 |       .map((model) => ({ {
  statusCode: 401,
  generationId: undefined,
  isRetryable: false,
  type: 'authentication_error',
  [cause]: Error [VercelOidcTokenError]: The 'x-vercel-oidc-token' header is missing from the request. Do you have the OIDC option enabled in the Vercel project settings?
  Unable to find project root directory. Have you linked your project with `vc link?`
      at async GET (app/api/models/route.ts:11:24)
     9 |
    10 |   try {
  > 11 |     const { models } = await gateway.getAvailableModels();
       |                        ^
    12 |     const language = models
    13 |       .filter((model) => (model.modelType ?? "language") === "language")
    14 |       .map((model) => ({ {
    cause: undefined
  }
}
 GET /api/commands 200 in 1302ms (next.js: 1209ms, application-code: 93ms)
 GET /api/models 503 in 1304ms (next.js: 1210ms, application-code: 94ms)
[browser] ../../../../../Users/jaywest/Myeve/node_modules/@novnc/novnc/core/util/browser.js
The generated code contains 'async/await' because this module is using "topLevelAwait".
However, your target environment does not appear to support 'async/await'.
As a result, the code may not run as expected or may cause runtime errors.

Import trace for requested module:
../../../../../Users/jaywest/Myeve/node_modules/@novnc/novnc/core/util/browser.js
../../../../../Users/jaywest/Myeve/node_modules/@novnc/novnc/core/rfb.js
./components/computer-viewer.tsx
./components/computer-workspace.tsx
./app/chat.tsx
 GET /api/goals 200 in 1321ms (next.js: 1217ms, application-code: 104ms)
 GET /api/capabilities 200 in 1.8ms (next.js: 0.4ms, application-code: 1.4ms)
 GET /api/agents 200 in 1323ms (next.js: 1210ms, application-code: 113ms)
 GET /api/commands 200 in 1.5ms (next.js: 0.4ms, application-code: 1.1ms)
 GET /api/goals/focus 200 in 1330ms (next.js: 1212ms, application-code: 118ms)
Model catalog failed Error [GatewayAuthenticationError]: AI Gateway authentication failed: No authentication provided.

Option 1 - API key:
Create an API key: https://vercel.com/d?to=%2F%5Bteam%5D%2F%7E%2Fai%2Fapi-keys
Provide via 'apiKey' option or 'AI_GATEWAY_API_KEY' environment variable.

Option 2 - Vercel access token:
Pass a Vercel personal access token or Vercel app access token via the 'apiKey' option.

Option 3 - OIDC token:
Run 'npx vercel link' to link your project, then 'vc env pull' to fetch the token.
    at async GET (app/api/models/route.ts:11:24)
   9 |
  10 |   try {
> 11 |     const { models } = await gateway.getAvailableModels();
     |                        ^
  12 |     const language = models
  13 |       .filter((model) => (model.modelType ?? "language") === "language")
  14 |       .map((model) => ({ {
  statusCode: 401,
  generationId: undefined,
  isRetryable: false,
  type: 'authentication_error',
  [cause]: Error [VercelOidcTokenError]: The 'x-vercel-oidc-token' header is missing from the request. Do you have the OIDC option enabled in the Vercel project settings?
  Unable to find project root directory. Have you linked your project with `vc link?`
      at async GET (app/api/models/route.ts:11:24)
     9 |
    10 |   try {
  > 11 |     const { models } = await gateway.getAvailableModels();
       |                        ^
    12 |     const language = models
    13 |       .filter((model) => (model.modelType ?? "language") === "language")
    14 |       .map((model) => ({ {
    cause: undefined
  }
}
 GET /api/models 503 in 4ms (next.js: 0.7ms, application-code: 3ms)
⚠ ../../../../../Users/jaywest/Myeve/node_modules/@novnc/novnc/core/util/browser.js
The generated code contains 'async/await' because this module is using "topLevelAwait".
However, your target environment does not appear to support 'async/await'.
As a result, the code may not run as expected or may cause runtime errors.

Import trace for requested module:
../../../../../Users/jaywest/Myeve/node_modules/@novnc/novnc/core/util/browser.js
../../../../../Users/jaywest/Myeve/node_modules/@novnc/novnc/core/rfb.js
./components/computer-viewer.tsx
./components/computer-workspace.tsx
./app/chat.tsx
 GET /api/threads 200 in 1162ms (next.js: 1032ms, application-code: 129ms)
[browser] ../../../../../Users/jaywest/Myeve/node_modules/@novnc/novnc/core/util/browser.js
The generated code contains 'async/await' because this module is using "topLevelAwait".
However, your target environment does not appear to support 'async/await'.
As a result, the code may not run as expected or may cause runtime errors.

Import trace for requested module:
../../../../../Users/jaywest/Myeve/node_modules/@novnc/novnc/core/util/browser.js
../../../../../Users/jaywest/Myeve/node_modules/@novnc/novnc/core/rfb.js
./components/computer-viewer.tsx
./components/computer-workspace.tsx
./app/chat.tsx
⚠ ../../../../../Users/jaywest/Myeve/node_modules/@novnc/novnc/core/util/browser.js
The generated code contains 'async/await' because this module is using "topLevelAwait".
However, your target environment does not appear to support 'async/await'.
As a result, the code may not run as expected or may cause runtime errors.

Import trace for requested module:
../../../../../Users/jaywest/Myeve/node_modules/@novnc/novnc/core/util/browser.js
../../../../../Users/jaywest/Myeve/node_modules/@novnc/novnc/core/rfb.js
./components/computer-viewer.tsx
./components/computer-workspace.tsx
./app/chat.tsx
[browser] ../../../../../Users/jaywest/Myeve/node_modules/@novnc/novnc/core/util/browser.js
The generated code contains 'async/await' because this module is using "topLevelAwait".
However, your target environment does not appear to support 'async/await'.
As a result, the code may not run as expected or may cause runtime errors.

Import trace for requested module:
../../../../../Users/jaywest/Myeve/node_modules/@novnc/novnc/core/util/browser.js
../../../../../Users/jaywest/Myeve/node_modules/@novnc/novnc/core/rfb.js
./components/computer-viewer.tsx
./components/computer-workspace.tsx
./app/chat.tsx
 GET /api/goals 200 in 1519ms (next.js: 1337ms, application-code: 182ms)
 GET /api/goals/goal_b96e7077-00db-43dd-913c-372f69f9301e 200 in 1387ms (next.js: 1201ms, application-code: 186ms)
 GET /api/threads 200 in 1526ms (next.js: 1337ms, application-code: 189ms)
 GET /api/agents 200 in 1527ms (next.js: 1337ms, application-code: 190ms)
 GET /api/goals/focus 200 in 1526ms (next.js: 1336ms, application-code: 190ms)
 GET /knowledge 200 in 1555ms (next.js: 1351ms, proxy.ts: 12ms, application-code: 191ms)
 GET /knowledge 200 in 17ms (next.js: 1.1ms, proxy.ts: 1.5ms, application-code: 15ms)
[browser] ../../../../../Users/jaywest/Myeve/node_modules/@novnc/novnc/core/util/browser.js
The generated code contains 'async/await' because this module is using "topLevelAwait".
However, your target environment does not appear to support 'async/await'.
As a result, the code may not run as expected or may cause runtime errors.
 GET /api/capabilities 200 in 7ms (next.js: 5ms, application-code: 2ms)
Model catalog failed Error [GatewayAuthenticationError]: AI Gateway authentication failed: No authentication provided.

Option 1 - API key:
Create an API key: https://vercel.com/d?to=%2F%5Bteam%5D%2F%7E%2Fai%2Fapi-keys
Provide via 'apiKey' option or 'AI_GATEWAY_API_KEY' environment variable.

Option 2 - Vercel access token:
Pass a Vercel personal access token or Vercel app access token via the 'apiKey' option.

Option 3 - OIDC token:
Run 'npx vercel link' to link your project, then 'vc env pull' to fetch the token.
    at async GET (app/api/models/route.ts:11:24)
   9 |
  10 |   try {
> 11 |     const { models } = await gateway.getAvailableModels();
     |                        ^
  12 |     const language = models
  13 |       .filter((model) => (model.modelType ?? "language") === "language")
  14 |       .map((model) => ({ {
  statusCode: 401,
  generationId: undefined,
  isRetryable: false,
  type: 'authentication_error',
  [cause]: Error [VercelOidcTokenError]: The 'x-vercel-oidc-token' header is missing from the request. Do you have the OIDC option enabled in the Vercel project settings?
  Unable to find project root directory. Have you linked your project with `vc link?`
      at async GET (app/api/models/route.ts:11:24)
     9 |
    10 |   try {
  > 11 |     const { models } = await gateway.getAvailableModels();
       |                        ^
    12 |     const language = models
    13 |       .filter((model) => (model.modelType ?? "language") === "language")
    14 |       .map((model) => ({ {
    cause: undefined
  }
}
 GET /api/models 503 in 20ms (next.js: 0.9ms, application-code: 19ms)
 GET /api/commands 200 in 27ms (next.js: 1.2ms, application-code: 26ms)
Model catalog failed Error [GatewayAuthenticationError]: AI Gateway authentication failed: No authentication provided.

Option 1 - API key:
Create an API key: https://vercel.com/d?to=%2F%5Bteam%5D%2F%7E%2Fai%2Fapi-keys
Provide via 'apiKey' option or 'AI_GATEWAY_API_KEY' environment variable.

Option 2 - Vercel access token:
Pass a Vercel personal access token or Vercel app access token via the 'apiKey' option.

Option 3 - OIDC token:
Run 'npx vercel link' to link your project, then 'vc env pull' to fetch the token.
    at async GET (app/api/models/route.ts:11:24)
   9 |
  10 |   try {
> 11 |     const { models } = await gateway.getAvailableModels();
     |                        ^
  12 |     const language = models
  13 |       .filter((model) => (model.modelType ?? "language") === "language")
  14 |       .map((model) => ({ {
  statusCode: 401,
  generationId: undefined,
  isRetryable: false,
  type: 'authentication_error',
  [cause]: Error [VercelOidcTokenError]: The 'x-vercel-oidc-token' header is missing from the request. Do you have the OIDC option enabled in the Vercel project settings?
  Unable to find project root directory. Have you linked your project with `vc link?`
      at async GET (app/api/models/route.ts:11:24)
     9 |
    10 |   try {
  > 11 |     const { models } = await gateway.getAvailableModels();
       |                        ^
    12 |     const language = models
    13 |       .filter((model) => (model.modelType ?? "language") === "language")
    14 |       .map((model) => ({ {
    cause: undefined
  }
}
 GET /api/models 503 in 2ms (next.js: 0.3ms, application-code: 2ms)
 GET /api/capabilities 200 in 2ms (next.js: 0.6ms, application-code: 1.7ms)
 GET /api/threads 200 in 26ms (next.js: 0.5ms, application-code: 26ms)
 GET /api/commands 200 in 1.3ms (next.js: 0.4ms, application-code: 1.0ms)
 GET /api/agents 200 in 64ms (next.js: 0.5ms, application-code: 63ms)
 GET /api/threads 200 in 6ms (next.js: 1.0ms, application-code: 5ms)
 GET /api/agents 200 in 16ms (next.js: 1.1ms, application-code: 15ms)
⚠ ../../../../../Users/jaywest/Myeve/node_modules/@novnc/novnc/core/util/browser.js
The generated code contains 'async/await' because this module is using "topLevelAwait".
However, your target environment does not appear to support 'async/await'.
As a result, the code may not run as expected or may cause runtime errors.

Import trace for requested module:
../../../../../Users/jaywest/Myeve/node_modules/@novnc/novnc/core/util/browser.js
../../../../../Users/jaywest/Myeve/node_modules/@novnc/novnc/core/rfb.js
./components/computer-viewer.tsx
./components/computer-workspace.tsx
./app/chat.tsx
[browser] ../../../../../Users/jaywest/Myeve/node_modules/@novnc/novnc/core/util/browser.js
The generated code contains 'async/await' because this module is using "topLevelAwait".
However, your target environment does not appear to support 'async/await'.
As a result, the code may not run as expected or may cause runtime errors.

Import trace for requested module:
../../../../../Users/jaywest/Myeve/node_modules/@novnc/novnc/core/util/browser.js
../../../../../Users/jaywest/Myeve/node_modules/@novnc/novnc/core/rfb.js
./components/computer-viewer.tsx
./components/computer-workspace.tsx
./app/chat.tsx
⚠ ../../../../../Users/jaywest/Myeve/node_modules/@novnc/novnc/core/util/browser.js
The generated code contains 'async/await' because this module is using "topLevelAwait".
However, your target environment does not appear to support 'async/await'.
As a result, the code may not run as expected or may cause runtime errors.

Import trace for requested module:
../../../../../Users/jaywest/Myeve/node_modules/@novnc/novnc/core/util/browser.js
../../../../../Users/jaywest/Myeve/node_modules/@novnc/novnc/core/rfb.js
./components/computer-viewer.tsx
./components/computer-workspace.tsx
./app/chat.tsx
[browser] ../../../../../Users/jaywest/Myeve/node_modules/@novnc/novnc/core/util/browser.js
The generated code contains 'async/await' because this module is using "topLevelAwait".
However, your target environment does not appear to support 'async/await'.
As a result, the code may not run as expected or may cause runtime errors.

Import trace for requested module:
../../../../../Users/jaywest/Myeve/node_modules/@novnc/novnc/core/util/browser.js
../../../../../Users/jaywest/Myeve/node_modules/@novnc/novnc/core/rfb.js
./components/computer-viewer.tsx
./components/computer-workspace.tsx
./app/chat.tsx
 GET /api/knowledge?type=decision 200 in 5.4s (next.js: 5.4s, application-code: 14ms)
⚠ ../../../../../Users/jaywest/Myeve/node_modules/@novnc/novnc/core/util/browser.js
The generated code contains 'async/await' because this module is using "topLevelAwait".
However, your target environment does not appear to support 'async/await'.
As a result, the code may not run as expected or may cause runtime errors.

Import trace for requested module:
../../../../../Users/jaywest/Myeve/node_modules/@novnc/novnc/core/util/browser.js
../../../../../Users/jaywest/Myeve/node_modules/@novnc/novnc/core/rfb.js
./components/computer-viewer.tsx
./components/computer-workspace.tsx
./app/chat.tsx
 GET /results 200 in 410ms (next.js: 43ms, proxy.ts: 24ms, application-code: 344ms)
⚠ ../../../../../Users/jaywest/Myeve/node_modules/@novnc/novnc/core/util/browser.js
The generated code contains 'async/await' because this module is using "topLevelAwait".
However, your target environment does not appear to support 'async/await'.
As a result, the code may not run as expected or may cause runtime errors.

Import trace for requested module:
../../../../../Users/jaywest/Myeve/node_modules/@novnc/novnc/core/util/browser.js
../../../../../Users/jaywest/Myeve/node_modules/@novnc/novnc/core/rfb.js
./components/computer-viewer.tsx
./components/computer-workspace.tsx
./app/chat.tsx
 GET /results 200 in 183ms (next.js: 16ms, proxy.ts: 1.8ms, application-code: 165ms)
[browser] ../../../../../Users/jaywest/Myeve/node_modules/@novnc/novnc/core/util/browser.js
The generated code contains 'async/await' because this module is using "topLevelAwait".
However, your target environment does not appear to support 'async/await'.
As a result, the code may not run as expected or may cause runtime errors.
⚠ ../../../../../Users/jaywest/Myeve/node_modules/@novnc/novnc/core/util/browser.js
The generated code contains 'async/await' because this module is using "topLevelAwait".
However, your target environment does not appear to support 'async/await'.
As a result, the code may not run as expected or may cause runtime errors.

Import trace for requested module:
../../../../../Users/jaywest/Myeve/node_modules/@novnc/novnc/core/util/browser.js
../../../../../Users/jaywest/Myeve/node_modules/@novnc/novnc/core/rfb.js
./components/computer-viewer.tsx
./components/computer-workspace.tsx
./app/chat.tsx
[browser] ../../../../../Users/jaywest/Myeve/node_modules/@novnc/novnc/core/util/browser.js
The generated code contains 'async/await' because this module is using "topLevelAwait".
However, your target environment does not appear to support 'async/await'.
As a result, the code may not run as expected or may cause runtime errors.

Import trace for requested module:
../../../../../Users/jaywest/Myeve/node_modules/@novnc/novnc/core/util/browser.js
../../../../../Users/jaywest/Myeve/node_modules/@novnc/novnc/core/rfb.js
./components/computer-viewer.tsx
./components/computer-workspace.tsx
./app/chat.tsx
⚠ ../../../../../Users/jaywest/Myeve/node_modules/@novnc/novnc/core/util/browser.js
The generated code contains 'async/await' because this module is using "topLevelAwait".
However, your target environment does not appear to support 'async/await'.
As a result, the code may not run as expected or may cause runtime errors.

Import trace for requested module:
../../../../../Users/jaywest/Myeve/node_modules/@novnc/novnc/core/util/browser.js
../../../../../Users/jaywest/Myeve/node_modules/@novnc/novnc/core/rfb.js
./components/computer-viewer.tsx
./components/computer-workspace.tsx
./app/chat.tsx
Model catalog failed Error [GatewayAuthenticationError]: AI Gateway authentication failed: No authentication provided.

Option 1 - API key:
Create an API key: https://vercel.com/d?to=%2F%5Bteam%5D%2F%7E%2Fai%2Fapi-keys
Provide via 'apiKey' option or 'AI_GATEWAY_API_KEY' environment variable.

Option 2 - Vercel access token:
Pass a Vercel personal access token or Vercel app access token via the 'apiKey' option.

Option 3 - OIDC token:
Run 'npx vercel link' to link your project, then 'vc env pull' to fetch the token.
    at async GET (app/api/models/route.ts:11:24)
   9 |
  10 |   try {
> 11 |     const { models } = await gateway.getAvailableModels();
     |                        ^
  12 |     const language = models
  13 |       .filter((model) => (model.modelType ?? "language") === "language")
  14 |       .map((model) => ({ {
  statusCode: 401,
  generationId: undefined,
  isRetryable: false,
  type: 'authentication_error',
  [cause]: Error [VercelOidcTokenError]: The 'x-vercel-oidc-token' header is missing from the request. Do you have the OIDC option enabled in the Vercel project settings?
  Unable to find project root directory. Have you linked your project with `vc link?`
      at async GET (app/api/models/route.ts:11:24)
     9 |
    10 |   try {
  > 11 |     const { models } = await gateway.getAvailableModels();
       |                        ^
    12 |     const language = models
    13 |       .filter((model) => (model.modelType ?? "language") === "language")
    14 |       .map((model) => ({ {
    cause: undefined
  }
}
 GET /api/commands 200 in 1342ms (next.js: 1269ms, application-code: 73ms)
 GET /api/models 503 in 1342ms (next.js: 1269ms, application-code: 73ms)
[browser] ../../../../../Users/jaywest/Myeve/node_modules/@novnc/novnc/core/util/browser.js
The generated code contains 'async/await' because this module is using "topLevelAwait".
However, your target environment does not appear to support 'async/await'.
As a result, the code may not run as expected or may cause runtime errors.

Import trace for requested module:
../../../../../Users/jaywest/Myeve/node_modules/@novnc/novnc/core/util/browser.js
../../../../../Users/jaywest/Myeve/node_modules/@novnc/novnc/core/rfb.js
./components/computer-viewer.tsx
./components/computer-workspace.tsx
./app/chat.tsx
 GET /api/outcomes?limit=100 200 in 1353ms (next.js: 1278ms, application-code: 76ms)
 GET /api/capabilities 200 in 1.9ms (next.js: 0.4ms, application-code: 1.6ms)
 GET /api/agents 200 in 1352ms (next.js: 1269ms, application-code: 82ms)
 GET /api/commands 200 in 1.5ms (next.js: 0.4ms, application-code: 1.1ms)
⚠ ../../../../../Users/jaywest/Myeve/node_modules/@novnc/novnc/core/util/browser.js
The generated code contains 'async/await' because this module is using "topLevelAwait".
However, your target environment does not appear to support 'async/await'.
As a result, the code may not run as expected or may cause runtime errors.

Import trace for requested module:
../../../../../Users/jaywest/Myeve/node_modules/@novnc/novnc/core/util/browser.js
../../../../../Users/jaywest/Myeve/node_modules/@novnc/novnc/core/rfb.js
./components/computer-viewer.tsx
./components/computer-workspace.tsx
./app/chat.tsx
 GET /api/outcomes?limit=100 200 in 1166ms (next.js: 1075ms, application-code: 91ms)
 GET /api/threads 200 in 1365ms (next.js: 1269ms, application-code: 96ms)
[browser] ../../../../../Users/jaywest/Myeve/node_modules/@novnc/novnc/core/util/browser.js
The generated code contains 'async/await' because this module is using "topLevelAwait".
However, your target environment does not appear to support 'async/await'.
As a result, the code may not run as expected or may cause runtime errors.

Import trace for requested module:
../../../../../Users/jaywest/Myeve/node_modules/@novnc/novnc/core/util/browser.js
../../../../../Users/jaywest/Myeve/node_modules/@novnc/novnc/core/rfb.js
./components/computer-viewer.tsx
./components/computer-workspace.tsx
./app/chat.tsx
⚠ ../../../../../Users/jaywest/Myeve/node_modules/@novnc/novnc/core/util/browser.js
The generated code contains 'async/await' because this module is using "topLevelAwait".
However, your target environment does not appear to support 'async/await'.
As a result, the code may not run as expected or may cause runtime errors.

Import trace for requested module:
../../../../../Users/jaywest/Myeve/node_modules/@novnc/novnc/core/util/browser.js
../../../../../Users/jaywest/Myeve/node_modules/@novnc/novnc/core/rfb.js
./components/computer-viewer.tsx
./components/computer-workspace.tsx
./app/chat.tsx
Model catalog failed Error [GatewayAuthenticationError]: AI Gateway authentication failed: No authentication provided.

Option 1 - API key:
Create an API key: https://vercel.com/d?to=%2F%5Bteam%5D%2F%7E%2Fai%2Fapi-keys
Provide via 'apiKey' option or 'AI_GATEWAY_API_KEY' environment variable.

Option 2 - Vercel access token:
Pass a Vercel personal access token or Vercel app access token via the 'apiKey' option.

Option 3 - OIDC token:
Run 'npx vercel link' to link your project, then 'vc env pull' to fetch the token.
    at async GET (app/api/models/route.ts:11:24)
   9 |
  10 |   try {
> 11 |     const { models } = await gateway.getAvailableModels();
     |                        ^
  12 |     const language = models
  13 |       .filter((model) => (model.modelType ?? "language") === "language")
  14 |       .map((model) => ({ {
  statusCode: 401,
  generationId: undefined,
  isRetryable: false,
  type: 'authentication_error',
  [cause]: Error [VercelOidcTokenError]: The 'x-vercel-oidc-token' header is missing from the request. Do you have the OIDC option enabled in the Vercel project settings?
  Unable to find project root directory. Have you linked your project with `vc link?`
      at async GET (app/api/models/route.ts:11:24)
     9 |
    10 |   try {
  > 11 |     const { models } = await gateway.getAvailableModels();
       |                        ^
    12 |     const language = models
    13 |       .filter((model) => (model.modelType ?? "language") === "language")
    14 |       .map((model) => ({ {
    cause: undefined
  }
}
 GET /api/models 503 in 1375ms (next.js: 1337ms, application-code: 38ms)
[browser] ../../../../../Users/jaywest/Myeve/node_modules/@novnc/novnc/core/util/browser.js
The generated code contains 'async/await' because this module is using "topLevelAwait".
However, your target environment does not appear to support 'async/await'.
As a result, the code may not run as expected or may cause runtime errors.

Import trace for requested module:
../../../../../Users/jaywest/Myeve/node_modules/@novnc/novnc/core/util/browser.js
../../../../../Users/jaywest/Myeve/node_modules/@novnc/novnc/core/rfb.js
./components/computer-viewer.tsx
./components/computer-workspace.tsx
./app/chat.tsx
 GET /api/agents 200 in 1519ms (next.js: 1337ms, application-code: 182ms)
 GET /api/threads 200 in 1516ms (next.js: 1333ms, application-code: 183ms)
 GET /review 200 in 1538ms (next.js: 1349ms, proxy.ts: 6ms, application-code: 183ms)
 GET /review 200 in 17ms (next.js: 1.0ms, proxy.ts: 1.7ms, application-code: 15ms)
[browser] ../../../../../Users/jaywest/Myeve/node_modules/@novnc/novnc/core/util/browser.js
The generated code contains 'async/await' because this module is using "topLevelAwait".
However, your target environment does not appear to support 'async/await'.
As a result, the code may not run as expected or may cause runtime errors.
⚠ ../../../../../Users/jaywest/Myeve/node_modules/@novnc/novnc/core/util/browser.js
The generated code contains 'async/await' because this module is using "topLevelAwait".
However, your target environment does not appear to support 'async/await'.
As a result, the code may not run as expected or may cause runtime errors.

Import trace for requested module:
../../../../../Users/jaywest/Myeve/node_modules/@novnc/novnc/core/util/browser.js
../../../../../Users/jaywest/Myeve/node_modules/@novnc/novnc/core/rfb.js
./components/computer-viewer.tsx
./components/computer-workspace.tsx
./app/chat.tsx
[browser] ../../../../../Users/jaywest/Myeve/node_modules/@novnc/novnc/core/util/browser.js
The generated code contains 'async/await' because this module is using "topLevelAwait".
However, your target environment does not appear to support 'async/await'.
As a result, the code may not run as expected or may cause runtime errors.

Import trace for requested module:
../../../../../Users/jaywest/Myeve/node_modules/@novnc/novnc/core/util/browser.js
../../../../../Users/jaywest/Myeve/node_modules/@novnc/novnc/core/rfb.js
./components/computer-viewer.tsx
./components/computer-workspace.tsx
./app/chat.tsx
⚠ ../../../../../Users/jaywest/Myeve/node_modules/@novnc/novnc/core/util/browser.js
The generated code contains 'async/await' because this module is using "topLevelAwait".
However, your target environment does not appear to support 'async/await'.
As a result, the code may not run as expected or may cause runtime errors.

Import trace for requested module:
../../../../../Users/jaywest/Myeve/node_modules/@novnc/novnc/core/util/browser.js
../../../../../Users/jaywest/Myeve/node_modules/@novnc/novnc/core/rfb.js
./components/computer-viewer.tsx
./components/computer-workspace.tsx
./app/chat.tsx
Model catalog failed Error [GatewayAuthenticationError]: AI Gateway authentication failed: No authentication provided.

Option 1 - API key:
Create an API key: https://vercel.com/d?to=%2F%5Bteam%5D%2F%7E%2Fai%2Fapi-keys
Provide via 'apiKey' option or 'AI_GATEWAY_API_KEY' environment variable.

Option 2 - Vercel access token:
Pass a Vercel personal access token or Vercel app access token via the 'apiKey' option.

Option 3 - OIDC token:
Run 'npx vercel link' to link your project, then 'vc env pull' to fetch the token.
    at async GET (app/api/models/route.ts:11:24)
   9 |
  10 |   try {
> 11 |     const { models } = await gateway.getAvailableModels();
     |                        ^
  12 |     const language = models
  13 |       .filter((model) => (model.modelType ?? "language") === "language")
  14 |       .map((model) => ({ {
  statusCode: 401,
  generationId: undefined,
  isRetryable: false,
  type: 'authentication_error',
  [cause]: Error [VercelOidcTokenError]: The 'x-vercel-oidc-token' header is missing from the request. Do you have the OIDC option enabled in the Vercel project settings?
  Unable to find project root directory. Have you linked your project with `vc link?`
      at async GET (app/api/models/route.ts:11:24)
     9 |
    10 |   try {
  > 11 |     const { models } = await gateway.getAvailableModels();
       |                        ^
    12 |     const language = models
    13 |       .filter((model) => (model.modelType ?? "language") === "language")
    14 |       .map((model) => ({ {
    cause: undefined
  }
}
 GET /api/commands 200 in 1455ms (next.js: 1373ms, application-code: 82ms)
 GET /api/models 503 in 1456ms (next.js: 1374ms, application-code: 82ms)
[browser] ../../../../../Users/jaywest/Myeve/node_modules/@novnc/novnc/core/util/browser.js
The generated code contains 'async/await' because this module is using "topLevelAwait".
However, your target environment does not appear to support 'async/await'.
As a result, the code may not run as expected or may cause runtime errors.

Import trace for requested module:
../../../../../Users/jaywest/Myeve/node_modules/@novnc/novnc/core/util/browser.js
../../../../../Users/jaywest/Myeve/node_modules/@novnc/novnc/core/rfb.js
./components/computer-viewer.tsx
./components/computer-workspace.tsx
./app/chat.tsx
 GET /api/outcomes?limit=20 200 in 1467ms (next.js: 1376ms, application-code: 91ms)
 GET /api/capabilities 200 in 3ms (next.js: 1.2ms, application-code: 1.9ms)
 GET /api/reviews?kind=daily 200 in 1478ms (next.js: 1382ms, application-code: 96ms)
 GET /api/agents 200 in 1474ms (next.js: 1374ms, application-code: 100ms)
 GET /api/commands 200 in 1.5ms (next.js: 0.4ms, application-code: 1.1ms)
Model catalog failed Error [GatewayAuthenticationError]: AI Gateway authentication failed: No authentication provided.

Option 1 - API key:
Create an API key: https://vercel.com/d?to=%2F%5Bteam%5D%2F%7E%2Fai%2Fapi-keys
Provide via 'apiKey' option or 'AI_GATEWAY_API_KEY' environment variable.

Option 2 - Vercel access token:
Pass a Vercel personal access token or Vercel app access token via the 'apiKey' option.

Option 3 - OIDC token:
Run 'npx vercel link' to link your project, then 'vc env pull' to fetch the token.
    at async GET (app/api/models/route.ts:11:24)
   9 |
  10 |   try {
> 11 |     const { models } = await gateway.getAvailableModels();
     |                        ^
  12 |     const language = models
  13 |       .filter((model) => (model.modelType ?? "language") === "language")
  14 |       .map((model) => ({ {
  statusCode: 401,
  generationId: undefined,
  isRetryable: false,
  type: 'authentication_error',
  [cause]: Error [VercelOidcTokenError]: The 'x-vercel-oidc-token' header is missing from the request. Do you have the OIDC option enabled in the Vercel project settings?
  Unable to find project root directory. Have you linked your project with `vc link?`
      at async GET (app/api/models/route.ts:11:24)
     9 |
    10 |   try {
  > 11 |     const { models } = await gateway.getAvailableModels();
       |                        ^
    12 |     const language = models
    13 |       .filter((model) => (model.modelType ?? "language") === "language")
    14 |       .map((model) => ({ {
    cause: undefined
  }
}
 GET /api/models 503 in 3ms (next.js: 0.6ms, application-code: 2ms)
 GET /api/threads 200 in 1228ms (next.js: 1122ms, application-code: 106ms)
 GET /api/outcomes?limit=20 200 in 141ms (next.js: 0.4ms, application-code: 140ms)
 GET /api/threads 200 in 2ms (next.js: 0.3ms, application-code: 2.0ms)
 GET /api/reviews?kind=daily 200 in 142ms (next.js: 0.3ms, application-code: 142ms)
 GET /api/agents 200 in 8ms (next.js: 0.6ms, application-code: 7ms)
 GET /files 200 in 218ms (next.js: 59ms, proxy.ts: 12ms, application-code: 148ms)
[browser] ../../../../../Users/jaywest/Myeve/node_modules/@novnc/novnc/core/util/browser.js
The generated code contains 'async/await' because this module is using "topLevelAwait".
However, your target environment does not appear to support 'async/await'.
As a result, the code may not run as expected or may cause runtime errors.
Model catalog failed Error [GatewayAuthenticationError]: AI Gateway authentication failed: No authentication provided.

Option 1 - API key:
Create an API key: https://vercel.com/d?to=%2F%5Bteam%5D%2F%7E%2Fai%2Fapi-keys
Provide via 'apiKey' option or 'AI_GATEWAY_API_KEY' environment variable.

Option 2 - Vercel access token:
Pass a Vercel personal access token or Vercel app access token via the 'apiKey' option.

Option 3 - OIDC token:
Run 'npx vercel link' to link your project, then 'vc env pull' to fetch the token.
    at async GET (app/api/models/route.ts:11:24)
   9 |
  10 |   try {
> 11 |     const { models } = await gateway.getAvailableModels();
     |                        ^
  12 |     const language = models
  13 |       .filter((model) => (model.modelType ?? "language") === "language")
  14 |       .map((model) => ({ {
  statusCode: 401,
  generationId: undefined,
  isRetryable: false,
  type: 'authentication_error',
  [cause]: Error [VercelOidcTokenError]: The 'x-vercel-oidc-token' header is missing from the request. Do you have the OIDC option enabled in the Vercel project settings?
  Unable to find project root directory. Have you linked your project with `vc link?`
      at async GET (app/api/models/route.ts:11:24)
     9 |
    10 |   try {
  > 11 |     const { models } = await gateway.getAvailableModels();
       |                        ^
    12 |     const language = models
    13 |       .filter((model) => (model.modelType ?? "language") === "language")
    14 |       .map((model) => ({ {
    cause: undefined
  }
}
 GET /api/models 503 in 96ms (next.js: 11ms, application-code: 85ms)
 GET /api/commands 200 in 75ms (next.js: 28ms, application-code: 47ms)
 GET /api/threads 200 in 174ms (next.js: 11ms, application-code: 163ms)
 GET /api/capabilities 200 in 64ms (next.js: 11ms, application-code: 53ms)
Model catalog failed Error [GatewayAuthenticationError]: AI Gateway authentication failed: No authentication provided.

Option 1 - API key:
Create an API key: https://vercel.com/d?to=%2F%5Bteam%5D%2F%7E%2Fai%2Fapi-keys
Provide via 'apiKey' option or 'AI_GATEWAY_API_KEY' environment variable.

Option 2 - Vercel access token:
Pass a Vercel personal access token or Vercel app access token via the 'apiKey' option.

Option 3 - OIDC token:
Run 'npx vercel link' to link your project, then 'vc env pull' to fetch the token.
    at async GET (app/api/models/route.ts:11:24)
   9 |
  10 |   try {
> 11 |     const { models } = await gateway.getAvailableModels();
     |                        ^
  12 |     const language = models
  13 |       .filter((model) => (model.modelType ?? "language") === "language")
  14 |       .map((model) => ({ {
  statusCode: 401,
  generationId: undefined,
  isRetryable: false,
  type: 'authentication_error',
  [cause]: Error [VercelOidcTokenError]: The 'x-vercel-oidc-token' header is missing from the request. Do you have the OIDC option enabled in the Vercel project settings?
  Unable to find project root directory. Have you linked your project with `vc link?`
      at async GET (app/api/models/route.ts:11:24)
     9 |
    10 |   try {
  > 11 |     const { models } = await gateway.getAvailableModels();
       |                        ^
    12 |     const language = models
    13 |       .filter((model) => (model.modelType ?? "language") === "language")
    14 |       .map((model) => ({ {
    cause: undefined
  }
}
 GET /api/models 503 in 211ms (next.js: 11ms, application-code: 200ms)
 GET /api/commands 200 in 1.7ms (next.js: 0.4ms, application-code: 1.2ms)
 GET /api/agents 200 in 639ms (next.js: 11ms, application-code: 628ms)
 GET /api/threads 200 in 5ms (next.js: 0.7ms, application-code: 4ms)
⚠ ../../../../../Users/jaywest/Myeve/node_modules/@novnc/novnc/core/util/browser.js
The generated code contains 'async/await' because this module is using "topLevelAwait".
However, your target environment does not appear to support 'async/await'.
As a result, the code may not run as expected or may cause runtime errors.

Import trace for requested module:
../../../../../Users/jaywest/Myeve/node_modules/@novnc/novnc/core/util/browser.js
../../../../../Users/jaywest/Myeve/node_modules/@novnc/novnc/core/rfb.js
./components/computer-viewer.tsx
./components/computer-workspace.tsx
./app/chat.tsx
 GET /api/agents 200 in 19ms (next.js: 0.6ms, application-code: 18ms)
[browser] ../../../../../Users/jaywest/Myeve/node_modules/@novnc/novnc/core/util/browser.js
The generated code contains 'async/await' because this module is using "topLevelAwait".
However, your target environment does not appear to support 'async/await'.
As a result, the code may not run as expected or may cause runtime errors.

Import trace for requested module:
../../../../../Users/jaywest/Myeve/node_modules/@novnc/novnc/core/util/browser.js
../../../../../Users/jaywest/Myeve/node_modules/@novnc/novnc/core/rfb.js
./components/computer-viewer.tsx
./components/computer-workspace.tsx
./app/chat.tsx
⚠ ../../../../../Users/jaywest/Myeve/node_modules/@novnc/novnc/core/util/browser.js
The generated code contains 'async/await' because this module is using "topLevelAwait".
However, your target environment does not appear to support 'async/await'.
As a result, the code may not run as expected or may cause runtime errors.

Import trace for requested module:
../../../../../Users/jaywest/Myeve/node_modules/@novnc/novnc/core/util/browser.js
../../../../../Users/jaywest/Myeve/node_modules/@novnc/novnc/core/rfb.js
./components/computer-viewer.tsx
./components/computer-workspace.tsx
./app/chat.tsx
[browser] ../../../../../Users/jaywest/Myeve/node_modules/@novnc/novnc/core/util/browser.js
The generated code contains 'async/await' because this module is using "topLevelAwait".
However, your target environment does not appear to support 'async/await'.
As a result, the code may not run as expected or may cause runtime errors.

Import trace for requested module:
../../../../../Users/jaywest/Myeve/node_modules/@novnc/novnc/core/util/browser.js
../../../../../Users/jaywest/Myeve/node_modules/@novnc/novnc/core/rfb.js
./components/computer-viewer.tsx
./components/computer-workspace.tsx
./app/chat.tsx
⚠ ../../../../../Users/jaywest/Myeve/node_modules/@novnc/novnc/core/util/browser.js
The generated code contains 'async/await' because this module is using "topLevelAwait".
However, your target environment does not appear to support 'async/await'.
As a result, the code may not run as expected or may cause runtime errors.

Import trace for requested module:
../../../../../Users/jaywest/Myeve/node_modules/@novnc/novnc/core/util/browser.js
../../../../../Users/jaywest/Myeve/node_modules/@novnc/novnc/core/rfb.js
./components/computer-viewer.tsx
./components/computer-workspace.tsx
./app/chat.tsx
 GET /api/files 200 in 5.1s (next.js: 4.9s, application-code: 224ms)
⚠ ../../../../../Users/jaywest/Myeve/node_modules/@novnc/novnc/core/util/browser.js
The generated code contains 'async/await' because this module is using "topLevelAwait".
However, your target environment does not appear to support 'async/await'.
As a result, the code may not run as expected or may cause runtime errors.

Import trace for requested module:
../../../../../Users/jaywest/Myeve/node_modules/@novnc/novnc/core/util/browser.js
../../../../../Users/jaywest/Myeve/node_modules/@novnc/novnc/core/rfb.js
./components/computer-viewer.tsx
./components/computer-workspace.tsx
./app/chat.tsx
[browser] ../../../../../Users/jaywest/Myeve/node_modules/@novnc/novnc/core/util/browser.js
The generated code contains 'async/await' because this module is using "topLevelAwait".
However, your target environment does not appear to support 'async/await'.
As a result, the code may not run as expected or may cause runtime errors.

Import trace for requested module:
../../../../../Users/jaywest/Myeve/node_modules/@novnc/novnc/core/util/browser.js
../../../../../Users/jaywest/Myeve/node_modules/@novnc/novnc/core/rfb.js
./components/computer-viewer.tsx
./components/computer-workspace.tsx
./app/chat.tsx
 GET /agents 200 in 1323ms (next.js: 836ms, proxy.ts: 327ms, application-code: 160ms)
[browser] ../../../../../Users/jaywest/Myeve/node_modules/@novnc/novnc/core/util/browser.js
The generated code contains 'async/await' because this module is using "topLevelAwait".
However, your target environment does not appear to support 'async/await'.
As a result, the code may not run as expected or may cause runtime errors.
 GET /api/capabilities 200 in 8ms (next.js: 3ms, application-code: 5ms)
Model catalog failed Error [GatewayAuthenticationError]: AI Gateway authentication failed: No authentication provided.

Option 1 - API key:
Create an API key: https://vercel.com/d?to=%2F%5Bteam%5D%2F%7E%2Fai%2Fapi-keys
Provide via 'apiKey' option or 'AI_GATEWAY_API_KEY' environment variable.

Option 2 - Vercel access token:
Pass a Vercel personal access token or Vercel app access token via the 'apiKey' option.

Option 3 - OIDC token:
Run 'npx vercel link' to link your project, then 'vc env pull' to fetch the token.
    at async GET (app/api/models/route.ts:11:24)
   9 |
  10 |   try {
> 11 |     const { models } = await gateway.getAvailableModels();
     |                        ^
  12 |     const language = models
  13 |       .filter((model) => (model.modelType ?? "language") === "language")
  14 |       .map((model) => ({ {
  statusCode: 401,
  generationId: undefined,
  isRetryable: false,
  type: 'authentication_error',
  [cause]: Error [VercelOidcTokenError]: The 'x-vercel-oidc-token' header is missing from the request. Do you have the OIDC option enabled in the Vercel project settings?
  Unable to find project root directory. Have you linked your project with `vc link?`
      at async GET (app/api/models/route.ts:11:24)
     9 |
    10 |   try {
  > 11 |     const { models } = await gateway.getAvailableModels();
       |                        ^
    12 |     const language = models
    13 |       .filter((model) => (model.modelType ?? "language") === "language")
    14 |       .map((model) => ({ {
    cause: undefined
  }
}
 GET /api/models 503 in 31ms (next.js: 2ms, application-code: 28ms)
 GET /api/commands 200 in 31ms (next.js: 3ms, application-code: 28ms)
 GET /api/capabilities 200 in 2ms (next.js: 0.6ms, application-code: 1.6ms)
 GET /api/capabilities 200 in 2ms (next.js: 0.4ms, application-code: 1.6ms)
Model catalog failed Error [GatewayAuthenticationError]: AI Gateway authentication failed: No authentication provided.

Option 1 - API key:
Create an API key: https://vercel.com/d?to=%2F%5Bteam%5D%2F%7E%2Fai%2Fapi-keys
Provide via 'apiKey' option or 'AI_GATEWAY_API_KEY' environment variable.

Option 2 - Vercel access token:
Pass a Vercel personal access token or Vercel app access token via the 'apiKey' option.

Option 3 - OIDC token:
Run 'npx vercel link' to link your project, then 'vc env pull' to fetch the token.
    at async GET (app/api/models/route.ts:11:24)
   9 |
  10 |   try {
> 11 |     const { models } = await gateway.getAvailableModels();
     |                        ^
  12 |     const language = models
  13 |       .filter((model) => (model.modelType ?? "language") === "language")
  14 |       .map((model) => ({ {
  statusCode: 401,
  generationId: undefined,
  isRetryable: false,
  type: 'authentication_error',
  [cause]: Error [VercelOidcTokenError]: The 'x-vercel-oidc-token' header is missing from the request. Do you have the OIDC option enabled in the Vercel project settings?
  Unable to find project root directory. Have you linked your project with `vc link?`
      at async GET (app/api/models/route.ts:11:24)
     9 |
    10 |   try {
  > 11 |     const { models } = await gateway.getAvailableModels();
       |                        ^
    12 |     const language = models
    13 |       .filter((model) => (model.modelType ?? "language") === "language")
    14 |       .map((model) => ({ {
    cause: undefined
  }
}
 GET /api/models 503 in 3ms (next.js: 0.5ms, application-code: 2ms)
 GET /api/commands 200 in 1.7ms (next.js: 0.5ms, application-code: 1.2ms)
 GET /api/threads 200 in 38ms (next.js: 5ms, application-code: 32ms)
 GET /api/threads 200 in 4ms (next.js: 0.3ms, application-code: 4ms)
 GET /agents 200 in 15ms (next.js: 0.7ms, proxy.ts: 3ms, application-code: 11ms)
[browser] ../../../../../Users/jaywest/Myeve/node_modules/@novnc/novnc/core/util/browser.js
The generated code contains 'async/await' because this module is using "topLevelAwait".
However, your target environment does not appear to support 'async/await'.
As a result, the code may not run as expected or may cause runtime errors.
 GET /api/capabilities 200 in 2ms (next.js: 0.4ms, application-code: 1.7ms)
Model catalog failed Error [GatewayAuthenticationError]: AI Gateway authentication failed: No authentication provided.

Option 1 - API key:
Create an API key: https://vercel.com/d?to=%2F%5Bteam%5D%2F%7E%2Fai%2Fapi-keys
Provide via 'apiKey' option or 'AI_GATEWAY_API_KEY' environment variable.

Option 2 - Vercel access token:
Pass a Vercel personal access token or Vercel app access token via the 'apiKey' option.

Option 3 - OIDC token:
Run 'npx vercel link' to link your project, then 'vc env pull' to fetch the token.
    at async GET (app/api/models/route.ts:11:24)
   9 |
  10 |   try {
> 11 |     const { models } = await gateway.getAvailableModels();
     |                        ^
  12 |     const language = models
  13 |       .filter((model) => (model.modelType ?? "language") === "language")
  14 |       .map((model) => ({ {
  statusCode: 401,
  generationId: undefined,
  isRetryable: false,
  type: 'authentication_error',
  [cause]: Error [VercelOidcTokenError]: The 'x-vercel-oidc-token' header is missing from the request. Do you have the OIDC option enabled in the Vercel project settings?
  Unable to find project root directory. Have you linked your project with `vc link?`
      at async GET (app/api/models/route.ts:11:24)
     9 |
    10 |   try {
  > 11 |     const { models } = await gateway.getAvailableModels();
       |                        ^
    12 |     const language = models
    13 |       .filter((model) => (model.modelType ?? "language") === "language")
    14 |       .map((model) => ({ {
    cause: undefined
  }
}
 GET /api/models 503 in 3ms (next.js: 0.4ms, application-code: 2ms)
 GET /api/commands 200 in 1.5ms (next.js: 0.4ms, application-code: 1.0ms)
 GET /api/capabilities 200 in 3ms (next.js: 0.4ms, application-code: 2ms)
 GET /api/threads 200 in 5ms (next.js: 0.3ms, application-code: 5ms)
 GET /api/agents 200 in 22ms (next.js: 4ms, application-code: 18ms)
Model catalog failed Error [GatewayAuthenticationError]: AI Gateway authentication failed: No authentication provided.

Option 1 - API key:
Create an API key: https://vercel.com/d?to=%2F%5Bteam%5D%2F%7E%2Fai%2Fapi-keys
Provide via 'apiKey' option or 'AI_GATEWAY_API_KEY' environment variable.

Option 2 - Vercel access token:
Pass a Vercel personal access token or Vercel app access token via the 'apiKey' option.

Option 3 - OIDC token:
Run 'npx vercel link' to link your project, then 'vc env pull' to fetch the token.
    at async GET (app/api/models/route.ts:11:24)
   9 |
  10 |   try {
> 11 |     const { models } = await gateway.getAvailableModels();
     |                        ^
  12 |     const language = models
  13 |       .filter((model) => (model.modelType ?? "language") === "language")
  14 |       .map((model) => ({ {
  statusCode: 401,
  generationId: undefined,
  isRetryable: false,
  type: 'authentication_error',
  [cause]: Error [VercelOidcTokenError]: The 'x-vercel-oidc-token' header is missing from the request. Do you have the OIDC option enabled in the Vercel project settings?
  Unable to find project root directory. Have you linked your project with `vc link?`
      at async GET (app/api/models/route.ts:11:24)
     9 |
    10 |   try {
  > 11 |     const { models } = await gateway.getAvailableModels();
       |                        ^
    12 |     const language = models
    13 |       .filter((model) => (model.modelType ?? "language") === "language")
    14 |       .map((model) => ({ {
    cause: undefined
  }
}
 GET /api/models 503 in 3ms (next.js: 0.5ms, application-code: 2ms)
 GET /api/commands 200 in 1.3ms (next.js: 0.3ms, application-code: 0.9ms)
 GET /api/capabilities 200 in 1.3ms (next.js: 0.3ms, application-code: 1.1ms)
 GET /api/threads 200 in 3ms (next.js: 0.3ms, application-code: 2ms)
 GET /api/agents 200 in 5ms (next.js: 0.3ms, application-code: 4ms)
 GET /api/agents 200 in 4ms (next.js: 0.5ms, application-code: 4ms)
 GET /api/agents 200 in 4ms (next.js: 0.4ms, application-code: 4ms)
⚠ ../../../../../Users/jaywest/Myeve/node_modules/@novnc/novnc/core/util/browser.js
The generated code contains 'async/await' because this module is using "topLevelAwait".
However, your target environment does not appear to support 'async/await'.
As a result, the code may not run as expected or may cause runtime errors.

Import trace for requested module:
../../../../../Users/jaywest/Myeve/node_modules/@novnc/novnc/core/util/browser.js
../../../../../Users/jaywest/Myeve/node_modules/@novnc/novnc/core/rfb.js
./components/computer-viewer.tsx
./components/computer-workspace.tsx
./app/chat.tsx
⚠ ../../../../../Users/jaywest/Myeve/node_modules/@novnc/novnc/core/util/browser.js
The generated code contains 'async/await' because this module is using "topLevelAwait".
However, your target environment does not appear to support 'async/await'.
As a result, the code may not run as expected or may cause runtime errors.

Import trace for requested module:
../../../../../Users/jaywest/Myeve/node_modules/@novnc/novnc/core/util/browser.js
../../../../../Users/jaywest/Myeve/node_modules/@novnc/novnc/core/rfb.js
./components/computer-viewer.tsx
./components/computer-workspace.tsx
./app/chat.tsx
[browser] ../../../../../Users/jaywest/Myeve/node_modules/@novnc/novnc/core/util/browser.js
The generated code contains 'async/await' because this module is using "topLevelAwait".
However, your target environment does not appear to support 'async/await'.
As a result, the code may not run as expected or may cause runtime errors.

Import trace for requested module:
../../../../../Users/jaywest/Myeve/node_modules/@novnc/novnc/core/util/browser.js
../../../../../Users/jaywest/Myeve/node_modules/@novnc/novnc/core/rfb.js
./components/computer-viewer.tsx
./components/computer-workspace.tsx
./app/chat.tsx
 GET /channels 200 in 1004ms (next.js: 854ms, proxy.ts: 1.7ms, application-code: 148ms)
 GET /channels 200 in 18ms (next.js: 0.9ms, proxy.ts: 1.5ms, application-code: 16ms)
[browser] ../../../../../Users/jaywest/Myeve/node_modules/@novnc/novnc/core/util/browser.js
The generated code contains 'async/await' because this module is using "topLevelAwait".
However, your target environment does not appear to support 'async/await'.
As a result, the code may not run as expected or may cause runtime errors.
⚠ ../../../../../Users/jaywest/Myeve/node_modules/@novnc/novnc/core/util/browser.js
The generated code contains 'async/await' because this module is using "topLevelAwait".
However, your target environment does not appear to support 'async/await'.
As a result, the code may not run as expected or may cause runtime errors.

Import trace for requested module:
../../../../../Users/jaywest/Myeve/node_modules/@novnc/novnc/core/util/browser.js
../../../../../Users/jaywest/Myeve/node_modules/@novnc/novnc/core/rfb.js
./components/computer-viewer.tsx
./components/computer-workspace.tsx
./app/chat.tsx
[browser] ../../../../../Users/jaywest/Myeve/node_modules/@novnc/novnc/core/util/browser.js
The generated code contains 'async/await' because this module is using "topLevelAwait".
However, your target environment does not appear to support 'async/await'.
As a result, the code may not run as expected or may cause runtime errors.

Import trace for requested module:
../../../../../Users/jaywest/Myeve/node_modules/@novnc/novnc/core/util/browser.js
../../../../../Users/jaywest/Myeve/node_modules/@novnc/novnc/core/rfb.js
./components/computer-viewer.tsx
./components/computer-workspace.tsx
./app/chat.tsx
⚠ ../../../../../Users/jaywest/Myeve/node_modules/@novnc/novnc/core/util/browser.js
The generated code contains 'async/await' because this module is using "topLevelAwait".
However, your target environment does not appear to support 'async/await'.
As a result, the code may not run as expected or may cause runtime errors.

Import trace for requested module:
../../../../../Users/jaywest/Myeve/node_modules/@novnc/novnc/core/util/browser.js
../../../../../Users/jaywest/Myeve/node_modules/@novnc/novnc/core/rfb.js
./components/computer-viewer.tsx
./components/computer-workspace.tsx
./app/chat.tsx
Model catalog failed Error [GatewayAuthenticationError]: AI Gateway authentication failed: No authentication provided.

Option 1 - API key:
Create an API key: https://vercel.com/d?to=%2F%5Bteam%5D%2F%7E%2Fai%2Fapi-keys
Provide via 'apiKey' option or 'AI_GATEWAY_API_KEY' environment variable.

Option 2 - Vercel access token:
Pass a Vercel personal access token or Vercel app access token via the 'apiKey' option.

Option 3 - OIDC token:
Run 'npx vercel link' to link your project, then 'vc env pull' to fetch the token.
    at async GET (app/api/models/route.ts:11:24)
   9 |
  10 |   try {
> 11 |     const { models } = await gateway.getAvailableModels();
     |                        ^
  12 |     const language = models
  13 |       .filter((model) => (model.modelType ?? "language") === "language")
  14 |       .map((model) => ({ {
  statusCode: 401,
  generationId: undefined,
  isRetryable: false,
  type: 'authentication_error',
  [cause]: Error [VercelOidcTokenError]: The 'x-vercel-oidc-token' header is missing from the request. Do you have the OIDC option enabled in the Vercel project settings?
  Unable to find project root directory. Have you linked your project with `vc link?`
      at async GET (app/api/models/route.ts:11:24)
     9 |
    10 |   try {
  > 11 |     const { models } = await gateway.getAvailableModels();
       |                        ^
    12 |     const language = models
    13 |       .filter((model) => (model.modelType ?? "language") === "language")
    14 |       .map((model) => ({ {
    cause: undefined
  }
}
 GET /api/commands 200 in 5.7s (next.js: 4.3s, application-code: 1393ms)
 GET /api/models 503 in 5.7s (next.js: 4.3s, application-code: 1393ms)
 GET /api/capabilities 200 in 4.5s (next.js: 3.1s, application-code: 1393ms)
[browser] ../../../../../Users/jaywest/Myeve/node_modules/@novnc/novnc/core/util/browser.js
The generated code contains 'async/await' because this module is using "topLevelAwait".
However, your target environment does not appear to support 'async/await'.
As a result, the code may not run as expected or may cause runtime errors.

Import trace for requested module:
../../../../../Users/jaywest/Myeve/node_modules/@novnc/novnc/core/util/browser.js
../../../../../Users/jaywest/Myeve/node_modules/@novnc/novnc/core/rfb.js
./components/computer-viewer.tsx
./components/computer-workspace.tsx
./app/chat.tsx
 GET /api/commands 200 in 3ms (next.js: 0.9ms, application-code: 1.7ms)
 GET /api/agents 200 in 5.7s (next.js: 4.3s, application-code: 1406ms)
 GET /api/channels 200 in 5.7s (next.js: 4.3s, application-code: 1407ms)
Model catalog failed Error [GatewayAuthenticationError]: AI Gateway authentication failed: No authentication provided.

Option 1 - API key:
Create an API key: https://vercel.com/d?to=%2F%5Bteam%5D%2F%7E%2Fai%2Fapi-keys
Provide via 'apiKey' option or 'AI_GATEWAY_API_KEY' environment variable.

Option 2 - Vercel access token:
Pass a Vercel personal access token or Vercel app access token via the 'apiKey' option.

Option 3 - OIDC token:
Run 'npx vercel link' to link your project, then 'vc env pull' to fetch the token.
    at async GET (app/api/models/route.ts:11:24)
   9 |
  10 |   try {
> 11 |     const { models } = await gateway.getAvailableModels();
     |                        ^
  12 |     const language = models
  13 |       .filter((model) => (model.modelType ?? "language") === "language")
  14 |       .map((model) => ({ {
  statusCode: 401,
  generationId: undefined,
  isRetryable: false,
  type: 'authentication_error',
  [cause]: Error [VercelOidcTokenError]: The 'x-vercel-oidc-token' header is missing from the request. Do you have the OIDC option enabled in the Vercel project settings?
  Unable to find project root directory. Have you linked your project with `vc link?`
      at async GET (app/api/models/route.ts:11:24)
     9 |
    10 |   try {
  > 11 |     const { models } = await gateway.getAvailableModels();
       |                        ^
    12 |     const language = models
    13 |       .filter((model) => (model.modelType ?? "language") === "language")
    14 |       .map((model) => ({ {
    cause: undefined
  }
}
 GET /api/models 503 in 3ms (next.js: 0.6ms, application-code: 3ms)
 GET /api/channels 200 in 3ms (next.js: 0.5ms, application-code: 2ms)
 GET /api/threads 200 in 5.8s (next.js: 4.3s, application-code: 1447ms)
 GET /channels 200 in 51ms (next.js: 24ms, proxy.ts: 7ms, application-code: 21ms)
 GET /api/threads 200 in 3ms (next.js: 0.5ms, application-code: 2ms)
 GET /api/agents 200 in 12ms (next.js: 0.8ms, application-code: 11ms)
 GET /results 200 in 248ms (next.js: 24ms, proxy.ts: 18ms, application-code: 205ms)
[browser] ../../../../../Users/jaywest/Myeve/node_modules/@novnc/novnc/core/util/browser.js
The generated code contains 'async/await' because this module is using "topLevelAwait".
However, your target environment does not appear to support 'async/await'.
As a result, the code may not run as expected or may cause runtime errors.
 GET /api/capabilities 200 in 3ms (next.js: 0.7ms, application-code: 1.9ms)
Model catalog failed Error [GatewayAuthenticationError]: AI Gateway authentication failed: No authentication provided.

Option 1 - API key:
Create an API key: https://vercel.com/d?to=%2F%5Bteam%5D%2F%7E%2Fai%2Fapi-keys
Provide via 'apiKey' option or 'AI_GATEWAY_API_KEY' environment variable.

Option 2 - Vercel access token:
Pass a Vercel personal access token or Vercel app access token via the 'apiKey' option.

Option 3 - OIDC token:
Run 'npx vercel link' to link your project, then 'vc env pull' to fetch the token.
    at async GET (app/api/models/route.ts:11:24)
   9 |
  10 |   try {
> 11 |     const { models } = await gateway.getAvailableModels();
     |                        ^
  12 |     const language = models
  13 |       .filter((model) => (model.modelType ?? "language") === "language")
  14 |       .map((model) => ({ {
  statusCode: 401,
  generationId: undefined,
  isRetryable: false,
  type: 'authentication_error',
  [cause]: Error [VercelOidcTokenError]: The 'x-vercel-oidc-token' header is missing from the request. Do you have the OIDC option enabled in the Vercel project settings?
  Unable to find project root directory. Have you linked your project with `vc link?`
      at async GET (app/api/models/route.ts:11:24)
     9 |
    10 |   try {
  > 11 |     const { models } = await gateway.getAvailableModels();
       |                        ^
    12 |     const language = models
    13 |       .filter((model) => (model.modelType ?? "language") === "language")
    14 |       .map((model) => ({ {
    cause: undefined
  }
}
 GET /api/models 503 in 2ms (next.js: 0.3ms, application-code: 2.0ms)
 GET /api/commands 200 in 1.2ms (next.js: 0.3ms, application-code: 1.0ms)
 GET /api/capabilities 200 in 2ms (next.js: 0.7ms, application-code: 1.8ms)
 GET /api/outcomes?limit=100 200 in 23ms (next.js: 3ms, application-code: 20ms)
 GET /api/threads 200 in 15ms (next.js: 0.5ms, application-code: 14ms)
Model catalog failed Error [GatewayAuthenticationError]: AI Gateway authentication failed: No authentication provided.

Option 1 - API key:
Create an API key: https://vercel.com/d?to=%2F%5Bteam%5D%2F%7E%2Fai%2Fapi-keys
Provide via 'apiKey' option or 'AI_GATEWAY_API_KEY' environment variable.

Option 2 - Vercel access token:
Pass a Vercel personal access token or Vercel app access token via the 'apiKey' option.

Option 3 - OIDC token:
Run 'npx vercel link' to link your project, then 'vc env pull' to fetch the token.
    at async GET (app/api/models/route.ts:11:24)
   9 |
  10 |   try {
> 11 |     const { models } = await gateway.getAvailableModels();
     |                        ^
  12 |     const language = models
  13 |       .filter((model) => (model.modelType ?? "language") === "language")
  14 |       .map((model) => ({ {
  statusCode: 401,
  generationId: undefined,
  isRetryable: false,
  type: 'authentication_error',
  [cause]: Error [VercelOidcTokenError]: The 'x-vercel-oidc-token' header is missing from the request. Do you have the OIDC option enabled in the Vercel project settings?
  Unable to find project root directory. Have you linked your project with `vc link?`
      at async GET (app/api/models/route.ts:11:24)
     9 |
    10 |   try {
  > 11 |     const { models } = await gateway.getAvailableModels();
       |                        ^
    12 |     const language = models
    13 |       .filter((model) => (model.modelType ?? "language") === "language")
    14 |       .map((model) => ({ {
    cause: undefined
  }
}
 GET /api/models 503 in 3ms (next.js: 0.5ms, application-code: 2ms)
 GET /api/commands 200 in 1.2ms (next.js: 0.3ms, application-code: 0.9ms)
 GET /api/agents 200 in 25ms (next.js: 0.3ms, application-code: 25ms)
 GET /api/outcomes?limit=100 200 in 23ms (next.js: 0.6ms, application-code: 23ms)
 GET /api/threads 200 in 4ms (next.js: 0.7ms, application-code: 3ms)
 GET /api/agents 200 in 5ms (next.js: 0.4ms, application-code: 4ms)
⚠ ../../../../../Users/jaywest/Myeve/node_modules/@novnc/novnc/core/util/browser.js
The generated code contains 'async/await' because this module is using "topLevelAwait".
However, your target environment does not appear to support 'async/await'.
As a result, the code may not run as expected or may cause runtime errors.

Import trace for requested module:
../../../../../Users/jaywest/Myeve/node_modules/@novnc/novnc/core/util/browser.js
../../../../../Users/jaywest/Myeve/node_modules/@novnc/novnc/core/rfb.js
./components/computer-viewer.tsx
./components/computer-workspace.tsx
./app/chat.tsx
⚠ ../../../../../Users/jaywest/Myeve/node_modules/@novnc/novnc/core/util/browser.js
The generated code contains 'async/await' because this module is using "topLevelAwait".
However, your target environment does not appear to support 'async/await'.
As a result, the code may not run as expected or may cause runtime errors.

Import trace for requested module:
../../../../../Users/jaywest/Myeve/node_modules/@novnc/novnc/core/util/browser.js
../../../../../Users/jaywest/Myeve/node_modules/@novnc/novnc/core/rfb.js
./components/computer-viewer.tsx
./components/computer-workspace.tsx
./app/chat.tsx
[browser] ../../../../../Users/jaywest/Myeve/node_modules/@novnc/novnc/core/util/browser.js
The generated code contains 'async/await' because this module is using "topLevelAwait".
However, your target environment does not appear to support 'async/await'.
As a result, the code may not run as expected or may cause runtime errors.

Import trace for requested module:
../../../../../Users/jaywest/Myeve/node_modules/@novnc/novnc/core/util/browser.js
../../../../../Users/jaywest/Myeve/node_modules/@novnc/novnc/core/rfb.js
./components/computer-viewer.tsx
./components/computer-workspace.tsx
./app/chat.tsx
 PATCH /api/outcomes/outcome_8192fbd6-e091-4e5d-9611-94c245ff9984 200 in 2.2s (next.js: 2.2s, application-code: 57ms)
 GET /api/outcomes?limit=100 200 in 7ms (next.js: 1.0ms, application-code: 6ms)
 GET /api/outcomes?limit=100 200 in 3ms (next.js: 0.5ms, application-code: 3ms)
 GET /results 200 in 57ms (next.js: 36ms, proxy.ts: 2ms, application-code: 18ms)
 GET /review 200 in 178ms (next.js: 24ms, proxy.ts: 1.8ms, application-code: 152ms)
[browser] ../../../../../Users/jaywest/Myeve/node_modules/@novnc/novnc/core/util/browser.js
The generated code contains 'async/await' because this module is using "topLevelAwait".
However, your target environment does not appear to support 'async/await'.
As a result, the code may not run as expected or may cause runtime errors.
 GET /api/outcomes?limit=20 200 in 9ms (next.js: 0.6ms, application-code: 9ms)
Model catalog failed Error [GatewayAuthenticationError]: AI Gateway authentication failed: No authentication provided.

Option 1 - API key:
Create an API key: https://vercel.com/d?to=%2F%5Bteam%5D%2F%7E%2Fai%2Fapi-keys
Provide via 'apiKey' option or 'AI_GATEWAY_API_KEY' environment variable.

Option 2 - Vercel access token:
Pass a Vercel personal access token or Vercel app access token via the 'apiKey' option.

Option 3 - OIDC token:
Run 'npx vercel link' to link your project, then 'vc env pull' to fetch the token.
    at async GET (app/api/models/route.ts:11:24)
   9 |
  10 |   try {
> 11 |     const { models } = await gateway.getAvailableModels();
     |                        ^
  12 |     const language = models
  13 |       .filter((model) => (model.modelType ?? "language") === "language")
  14 |       .map((model) => ({ {
  statusCode: 401,
  generationId: undefined,
  isRetryable: false,
  type: 'authentication_error',
  [cause]: Error [VercelOidcTokenError]: The 'x-vercel-oidc-token' header is missing from the request. Do you have the OIDC option enabled in the Vercel project settings?
  Unable to find project root directory. Have you linked your project with `vc link?`
      at async GET (app/api/models/route.ts:11:24)
     9 |
    10 |   try {
  > 11 |     const { models } = await gateway.getAvailableModels();
       |                        ^
    12 |     const language = models
    13 |       .filter((model) => (model.modelType ?? "language") === "language")
    14 |       .map((model) => ({ {
    cause: undefined
  }
}
 GET /api/models 503 in 22ms (next.js: 2ms, application-code: 20ms)
 GET /api/reviews?kind=daily 200 in 70ms (next.js: 7ms, application-code: 63ms)
 GET /api/commands 200 in 81ms (next.js: 34ms, application-code: 47ms)
 GET /api/capabilities 200 in 4ms (next.js: 1.9ms, application-code: 1.8ms)
Model catalog failed Error [GatewayAuthenticationError]: AI Gateway authentication failed: No authentication provided.

Option 1 - API key:
Create an API key: https://vercel.com/d?to=%2F%5Bteam%5D%2F%7E%2Fai%2Fapi-keys
Provide via 'apiKey' option or 'AI_GATEWAY_API_KEY' environment variable.

Option 2 - Vercel access token:
Pass a Vercel personal access token or Vercel app access token via the 'apiKey' option.

Option 3 - OIDC token:
Run 'npx vercel link' to link your project, then 'vc env pull' to fetch the token.
    at async GET (app/api/models/route.ts:11:24)
   9 |
  10 |   try {
> 11 |     const { models } = await gateway.getAvailableModels();
     |                        ^
  12 |     const language = models
  13 |       .filter((model) => (model.modelType ?? "language") === "language")
  14 |       .map((model) => ({ {
  statusCode: 401,
  generationId: undefined,
  isRetryable: false,
  type: 'authentication_error',
  [cause]: Error [VercelOidcTokenError]: The 'x-vercel-oidc-token' header is missing from the request. Do you have the OIDC option enabled in the Vercel project settings?
  Unable to find project root directory. Have you linked your project with `vc link?`
      at async GET (app/api/models/route.ts:11:24)
     9 |
    10 |   try {
  > 11 |     const { models } = await gateway.getAvailableModels();
       |                        ^
    12 |     const language = models
    13 |       .filter((model) => (model.modelType ?? "language") === "language")
    14 |       .map((model) => ({ {
    cause: undefined
  }
}
 GET /api/models 503 in 2ms (next.js: 0.3ms, application-code: 1.9ms)
 GET /api/agents 200 in 115ms (next.js: 3ms, application-code: 112ms)
 GET /api/outcomes?limit=20 200 in 6ms (next.js: 0.4ms, application-code: 6ms)
 GET /api/commands 200 in 1.4ms (next.js: 0.3ms, application-code: 1.1ms)
 GET /api/reviews?kind=daily 200 in 7ms (next.js: 0.4ms, application-code: 7ms)
 GET /api/threads 200 in 27ms (next.js: 3ms, application-code: 24ms)
 GET /api/agents 200 in 5ms (next.js: 0.4ms, application-code: 5ms)
 GET /api/threads 200 in 2ms (next.js: 0.3ms, application-code: 2ms)
 GET /api/outcomes?limit=20 200 in 4ms (next.js: 0.4ms, application-code: 4ms)
 POST /api/reviews 200 in 15ms (next.js: 0.5ms, application-code: 15ms)
 GET /computer 200 in 54ms (next.js: 40ms, proxy.ts: 1.6ms, application-code: 13ms)
[browser] ../../../../../Users/jaywest/Myeve/node_modules/@novnc/novnc/core/util/browser.js
The generated code contains 'async/await' because this module is using "topLevelAwait".
However, your target environment does not appear to support 'async/await'.
As a result, the code may not run as expected or may cause runtime errors.
⚠ ../../../../../Users/jaywest/Myeve/node_modules/@novnc/novnc/core/util/browser.js
The generated code contains 'async/await' because this module is using "topLevelAwait".
However, your target environment does not appear to support 'async/await'.
As a result, the code may not run as expected or may cause runtime errors.

Import trace for requested module:
../../../../../Users/jaywest/Myeve/node_modules/@novnc/novnc/core/util/browser.js
../../../../../Users/jaywest/Myeve/node_modules/@novnc/novnc/core/rfb.js
./components/computer-viewer.tsx
./components/computer-workspace.tsx
./app/chat.tsx
[browser] ../../../../../Users/jaywest/Myeve/node_modules/@novnc/novnc/core/util/browser.js
The generated code contains 'async/await' because this module is using "topLevelAwait".
However, your target environment does not appear to support 'async/await'.
As a result, the code may not run as expected or may cause runtime errors.

Import trace for requested module:
../../../../../Users/jaywest/Myeve/node_modules/@novnc/novnc/core/util/browser.js
../../../../../Users/jaywest/Myeve/node_modules/@novnc/novnc/core/rfb.js
./components/computer-viewer.tsx
./components/computer-workspace.tsx
./app/chat.tsx
⚠ ../../../../../Users/jaywest/Myeve/node_modules/@novnc/novnc/core/util/browser.js
The generated code contains 'async/await' because this module is using "topLevelAwait".
However, your target environment does not appear to support 'async/await'.
As a result, the code may not run as expected or may cause runtime errors.

Import trace for requested module:
../../../../../Users/jaywest/Myeve/node_modules/@novnc/novnc/core/util/browser.js
../../../../../Users/jaywest/Myeve/node_modules/@novnc/novnc/core/rfb.js
./components/computer-viewer.tsx
./components/computer-workspace.tsx
./app/chat.tsx
Model catalog failed Error [GatewayAuthenticationError]: AI Gateway authentication failed: No authentication provided.

Option 1 - API key:
Create an API key: https://vercel.com/d?to=%2F%5Bteam%5D%2F%7E%2Fai%2Fapi-keys
Provide via 'apiKey' option or 'AI_GATEWAY_API_KEY' environment variable.

Option 2 - Vercel access token:
Pass a Vercel personal access token or Vercel app access token via the 'apiKey' option.

Option 3 - OIDC token:
Run 'npx vercel link' to link your project, then 'vc env pull' to fetch the token.
    at async GET (app/api/models/route.ts:11:24)
   9 |
  10 |   try {
> 11 |     const { models } = await gateway.getAvailableModels();
     |                        ^
  12 |     const language = models
  13 |       .filter((model) => (model.modelType ?? "language") === "language")
  14 |       .map((model) => ({ {
  statusCode: 401,
  generationId: undefined,
  isRetryable: false,
  type: 'authentication_error',
  [cause]: Error [VercelOidcTokenError]: The 'x-vercel-oidc-token' header is missing from the request. Do you have the OIDC option enabled in the Vercel project settings?
  Unable to find project root directory. Have you linked your project with `vc link?`
      at async GET (app/api/models/route.ts:11:24)
     9 |
    10 |   try {
  > 11 |     const { models } = await gateway.getAvailableModels();
       |                        ^
    12 |     const language = models
    13 |       .filter((model) => (model.modelType ?? "language") === "language")
    14 |       .map((model) => ({ {
    cause: undefined
  }
}
 GET /api/commands 200 in 3.1s (next.js: 2.9s, application-code: 210ms)
 GET /api/models 503 in 3.1s (next.js: 2.9s, application-code: 211ms)
[browser] ../../../../../Users/jaywest/Myeve/node_modules/@novnc/novnc/core/util/browser.js
The generated code contains 'async/await' because this module is using "topLevelAwait".
However, your target environment does not appear to support 'async/await'.
As a result, the code may not run as expected or may cause runtime errors.

Import trace for requested module:
../../../../../Users/jaywest/Myeve/node_modules/@novnc/novnc/core/util/browser.js
../../../../../Users/jaywest/Myeve/node_modules/@novnc/novnc/core/rfb.js
./components/computer-viewer.tsx
./components/computer-workspace.tsx
./app/chat.tsx
 GET /api/capabilities 200 in 3ms (next.js: 1.1ms, application-code: 1.5ms)
 GET /api/computer-sessions 200 in 3.1s (next.js: 2.9s, application-code: 227ms)
 GET /api/agents 200 in 3.1s (next.js: 2.9s, application-code: 232ms)
 GET /api/threads 200 in 3.0s (next.js: 2.8s, application-code: 233ms)
 GET /api/computer-sessions 200 in 12ms (next.js: 0.6ms, application-code: 11ms)
 GET /api/commands 200 in 1.4ms (next.js: 0.4ms, application-code: 1.0ms)
Model catalog failed Error [GatewayAuthenticationError]: AI Gateway authentication failed: No authentication provided.

Option 1 - API key:
Create an API key: https://vercel.com/d?to=%2F%5Bteam%5D%2F%7E%2Fai%2Fapi-keys
Provide via 'apiKey' option or 'AI_GATEWAY_API_KEY' environment variable.

Option 2 - Vercel access token:
Pass a Vercel personal access token or Vercel app access token via the 'apiKey' option.

Option 3 - OIDC token:
Run 'npx vercel link' to link your project, then 'vc env pull' to fetch the token.
    at async GET (app/api/models/route.ts:11:24)
   9 |
  10 |   try {
> 11 |     const { models } = await gateway.getAvailableModels();
     |                        ^
  12 |     const language = models
  13 |       .filter((model) => (model.modelType ?? "language") === "language")
  14 |       .map((model) => ({ {
  statusCode: 401,
  generationId: undefined,
  isRetryable: false,
  type: 'authentication_error',
  [cause]: Error [VercelOidcTokenError]: The 'x-vercel-oidc-token' header is missing from the request. Do you have the OIDC option enabled in the Vercel project settings?
  Unable to find project root directory. Have you linked your project with `vc link?`
      at async GET (app/api/models/route.ts:11:24)
     9 |
    10 |   try {
  > 11 |     const { models } = await gateway.getAvailableModels();
       |                        ^
    12 |     const language = models
    13 |       .filter((model) => (model.modelType ?? "language") === "language")
    14 |       .map((model) => ({ {
    cause: undefined
  }
}
 GET /api/models 503 in 2ms (next.js: 0.3ms, application-code: 2.0ms)
 GET /api/threads 200 in 46ms (next.js: 0.3ms, application-code: 46ms)
 GET /api/agents 200 in 51ms (next.js: 0.3ms, application-code: 51ms)
 GET /computer 200 in 60ms (next.js: 36ms, proxy.ts: 8ms, application-code: 16ms)
 GET /api/computer 200 in 3.2s (next.js: 2.9s, application-code: 293ms)
 GET /api/computer 200 in 10ms (next.js: 0.7ms, application-code: 9ms)
 GET /api/computer?agentId=agent_66a1e235-c274-4052-a0aa-db757e9b3e6b 200 in 9ms (next.js: 0.6ms, application-code: 8ms)
 GET /api/computer-sessions 200 in 6ms (next.js: 0.6ms, application-code: 5ms)
 GET /api/computer-sessions 200 in 4ms (next.js: 0.6ms, application-code: 3ms)
 GET /api/computer-sessions 200 in 8ms (next.js: 1.2ms, application-code: 7ms)
 GET /api/computer-sessions 200 in 8ms (next.js: 3ms, application-code: 6ms)
 GET /api/computer-sessions 200 in 6ms (next.js: 1.3ms, application-code: 5ms)
 GET /api/computer-sessions 200 in 8ms (next.js: 1.2ms, application-code: 7ms)
⚠ ../../../../../Users/jaywest/Myeve/node_modules/@novnc/novnc/core/util/browser.js
The generated code contains 'async/await' because this module is using "topLevelAwait".
However, your target environment does not appear to support 'async/await'.
As a result, the code may not run as expected or may cause runtime errors.

Import trace for requested module:
../../../../../Users/jaywest/Myeve/node_modules/@novnc/novnc/core/util/browser.js
../../../../../Users/jaywest/Myeve/node_modules/@novnc/novnc/core/rfb.js
./components/computer-viewer.tsx
./components/computer-workspace.tsx
./app/chat.tsx
⚠ ../../../../../Users/jaywest/Myeve/node_modules/@novnc/novnc/core/util/browser.js
The generated code contains 'async/await' because this module is using "topLevelAwait".
However, your target environment does not appear to support 'async/await'.
As a result, the code may not run as expected or may cause runtime errors.

Import trace for requested module:
../../../../../Users/jaywest/Myeve/node_modules/@novnc/novnc/core/util/browser.js
../../../../../Users/jaywest/Myeve/node_modules/@novnc/novnc/core/rfb.js
./components/computer-viewer.tsx
./components/computer-workspace.tsx
./app/chat.tsx
[browser] ../../../../../Users/jaywest/Myeve/node_modules/@novnc/novnc/core/util/browser.js
The generated code contains 'async/await' because this module is using "topLevelAwait".
However, your target environment does not appear to support 'async/await'.
As a result, the code may not run as expected or may cause runtime errors.

Import trace for requested module:
../../../../../Users/jaywest/Myeve/node_modules/@novnc/novnc/core/util/browser.js
../../../../../Users/jaywest/Myeve/node_modules/@novnc/novnc/core/rfb.js
./components/computer-viewer.tsx
./components/computer-workspace.tsx
./app/chat.tsx
 GET /computer 200 in 39ms (next.js: 30ms, proxy.ts: 2ms, application-code: 7ms)
 GET /manage/data 200 in 2.7s (next.js: 2.5s, proxy.ts: 1.8ms, application-code: 219ms)
[browser] ../../../../../Users/jaywest/Myeve/node_modules/@novnc/novnc/core/util/browser.js
The generated code contains 'async/await' because this module is using "topLevelAwait".
However, your target environment does not appear to support 'async/await'.
As a result, the code may not run as expected or may cause runtime errors.
 GET /api/capabilities 200 in 35ms (next.js: 6ms, application-code: 29ms)
⚠ ../../../../../Users/jaywest/Myeve/node_modules/@novnc/novnc/core/util/browser.js
The generated code contains 'async/await' because this module is using "topLevelAwait".
However, your target environment does not appear to support 'async/await'.
As a result, the code may not run as expected or may cause runtime errors.

Import trace for requested module:
../../../../../Users/jaywest/Myeve/node_modules/@novnc/novnc/core/util/browser.js
../../../../../Users/jaywest/Myeve/node_modules/@novnc/novnc/core/rfb.js
./components/computer-viewer.tsx
./components/computer-workspace.tsx
./app/chat.tsx
[browser] ../../../../../Users/jaywest/Myeve/node_modules/@novnc/novnc/core/util/browser.js
The generated code contains 'async/await' because this module is using "topLevelAwait".
However, your target environment does not appear to support 'async/await'.
As a result, the code may not run as expected or may cause runtime errors.

Import trace for requested module:
../../../../../Users/jaywest/Myeve/node_modules/@novnc/novnc/core/util/browser.js
../../../../../Users/jaywest/Myeve/node_modules/@novnc/novnc/core/rfb.js
./components/computer-viewer.tsx
./components/computer-workspace.tsx
./app/chat.tsx
⚠ ../../../../../Users/jaywest/Myeve/node_modules/@novnc/novnc/core/util/browser.js
The generated code contains 'async/await' because this module is using "topLevelAwait".
However, your target environment does not appear to support 'async/await'.
As a result, the code may not run as expected or may cause runtime errors.

Import trace for requested module:
../../../../../Users/jaywest/Myeve/node_modules/@novnc/novnc/core/util/browser.js
../../../../../Users/jaywest/Myeve/node_modules/@novnc/novnc/core/rfb.js
./components/computer-viewer.tsx
./components/computer-workspace.tsx
./app/chat.tsx
Model catalog failed Error [GatewayAuthenticationError]: AI Gateway authentication failed: No authentication provided.

Option 1 - API key:
Create an API key: https://vercel.com/d?to=%2F%5Bteam%5D%2F%7E%2Fai%2Fapi-keys
Provide via 'apiKey' option or 'AI_GATEWAY_API_KEY' environment variable.

Option 2 - Vercel access token:
Pass a Vercel personal access token or Vercel app access token via the 'apiKey' option.

Option 3 - OIDC token:
Run 'npx vercel link' to link your project, then 'vc env pull' to fetch the token.
    at async GET (app/api/models/route.ts:11:24)
   9 |
  10 |   try {
> 11 |     const { models } = await gateway.getAvailableModels();
     |                        ^
  12 |     const language = models
  13 |       .filter((model) => (model.modelType ?? "language") === "language")
  14 |       .map((model) => ({ {
  statusCode: 401,
  generationId: undefined,
  isRetryable: false,
  type: 'authentication_error',
  [cause]: Error [VercelOidcTokenError]: The 'x-vercel-oidc-token' header is missing from the request. Do you have the OIDC option enabled in the Vercel project settings?
  Unable to find project root directory. Have you linked your project with `vc link?`
      at async GET (app/api/models/route.ts:11:24)
     9 |
    10 |   try {
  > 11 |     const { models } = await gateway.getAvailableModels();
       |                        ^
    12 |     const language = models
    13 |       .filter((model) => (model.modelType ?? "language") === "language")
    14 |       .map((model) => ({ {
    cause: undefined
  }
}
 GET /api/update-check 200 in 1482ms (next.js: 1413ms, application-code: 69ms)
 GET /api/commands 200 in 1471ms (next.js: 1401ms, application-code: 70ms)
 GET /api/models 503 in 1471ms (next.js: 1401ms, application-code: 70ms)
 GET /api/capabilities 200 in 1405ms (next.js: 1335ms, application-code: 70ms)
[browser] ../../../../../Users/jaywest/Myeve/node_modules/@novnc/novnc/core/util/browser.js
The generated code contains 'async/await' because this module is using "topLevelAwait".
However, your target environment does not appear to support 'async/await'.
As a result, the code may not run as expected or may cause runtime errors.

Import trace for requested module:
../../../../../Users/jaywest/Myeve/node_modules/@novnc/novnc/core/util/browser.js
../../../../../Users/jaywest/Myeve/node_modules/@novnc/novnc/core/rfb.js
./components/computer-viewer.tsx
./components/computer-workspace.tsx
./app/chat.tsx
⚠ ../../../../../Users/jaywest/Myeve/node_modules/@novnc/novnc/core/util/browser.js
The generated code contains 'async/await' because this module is using "topLevelAwait".
However, your target environment does not appear to support 'async/await'.
As a result, the code may not run as expected or may cause runtime errors.

Import trace for requested module:
../../../../../Users/jaywest/Myeve/node_modules/@novnc/novnc/core/util/browser.js
../../../../../Users/jaywest/Myeve/node_modules/@novnc/novnc/core/rfb.js
./components/computer-viewer.tsx
./components/computer-workspace.tsx
./app/chat.tsx
 GET /api/agents 200 in 1486ms (next.js: 1401ms, application-code: 85ms)
 GET /api/agents 200 in 16ms (next.js: 0.4ms, application-code: 16ms)
 GET /api/threads 200 in 1489ms (next.js: 1401ms, application-code: 88ms)
[browser] ../../../../../Users/jaywest/Myeve/node_modules/@novnc/novnc/core/util/browser.js
The generated code contains 'async/await' because this module is using "topLevelAwait".
However, your target environment does not appear to support 'async/await'.
As a result, the code may not run as expected or may cause runtime errors.

Import trace for requested module:
../../../../../Users/jaywest/Myeve/node_modules/@novnc/novnc/core/util/browser.js
../../../../../Users/jaywest/Myeve/node_modules/@novnc/novnc/core/rfb.js
./components/computer-viewer.tsx
./components/computer-workspace.tsx
./app/chat.tsx
⚠ ../../../../../Users/jaywest/Myeve/node_modules/@novnc/novnc/core/util/browser.js
The generated code contains 'async/await' because this module is using "topLevelAwait".
However, your target environment does not appear to support 'async/await'.
As a result, the code may not run as expected or may cause runtime errors.

Import trace for requested module:
../../../../../Users/jaywest/Myeve/node_modules/@novnc/novnc/core/util/browser.js
../../../../../Users/jaywest/Myeve/node_modules/@novnc/novnc/core/rfb.js
./components/computer-viewer.tsx
./components/computer-workspace.tsx
./app/chat.tsx
[browser] ../../../../../Users/jaywest/Myeve/node_modules/@novnc/novnc/core/util/browser.js
The generated code contains 'async/await' because this module is using "topLevelAwait".
However, your target environment does not appear to support 'async/await'.
As a result, the code may not run as expected or may cause runtime errors.

Import trace for requested module:
../../../../../Users/jaywest/Myeve/node_modules/@novnc/novnc/core/util/browser.js
../../../../../Users/jaywest/Myeve/node_modules/@novnc/novnc/core/rfb.js
./components/computer-viewer.tsx
./components/computer-workspace.tsx
./app/chat.tsx
 GET /api/goals 200 in 4.8s (next.js: 4.7s, application-code: 93ms)
 GET /api/goals 200 in 4.8s (next.js: 4.7s, application-code: 95ms)
 GET /api/capabilities 200 in 3ms (next.js: 1.5ms, application-code: 1.7ms)
 GET /api/update-check 200 in 3ms (next.js: 1.7ms, application-code: 1.8ms)
 GET /api/owner-knowledge?page=1&limit=25 200 in 4.8s (next.js: 4.7s, application-code: 108ms)
 GET /api/commands 200 in 3ms (next.js: 1.1ms, application-code: 1.9ms)
Model catalog failed Error [GatewayAuthenticationError]: AI Gateway authentication failed: No authentication provided.

Option 1 - API key:
Create an API key: https://vercel.com/d?to=%2F%5Bteam%5D%2F%7E%2Fai%2Fapi-keys
Provide via 'apiKey' option or 'AI_GATEWAY_API_KEY' environment variable.

Option 2 - Vercel access token:
Pass a Vercel personal access token or Vercel app access token via the 'apiKey' option.

Option 3 - OIDC token:
Run 'npx vercel link' to link your project, then 'vc env pull' to fetch the token.
    at async GET (app/api/models/route.ts:11:24)
   9 |
  10 |   try {
> 11 |     const { models } = await gateway.getAvailableModels();
     |                        ^
  12 |     const language = models
  13 |       .filter((model) => (model.modelType ?? "language") === "language")
  14 |       .map((model) => ({ {
  statusCode: 401,
  generationId: undefined,
  isRetryable: false,
  type: 'authentication_error',
  [cause]: Error [VercelOidcTokenError]: The 'x-vercel-oidc-token' header is missing from the request. Do you have the OIDC option enabled in the Vercel project settings?
  Unable to find project root directory. Have you linked your project with `vc link?`
      at async GET (app/api/models/route.ts:11:24)
     9 |
    10 |   try {
  > 11 |     const { models } = await gateway.getAvailableModels();
       |                        ^
    12 |     const language = models
    13 |       .filter((model) => (model.modelType ?? "language") === "language")
    14 |       .map((model) => ({ {
    cause: undefined
  }
}
 GET /api/models 503 in 19ms (next.js: 1.1ms, application-code: 18ms)
 GET /api/automations 200 in 4.9s (next.js: 4.7s, application-code: 145ms)
 GET /api/agents 200 in 4.9s (next.js: 4.7s, application-code: 147ms)
 GET /api/agents 200 in 15ms (next.js: 0.4ms, application-code: 15ms)
 GET /api/automations 200 in 3ms (next.js: 0.6ms, application-code: 2ms)
 GET /api/threads 200 in 17ms (next.js: 1.7ms, application-code: 15ms)
 GET /api/owner-data 200 in 4.8s (next.js: 4.6s, application-code: 157ms)
 GET /api/owner-data?download=1 200 in 3.5s (next.js: 11ms, application-code: 3.5s)
 GET /api/owner-data 200 in 17ms (next.js: 1.0ms, application-code: 16ms)
 GET /api/owner-data?download=1 200 in 44ms (next.js: 0.6ms, application-code: 43ms)
 GET /api/threads 200 in 3ms (next.js: 0.8ms, application-code: 3ms)
 GET /manage/appearance 200 in 499ms (next.js: 92ms, proxy.ts: 5ms, application-code: 402ms)
[browser] ../../../../../Users/jaywest/Myeve/node_modules/@novnc/novnc/core/util/browser.js
The generated code contains 'async/await' because this module is using "topLevelAwait".
However, your target environment does not appear to support 'async/await'.
As a result, the code may not run as expected or may cause runtime errors.
 GET /api/capabilities 200 in 6ms (next.js: 1.3ms, application-code: 5ms)
 GET /api/update-check 200 in 3ms (next.js: 1.3ms, application-code: 1.7ms)
Model catalog failed Error [GatewayAuthenticationError]: AI Gateway authentication failed: No authentication provided.

Option 1 - API key:
Create an API key: https://vercel.com/d?to=%2F%5Bteam%5D%2F%7E%2Fai%2Fapi-keys
Provide via 'apiKey' option or 'AI_GATEWAY_API_KEY' environment variable.

Option 2 - Vercel access token:
Pass a Vercel personal access token or Vercel app access token via the 'apiKey' option.

Option 3 - OIDC token:
Run 'npx vercel link' to link your project, then 'vc env pull' to fetch the token.
    at async GET (app/api/models/route.ts:11:24)
   9 |
  10 |   try {
> 11 |     const { models } = await gateway.getAvailableModels();
     |                        ^
  12 |     const language = models
  13 |       .filter((model) => (model.modelType ?? "language") === "language")
  14 |       .map((model) => ({ {
  statusCode: 401,
  generationId: undefined,
  isRetryable: false,
  type: 'authentication_error',
  [cause]: Error [VercelOidcTokenError]: The 'x-vercel-oidc-token' header is missing from the request. Do you have the OIDC option enabled in the Vercel project settings?
  Unable to find project root directory. Have you linked your project with `vc link?`
      at async GET (app/api/models/route.ts:11:24)
     9 |
    10 |   try {
  > 11 |     const { models } = await gateway.getAvailableModels();
       |                        ^
    12 |     const language = models
    13 |       .filter((model) => (model.modelType ?? "language") === "language")
    14 |       .map((model) => ({ {
    cause: undefined
  }
}
 GET /api/models 503 in 4ms (next.js: 0.5ms, application-code: 3ms)
 GET /api/commands 200 in 2ms (next.js: 0.8ms, application-code: 1.7ms)
 GET /api/capabilities 200 in 3ms (next.js: 0.7ms, application-code: 1.9ms)
 GET /api/update-check 200 in 1.6ms (next.js: 0.5ms, application-code: 1.2ms)
Model catalog failed Error [GatewayAuthenticationError]: AI Gateway authentication failed: No authentication provided.

Option 1 - API key:
Create an API key: https://vercel.com/d?to=%2F%5Bteam%5D%2F%7E%2Fai%2Fapi-keys
Provide via 'apiKey' option or 'AI_GATEWAY_API_KEY' environment variable.

Option 2 - Vercel access token:
Pass a Vercel personal access token or Vercel app access token via the 'apiKey' option.

Option 3 - OIDC token:
Run 'npx vercel link' to link your project, then 'vc env pull' to fetch the token.
    at async GET (app/api/models/route.ts:11:24)
   9 |
  10 |   try {
> 11 |     const { models } = await gateway.getAvailableModels();
     |                        ^
  12 |     const language = models
  13 |       .filter((model) => (model.modelType ?? "language") === "language")
  14 |       .map((model) => ({ {
  statusCode: 401,
  generationId: undefined,
  isRetryable: false,
  type: 'authentication_error',
  [cause]: Error [VercelOidcTokenError]: The 'x-vercel-oidc-token' header is missing from the request. Do you have the OIDC option enabled in the Vercel project settings?
  Unable to find project root directory. Have you linked your project with `vc link?`
      at async GET (app/api/models/route.ts:11:24)
     9 |
    10 |   try {
  > 11 |     const { models } = await gateway.getAvailableModels();
       |                        ^
    12 |     const language = models
    13 |       .filter((model) => (model.modelType ?? "language") === "language")
    14 |       .map((model) => ({ {
    cause: undefined
  }
}
 GET /api/models 503 in 3ms (next.js: 0.5ms, application-code: 2ms)
 GET /api/commands 200 in 1.4ms (next.js: 0.3ms, application-code: 1.0ms)
 GET /api/capabilities 200 in 1.8ms (next.js: 0.3ms, application-code: 1.5ms)
 GET /api/threads 200 in 27ms (next.js: 0.4ms, application-code: 27ms)
 GET /api/threads 200 in 2ms (next.js: 0.5ms, application-code: 1.7ms)
 GET /api/agents 200 in 37ms (next.js: 0.5ms, application-code: 37ms)
 GET /api/agents 200 in 5ms (next.js: 0.5ms, application-code: 5ms)
 GET /api/automations 200 in 5ms (next.js: 0.7ms, application-code: 5ms)
 GET /api/automations 200 in 3ms (next.js: 0.5ms, application-code: 3ms)
 GET /manage/review-delivery 200 in 18ms (next.js: 3ms, proxy.ts: 1.5ms, application-code: 13ms)
[browser] ../../../../../Users/jaywest/Myeve/node_modules/@novnc/novnc/core/util/browser.js
The generated code contains 'async/await' because this module is using "topLevelAwait".
However, your target environment does not appear to support 'async/await'.
As a result, the code may not run as expected or may cause runtime errors.
 GET /api/capabilities 200 in 2ms (next.js: 0.6ms, application-code: 1.6ms)
 GET /api/update-check 200 in 1.5ms (next.js: 0.4ms, application-code: 1.0ms)
Model catalog failed Error [GatewayAuthenticationError]: AI Gateway authentication failed: No authentication provided.

Option 1 - API key:
Create an API key: https://vercel.com/d?to=%2F%5Bteam%5D%2F%7E%2Fai%2Fapi-keys
Provide via 'apiKey' option or 'AI_GATEWAY_API_KEY' environment variable.

Option 2 - Vercel access token:
Pass a Vercel personal access token or Vercel app access token via the 'apiKey' option.

Option 3 - OIDC token:
Run 'npx vercel link' to link your project, then 'vc env pull' to fetch the token.
    at async GET (app/api/models/route.ts:11:24)
   9 |
  10 |   try {
> 11 |     const { models } = await gateway.getAvailableModels();
     |                        ^
  12 |     const language = models
  13 |       .filter((model) => (model.modelType ?? "language") === "language")
  14 |       .map((model) => ({ {
  statusCode: 401,
  generationId: undefined,
  isRetryable: false,
  type: 'authentication_error',
  [cause]: Error [VercelOidcTokenError]: The 'x-vercel-oidc-token' header is missing from the request. Do you have the OIDC option enabled in the Vercel project settings?
  Unable to find project root directory. Have you linked your project with `vc link?`
      at async GET (app/api/models/route.ts:11:24)
     9 |
    10 |   try {
  > 11 |     const { models } = await gateway.getAvailableModels();
       |                        ^
    12 |     const language = models
    13 |       .filter((model) => (model.modelType ?? "language") === "language")
    14 |       .map((model) => ({ {
    cause: undefined
  }
}
 GET /api/models 503 in 3ms (next.js: 0.4ms, application-code: 2ms)
 GET /api/commands 200 in 3ms (next.js: 0.8ms, application-code: 1.7ms)
 GET /api/capabilities 200 in 2ms (next.js: 0.5ms, application-code: 1.8ms)
 GET /api/threads 200 in 4ms (next.js: 0.6ms, application-code: 3ms)
 GET /api/capabilities 200 in 1.9ms (next.js: 0.5ms, application-code: 1.4ms)
Model catalog failed Error [GatewayAuthenticationError]: AI Gateway authentication failed: No authentication provided.

Option 1 - API key:
Create an API key: https://vercel.com/d?to=%2F%5Bteam%5D%2F%7E%2Fai%2Fapi-keys
Provide via 'apiKey' option or 'AI_GATEWAY_API_KEY' environment variable.

Option 2 - Vercel access token:
Pass a Vercel personal access token or Vercel app access token via the 'apiKey' option.

Option 3 - OIDC token:
Run 'npx vercel link' to link your project, then 'vc env pull' to fetch the token.
    at async GET (app/api/models/route.ts:11:24)
   9 |
  10 |   try {
> 11 |     const { models } = await gateway.getAvailableModels();
     |                        ^
  12 |     const language = models
  13 |       .filter((model) => (model.modelType ?? "language") === "language")
  14 |       .map((model) => ({ {
  statusCode: 401,
  generationId: undefined,
  isRetryable: false,
  type: 'authentication_error',
  [cause]: Error [VercelOidcTokenError]: The 'x-vercel-oidc-token' header is missing from the request. Do you have the OIDC option enabled in the Vercel project settings?
  Unable to find project root directory. Have you linked your project with `vc link?`
      at async GET (app/api/models/route.ts:11:24)
     9 |
    10 |   try {
  > 11 |     const { models } = await gateway.getAvailableModels();
       |                        ^
    12 |     const language = models
    13 |       .filter((model) => (model.modelType ?? "language") === "language")
    14 |       .map((model) => ({ {
    cause: undefined
  }
}
 GET /api/models 503 in 2ms (next.js: 0.3ms, application-code: 2ms)
 GET /api/update-check 200 in 2ms (next.js: 0.5ms, application-code: 1.6ms)
 GET /api/agents 200 in 30ms (next.js: 0.4ms, application-code: 30ms)
 GET /api/commands 200 in 1.7ms (next.js: 0.5ms, application-code: 1.2ms)
 GET /api/capabilities 200 in 2ms (next.js: 0.4ms, application-code: 1.9ms)
 GET /api/threads 200 in 5ms (next.js: 0.6ms, application-code: 5ms)
⚠ ../../../../../Users/jaywest/Myeve/node_modules/@novnc/novnc/core/util/browser.js
The generated code contains 'async/await' because this module is using "topLevelAwait".
However, your target environment does not appear to support 'async/await'.
As a result, the code may not run as expected or may cause runtime errors.

Import trace for requested module:
../../../../../Users/jaywest/Myeve/node_modules/@novnc/novnc/core/util/browser.js
../../../../../Users/jaywest/Myeve/node_modules/@novnc/novnc/core/rfb.js
./components/computer-viewer.tsx
./components/computer-workspace.tsx
./app/chat.tsx
 GET /api/agents 200 in 602ms (next.js: 0.5ms, application-code: 602ms)
[browser] ../../../../../Users/jaywest/Myeve/node_modules/@novnc/novnc/core/util/browser.js
The generated code contains 'async/await' because this module is using "topLevelAwait".
However, your target environment does not appear to support 'async/await'.
As a result, the code may not run as expected or may cause runtime errors.

Import trace for requested module:
../../../../../Users/jaywest/Myeve/node_modules/@novnc/novnc/core/util/browser.js
../../../../../Users/jaywest/Myeve/node_modules/@novnc/novnc/core/rfb.js
./components/computer-viewer.tsx
./components/computer-workspace.tsx
./app/chat.tsx
⚠ ../../../../../Users/jaywest/Myeve/node_modules/@novnc/novnc/core/util/browser.js
The generated code contains 'async/await' because this module is using "topLevelAwait".
However, your target environment does not appear to support 'async/await'.
As a result, the code may not run as expected or may cause runtime errors.

Import trace for requested module:
../../../../../Users/jaywest/Myeve/node_modules/@novnc/novnc/core/util/browser.js
../../../../../Users/jaywest/Myeve/node_modules/@novnc/novnc/core/rfb.js
./components/computer-viewer.tsx
./components/computer-workspace.tsx
./app/chat.tsx
[browser] ../../../../../Users/jaywest/Myeve/node_modules/@novnc/novnc/core/util/browser.js
The generated code contains 'async/await' because this module is using "topLevelAwait".
However, your target environment does not appear to support 'async/await'.
As a result, the code may not run as expected or may cause runtime errors.

Import trace for requested module:
../../../../../Users/jaywest/Myeve/node_modules/@novnc/novnc/core/util/browser.js
../../../../../Users/jaywest/Myeve/node_modules/@novnc/novnc/core/rfb.js
./components/computer-viewer.tsx
./components/computer-workspace.tsx
./app/chat.tsx
 GET /api/review-schedule 200 in 7.6s (next.js: 7.5s, application-code: 89ms)
 GET /api/automations 200 in 8.0s (next.js: 7.9s, application-code: 91ms)
 GET /api/automations 200 in 3ms (next.js: 0.6ms, application-code: 3ms)
 GET /manage/phone 200 in 400ms (next.js: 60ms, proxy.ts: 120ms, application-code: 219ms)
[browser] ../../../../../Users/jaywest/Myeve/node_modules/@novnc/novnc/core/util/browser.js
The generated code contains 'async/await' because this module is using "topLevelAwait".
However, your target environment does not appear to support 'async/await'.
As a result, the code may not run as expected or may cause runtime errors.
 GET /api/capabilities 200 in 4ms (next.js: 2ms, application-code: 2ms)
 GET /api/update-check 200 in 4ms (next.js: 1.9ms, application-code: 1.6ms)
Model catalog failed Error [GatewayAuthenticationError]: AI Gateway authentication failed: No authentication provided.

Option 1 - API key:
Create an API key: https://vercel.com/d?to=%2F%5Bteam%5D%2F%7E%2Fai%2Fapi-keys
Provide via 'apiKey' option or 'AI_GATEWAY_API_KEY' environment variable.

Option 2 - Vercel access token:
Pass a Vercel personal access token or Vercel app access token via the 'apiKey' option.

Option 3 - OIDC token:
Run 'npx vercel link' to link your project, then 'vc env pull' to fetch the token.
    at async GET (app/api/models/route.ts:11:24)
   9 |
  10 |   try {
> 11 |     const { models } = await gateway.getAvailableModels();
     |                        ^
  12 |     const language = models
  13 |       .filter((model) => (model.modelType ?? "language") === "language")
  14 |       .map((model) => ({ {
  statusCode: 401,
  generationId: undefined,
  isRetryable: false,
  type: 'authentication_error',
  [cause]: Error [VercelOidcTokenError]: The 'x-vercel-oidc-token' header is missing from the request. Do you have the OIDC option enabled in the Vercel project settings?
  Unable to find project root directory. Have you linked your project with `vc link?`
      at async GET (app/api/models/route.ts:11:24)
     9 |
    10 |   try {
  > 11 |     const { models } = await gateway.getAvailableModels();
       |                        ^
    12 |     const language = models
    13 |       .filter((model) => (model.modelType ?? "language") === "language")
    14 |       .map((model) => ({ {
    cause: undefined
  }
}
 GET /api/models 503 in 41ms (next.js: 13ms, application-code: 28ms)
 GET /api/commands 200 in 202ms (next.js: 18ms, application-code: 183ms)
 GET /api/capabilities 200 in 64ms (next.js: 11ms, application-code: 53ms)
 GET /api/update-check 200 in 48ms (next.js: 11ms, application-code: 37ms)
 GET /api/automations 200 in 472ms (next.js: 11ms, application-code: 461ms)
 GET /api/agents 200 in 1305ms (next.js: 7ms, application-code: 1299ms)
Model catalog failed Error [GatewayAuthenticationError]: AI Gateway authentication failed: No authentication provided.

Option 1 - API key:
Create an API key: https://vercel.com/d?to=%2F%5Bteam%5D%2F%7E%2Fai%2Fapi-keys
Provide via 'apiKey' option or 'AI_GATEWAY_API_KEY' environment variable.

Option 2 - Vercel access token:
Pass a Vercel personal access token or Vercel app access token via the 'apiKey' option.

Option 3 - OIDC token:
Run 'npx vercel link' to link your project, then 'vc env pull' to fetch the token.
    at async GET (app/api/models/route.ts:11:24)
   9 |
  10 |   try {
> 11 |     const { models } = await gateway.getAvailableModels();
     |                        ^
  12 |     const language = models
  13 |       .filter((model) => (model.modelType ?? "language") === "language")
  14 |       .map((model) => ({ {
  statusCode: 401,
  generationId: undefined,
  isRetryable: false,
  type: 'authentication_error',
  [cause]: Error [VercelOidcTokenError]: The 'x-vercel-oidc-token' header is missing from the request. Do you have the OIDC option enabled in the Vercel project settings?
  Unable to find project root directory. Have you linked your project with `vc link?`
      at async GET (app/api/models/route.ts:11:24)
     9 |
    10 |   try {
  > 11 |     const { models } = await gateway.getAvailableModels();
       |                        ^
    12 |     const language = models
    13 |       .filter((model) => (model.modelType ?? "language") === "language")
    14 |       .map((model) => ({ {
    cause: undefined
  }
}
 GET /api/models 503 in 3ms (next.js: 0.6ms, application-code: 3ms)
 GET /api/commands 200 in 3ms (next.js: 0.4ms, application-code: 2ms)
 GET /api/capabilities 200 in 2ms (next.js: 0.6ms, application-code: 1.9ms)
 GET /api/threads 200 in 1110ms (next.js: 39ms, application-code: 1071ms)
 GET /api/review-schedule 200 in 5ms (next.js: 0.5ms, application-code: 5ms)
 GET /api/automations 200 in 4ms (next.js: 0.4ms, application-code: 4ms)
 GET /api/threads 200 in 3ms (next.js: 0.3ms, application-code: 3ms)
 GET /api/agents 200 in 7ms (next.js: 0.3ms, application-code: 7ms)
 GET /manage/appearance 200 in 22ms (next.js: 3ms, proxy.ts: 2ms, application-code: 16ms)
[browser] ../../../../../Users/jaywest/Myeve/node_modules/@novnc/novnc/core/util/browser.js
The generated code contains 'async/await' because this module is using "topLevelAwait".
However, your target environment does not appear to support 'async/await'.
As a result, the code may not run as expected or may cause runtime errors.
 GET /api/capabilities 200 in 3ms (next.js: 0.9ms, application-code: 2ms)
 GET /api/update-check 200 in 1.9ms (next.js: 0.5ms, application-code: 1.4ms)
Model catalog failed Error [GatewayAuthenticationError]: AI Gateway authentication failed: No authentication provided.

Option 1 - API key:
Create an API key: https://vercel.com/d?to=%2F%5Bteam%5D%2F%7E%2Fai%2Fapi-keys
Provide via 'apiKey' option or 'AI_GATEWAY_API_KEY' environment variable.

Option 2 - Vercel access token:
Pass a Vercel personal access token or Vercel app access token via the 'apiKey' option.

Option 3 - OIDC token:
Run 'npx vercel link' to link your project, then 'vc env pull' to fetch the token.
    at async GET (app/api/models/route.ts:11:24)
   9 |
  10 |   try {
> 11 |     const { models } = await gateway.getAvailableModels();
     |                        ^
  12 |     const language = models
  13 |       .filter((model) => (model.modelType ?? "language") === "language")
  14 |       .map((model) => ({ {
  statusCode: 401,
  generationId: undefined,
  isRetryable: false,
  type: 'authentication_error',
  [cause]: Error [VercelOidcTokenError]: The 'x-vercel-oidc-token' header is missing from the request. Do you have the OIDC option enabled in the Vercel project settings?
  Unable to find project root directory. Have you linked your project with `vc link?`
      at async GET (app/api/models/route.ts:11:24)
     9 |
    10 |   try {
  > 11 |     const { models } = await gateway.getAvailableModels();
       |                        ^
    12 |     const language = models
    13 |       .filter((model) => (model.modelType ?? "language") === "language")
    14 |       .map((model) => ({ {
    cause: undefined
  }
}
 GET /api/models 503 in 3ms (next.js: 0.5ms, application-code: 3ms)
 GET /api/commands 200 in 1.8ms (next.js: 0.4ms, application-code: 1.4ms)
 GET /api/update-check 200 in 1.4ms (next.js: 0.4ms, application-code: 0.9ms)
 GET /api/capabilities 200 in 1.5ms (next.js: 0.3ms, application-code: 1.1ms)
Model catalog failed Error [GatewayAuthenticationError]: AI Gateway authentication failed: No authentication provided.

Option 1 - API key:
Create an API key: https://vercel.com/d?to=%2F%5Bteam%5D%2F%7E%2Fai%2Fapi-keys
Provide via 'apiKey' option or 'AI_GATEWAY_API_KEY' environment variable.

Option 2 - Vercel access token:
Pass a Vercel personal access token or Vercel app access token via the 'apiKey' option.

Option 3 - OIDC token:
Run 'npx vercel link' to link your project, then 'vc env pull' to fetch the token.
    at async GET (app/api/models/route.ts:11:24)
   9 |
  10 |   try {
> 11 |     const { models } = await gateway.getAvailableModels();
     |                        ^
  12 |     const language = models
  13 |       .filter((model) => (model.modelType ?? "language") === "language")
  14 |       .map((model) => ({ {
  statusCode: 401,
  generationId: undefined,
  isRetryable: false,
  type: 'authentication_error',
  [cause]: Error [VercelOidcTokenError]: The 'x-vercel-oidc-token' header is missing from the request. Do you have the OIDC option enabled in the Vercel project settings?
  Unable to find project root directory. Have you linked your project with `vc link?`
      at async GET (app/api/models/route.ts:11:24)
     9 |
    10 |   try {
  > 11 |     const { models } = await gateway.getAvailableModels();
       |                        ^
    12 |     const language = models
    13 |       .filter((model) => (model.modelType ?? "language") === "language")
    14 |       .map((model) => ({ {
    cause: undefined
  }
}
 GET /api/models 503 in 2ms (next.js: 0.3ms, application-code: 2.0ms)
 GET /api/commands 200 in 1.6ms (next.js: 0.4ms, application-code: 1.2ms)
 GET /api/threads 200 in 12ms (next.js: 0.4ms, application-code: 12ms)
 GET /api/capabilities 200 in 1.5ms (next.js: 0.3ms, application-code: 1.2ms)
 GET /api/threads 200 in 3ms (next.js: 0.4ms, application-code: 2ms)
 GET /api/agents 200 in 23ms (next.js: 0.4ms, application-code: 23ms)
 GET /api/agents 200 in 5ms (next.js: 0.5ms, application-code: 4ms)
 GET /api/automations 200 in 7ms (next.js: 0.5ms, application-code: 7ms)
 GET /api/automations 200 in 3ms (next.js: 0.6ms, application-code: 2ms)
 GET /manage/appearance 200 in 19ms (next.js: 2ms, proxy.ts: 1.3ms, application-code: 15ms)
[browser] ../../../../../Users/jaywest/Myeve/node_modules/@novnc/novnc/core/util/browser.js
The generated code contains 'async/await' because this module is using "topLevelAwait".
However, your target environment does not appear to support 'async/await'.
As a result, the code may not run as expected or may cause runtime errors.
 GET /api/capabilities 200 in 2ms (next.js: 0.7ms, application-code: 1.7ms)
 GET /api/update-check 200 in 1.7ms (next.js: 0.5ms, application-code: 1.2ms)
Model catalog failed Error [GatewayAuthenticationError]: AI Gateway authentication failed: No authentication provided.

Option 1 - API key:
Create an API key: https://vercel.com/d?to=%2F%5Bteam%5D%2F%7E%2Fai%2Fapi-keys
Provide via 'apiKey' option or 'AI_GATEWAY_API_KEY' environment variable.

Option 2 - Vercel access token:
Pass a Vercel personal access token or Vercel app access token via the 'apiKey' option.

Option 3 - OIDC token:
Run 'npx vercel link' to link your project, then 'vc env pull' to fetch the token.
    at async GET (app/api/models/route.ts:11:24)
   9 |
  10 |   try {
> 11 |     const { models } = await gateway.getAvailableModels();
     |                        ^
  12 |     const language = models
  13 |       .filter((model) => (model.modelType ?? "language") === "language")
  14 |       .map((model) => ({ {
  statusCode: 401,
  generationId: undefined,
  isRetryable: false,
  type: 'authentication_error',
  [cause]: Error [VercelOidcTokenError]: The 'x-vercel-oidc-token' header is missing from the request. Do you have the OIDC option enabled in the Vercel project settings?
  Unable to find project root directory. Have you linked your project with `vc link?`
      at async GET (app/api/models/route.ts:11:24)
     9 |
    10 |   try {
  > 11 |     const { models } = await gateway.getAvailableModels();
       |                        ^
    12 |     const language = models
    13 |       .filter((model) => (model.modelType ?? "language") === "language")
    14 |       .map((model) => ({ {
    cause: undefined
  }
}
 GET /api/models 503 in 3ms (next.js: 0.4ms, application-code: 2ms)
 GET /api/commands 200 in 1.9ms (next.js: 0.6ms, application-code: 1.3ms)
 GET /api/capabilities 200 in 1.8ms (next.js: 0.6ms, application-code: 1.1ms)
 GET /api/capabilities 200 in 1.5ms (next.js: 0.3ms, application-code: 1.2ms)
Model catalog failed Error [GatewayAuthenticationError]: AI Gateway authentication failed: No authentication provided.

Option 1 - API key:
Create an API key: https://vercel.com/d?to=%2F%5Bteam%5D%2F%7E%2Fai%2Fapi-keys
Provide via 'apiKey' option or 'AI_GATEWAY_API_KEY' environment variable.

Option 2 - Vercel access token:
Pass a Vercel personal access token or Vercel app access token via the 'apiKey' option.

Option 3 - OIDC token:
Run 'npx vercel link' to link your project, then 'vc env pull' to fetch the token.
    at async GET (app/api/models/route.ts:11:24)
   9 |
  10 |   try {
> 11 |     const { models } = await gateway.getAvailableModels();
     |                        ^
  12 |     const language = models
  13 |       .filter((model) => (model.modelType ?? "language") === "language")
  14 |       .map((model) => ({ {
  statusCode: 401,
  generationId: undefined,
  isRetryable: false,
  type: 'authentication_error',
  [cause]: Error [VercelOidcTokenError]: The 'x-vercel-oidc-token' header is missing from the request. Do you have the OIDC option enabled in the Vercel project settings?
  Unable to find project root directory. Have you linked your project with `vc link?`
      at async GET (app/api/models/route.ts:11:24)
     9 |
    10 |   try {
  > 11 |     const { models } = await gateway.getAvailableModels();
       |                        ^
    12 |     const language = models
    13 |       .filter((model) => (model.modelType ?? "language") === "language")
    14 |       .map((model) => ({ {
    cause: undefined
  }
}
 GET /api/models 503 in 2ms (next.js: 0.3ms, application-code: 2ms)
 GET /api/threads 200 in 7ms (next.js: 0.5ms, application-code: 6ms)
 GET /api/update-check 200 in 1.6ms (next.js: 0.3ms, application-code: 1.3ms)
 GET /api/agents 200 in 42ms (next.js: 0.4ms, application-code: 41ms)
 GET /api/commands 200 in 2.0ms (next.js: 0.6ms, application-code: 1.4ms)
 GET /api/capabilities 200 in 1.8ms (next.js: 0.3ms, application-code: 1.5ms)
 GET /api/automations 200 in 6ms (next.js: 0.4ms, application-code: 5ms)
 GET /api/threads 200 in 6ms (next.js: 0.3ms, application-code: 6ms)
 GET /api/agents 200 in 6ms (next.js: 0.5ms, application-code: 5ms)
 GET /api/automations 200 in 3ms (next.js: 0.5ms, application-code: 2ms)
 GET /manage/review-delivery 200 in 18ms (next.js: 3ms, proxy.ts: 1.5ms, application-code: 14ms)
[browser] ../../../../../Users/jaywest/Myeve/node_modules/@novnc/novnc/core/util/browser.js
The generated code contains 'async/await' because this module is using "topLevelAwait".
However, your target environment does not appear to support 'async/await'.
As a result, the code may not run as expected or may cause runtime errors.
 GET /api/capabilities 200 in 2ms (next.js: 0.8ms, application-code: 1.5ms)
 GET /api/update-check 200 in 1.2ms (next.js: 0.4ms, application-code: 0.8ms)
Model catalog failed Error [GatewayAuthenticationError]: AI Gateway authentication failed: No authentication provided.

Option 1 - API key:
Create an API key: https://vercel.com/d?to=%2F%5Bteam%5D%2F%7E%2Fai%2Fapi-keys
Provide via 'apiKey' option or 'AI_GATEWAY_API_KEY' environment variable.

Option 2 - Vercel access token:
Pass a Vercel personal access token or Vercel app access token via the 'apiKey' option.

Option 3 - OIDC token:
Run 'npx vercel link' to link your project, then 'vc env pull' to fetch the token.
    at async GET (app/api/models/route.ts:11:24)
   9 |
  10 |   try {
> 11 |     const { models } = await gateway.getAvailableModels();
     |                        ^
  12 |     const language = models
  13 |       .filter((model) => (model.modelType ?? "language") === "language")
  14 |       .map((model) => ({ {
  statusCode: 401,
  generationId: undefined,
  isRetryable: false,
  type: 'authentication_error',
  [cause]: Error [VercelOidcTokenError]: The 'x-vercel-oidc-token' header is missing from the request. Do you have the OIDC option enabled in the Vercel project settings?
  Unable to find project root directory. Have you linked your project with `vc link?`
      at async GET (app/api/models/route.ts:11:24)
     9 |
    10 |   try {
  > 11 |     const { models } = await gateway.getAvailableModels();
       |                        ^
    12 |     const language = models
    13 |       .filter((model) => (model.modelType ?? "language") === "language")
    14 |       .map((model) => ({ {
    cause: undefined
  }
}
 GET /api/models 503 in 3ms (next.js: 0.4ms, application-code: 2ms)
 GET /api/commands 200 in 1.5ms (next.js: 0.4ms, application-code: 1.1ms)
 GET /api/capabilities 200 in 1.2ms (next.js: 0.3ms, application-code: 1.0ms)
 GET /api/threads 200 in 4ms (next.js: 1.3ms, application-code: 3ms)
 GET /api/capabilities 200 in 1.6ms (next.js: 0.4ms, application-code: 1.2ms)
Model catalog failed Error [GatewayAuthenticationError]: AI Gateway authentication failed: No authentication provided.

Option 1 - API key:
Create an API key: https://vercel.com/d?to=%2F%5Bteam%5D%2F%7E%2Fai%2Fapi-keys
Provide via 'apiKey' option or 'AI_GATEWAY_API_KEY' environment variable.

Option 2 - Vercel access token:
Pass a Vercel personal access token or Vercel app access token via the 'apiKey' option.

Option 3 - OIDC token:
Run 'npx vercel link' to link your project, then 'vc env pull' to fetch the token.
    at async GET (app/api/models/route.ts:11:24)
   9 |
  10 |   try {
> 11 |     const { models } = await gateway.getAvailableModels();
     |                        ^
  12 |     const language = models
  13 |       .filter((model) => (model.modelType ?? "language") === "language")
  14 |       .map((model) => ({ {
  statusCode: 401,
  generationId: undefined,
  isRetryable: false,
  type: 'authentication_error',
  [cause]: Error [VercelOidcTokenError]: The 'x-vercel-oidc-token' header is missing from the request. Do you have the OIDC option enabled in the Vercel project settings?
  Unable to find project root directory. Have you linked your project with `vc link?`
      at async GET (app/api/models/route.ts:11:24)
     9 |
    10 |   try {
  > 11 |     const { models } = await gateway.getAvailableModels();
       |                        ^
    12 |     const language = models
    13 |       .filter((model) => (model.modelType ?? "language") === "language")
    14 |       .map((model) => ({ {
    cause: undefined
  }
}
 GET /api/models 503 in 2ms (next.js: 0.3ms, application-code: 1.9ms)
 GET /api/update-check 200 in 1.0ms (next.js: 0.3ms, application-code: 0.7ms)
 GET /api/agents 200 in 16ms (next.js: 0.4ms, application-code: 16ms)
 GET /api/commands 200 in 1.3ms (next.js: 0.4ms, application-code: 0.9ms)
 GET /api/capabilities 200 in 1.8ms (next.js: 0.4ms, application-code: 1.4ms)
 GET /api/threads 200 in 4ms (next.js: 0.3ms, application-code: 4ms)
 GET /api/agents 200 in 4ms (next.js: 0.4ms, application-code: 4ms)
 GET /api/review-schedule 200 in 5ms (next.js: 0.5ms, application-code: 4ms)
 GET /api/automations 200 in 6ms (next.js: 0.5ms, application-code: 6ms)
 GET /api/review-schedule 200 in 4ms (next.js: 0.5ms, application-code: 3ms)
 GET /api/automations 200 in 3ms (next.js: 0.6ms, application-code: 2ms)
 GET /api/threads 200 in 52ms (next.js: 43ms, application-code: 9ms)
 PATCH /api/review-schedule 200 in 20ms (next.js: 4ms, application-code: 16ms)
 GET /manage/review-delivery 200 in 21ms (next.js: 3ms, proxy.ts: 2ms, application-code: 16ms)
[browser] ../../../../../Users/jaywest/Myeve/node_modules/@novnc/novnc/core/util/browser.js
The generated code contains 'async/await' because this module is using "topLevelAwait".
However, your target environment does not appear to support 'async/await'.
As a result, the code may not run as expected or may cause runtime errors.
 GET /api/capabilities 200 in 3ms (next.js: 0.9ms, application-code: 2ms)
 GET /api/update-check 200 in 2ms (next.js: 0.9ms, application-code: 1.5ms)
Model catalog failed Error [GatewayAuthenticationError]: AI Gateway authentication failed: No authentication provided.

Option 1 - API key:
Create an API key: https://vercel.com/d?to=%2F%5Bteam%5D%2F%7E%2Fai%2Fapi-keys
Provide via 'apiKey' option or 'AI_GATEWAY_API_KEY' environment variable.

Option 2 - Vercel access token:
Pass a Vercel personal access token or Vercel app access token via the 'apiKey' option.

Option 3 - OIDC token:
Run 'npx vercel link' to link your project, then 'vc env pull' to fetch the token.
    at async GET (app/api/models/route.ts:11:24)
   9 |
  10 |   try {
> 11 |     const { models } = await gateway.getAvailableModels();
     |                        ^
  12 |     const language = models
  13 |       .filter((model) => (model.modelType ?? "language") === "language")
  14 |       .map((model) => ({ {
  statusCode: 401,
  generationId: undefined,
  isRetryable: false,
  type: 'authentication_error',
  [cause]: Error [VercelOidcTokenError]: The 'x-vercel-oidc-token' header is missing from the request. Do you have the OIDC option enabled in the Vercel project settings?
  Unable to find project root directory. Have you linked your project with `vc link?`
      at async GET (app/api/models/route.ts:11:24)
     9 |
    10 |   try {
  > 11 |     const { models } = await gateway.getAvailableModels();
       |                        ^
    12 |     const language = models
    13 |       .filter((model) => (model.modelType ?? "language") === "language")
    14 |       .map((model) => ({ {
    cause: undefined
  }
}
 GET /api/models 503 in 5ms (next.js: 1.1ms, application-code: 4ms)
 GET /api/commands 200 in 2ms (next.js: 0.8ms, application-code: 1.6ms)
 GET /api/update-check 200 in 1.6ms (next.js: 0.5ms, application-code: 1.1ms)
 GET /api/capabilities 200 in 2ms (next.js: 0.4ms, application-code: 1.6ms)
Model catalog failed Error [GatewayAuthenticationError]: AI Gateway authentication failed: No authentication provided.

Option 1 - API key:
Create an API key: https://vercel.com/d?to=%2F%5Bteam%5D%2F%7E%2Fai%2Fapi-keys
Provide via 'apiKey' option or 'AI_GATEWAY_API_KEY' environment variable.

Option 2 - Vercel access token:
Pass a Vercel personal access token or Vercel app access token via the 'apiKey' option.

Option 3 - OIDC token:
Run 'npx vercel link' to link your project, then 'vc env pull' to fetch the token.
    at async GET (app/api/models/route.ts:11:24)
   9 |
  10 |   try {
> 11 |     const { models } = await gateway.getAvailableModels();
     |                        ^
  12 |     const language = models
  13 |       .filter((model) => (model.modelType ?? "language") === "language")
  14 |       .map((model) => ({ {
  statusCode: 401,
  generationId: undefined,
  isRetryable: false,
  type: 'authentication_error',
  [cause]: Error [VercelOidcTokenError]: The 'x-vercel-oidc-token' header is missing from the request. Do you have the OIDC option enabled in the Vercel project settings?
  Unable to find project root directory. Have you linked your project with `vc link?`
      at async GET (app/api/models/route.ts:11:24)
     9 |
    10 |   try {
  > 11 |     const { models } = await gateway.getAvailableModels();
       |                        ^
    12 |     const language = models
    13 |       .filter((model) => (model.modelType ?? "language") === "language")
    14 |       .map((model) => ({ {
    cause: undefined
  }
}
 GET /api/models 503 in 3ms (next.js: 0.5ms, application-code: 3ms)
 GET /api/threads 200 in 16ms (next.js: 1.9ms, application-code: 14ms)
 GET /api/commands 200 in 2ms (next.js: 0.5ms, application-code: 1.7ms)
 GET /api/agents 200 in 26ms (next.js: 0.8ms, application-code: 25ms)
 GET /api/capabilities 200 in 2ms (next.js: 0.4ms, application-code: 1.8ms)
 GET /api/threads 200 in 3ms (next.js: 0.4ms, application-code: 3ms)
 GET /api/agents 200 in 10ms (next.js: 0.4ms, application-code: 9ms)
 GET /api/review-schedule 200 in 10ms (next.js: 0.5ms, application-code: 9ms)
 GET /api/automations 200 in 11ms (next.js: 0.6ms, application-code: 11ms)
 GET /api/review-schedule 200 in 4ms (next.js: 0.8ms, application-code: 3ms)
 GET /api/automations 200 in 3ms (next.js: 0.6ms, application-code: 2ms)
 PATCH /api/review-schedule 200 in 5ms (next.js: 0.6ms, application-code: 5ms)
⚠ ../../../../../Users/jaywest/Myeve/node_modules/@novnc/novnc/core/util/browser.js
The generated code contains 'async/await' because this module is using "topLevelAwait".
However, your target environment does not appear to support 'async/await'.
As a result, the code may not run as expected or may cause runtime errors.

Import trace for requested module:
../../../../../Users/jaywest/Myeve/node_modules/@novnc/novnc/core/util/browser.js
../../../../../Users/jaywest/Myeve/node_modules/@novnc/novnc/core/rfb.js
./components/computer-viewer.tsx
./components/computer-workspace.tsx
./app/chat.tsx
⚠ ../../../../../Users/jaywest/Myeve/node_modules/@novnc/novnc/core/util/browser.js
The generated code contains 'async/await' because this module is using "topLevelAwait".
However, your target environment does not appear to support 'async/await'.
As a result, the code may not run as expected or may cause runtime errors.

Import trace for requested module:
../../../../../Users/jaywest/Myeve/node_modules/@novnc/novnc/core/util/browser.js
../../../../../Users/jaywest/Myeve/node_modules/@novnc/novnc/core/rfb.js
./components/computer-viewer.tsx
./components/computer-workspace.tsx
./app/chat.tsx
[browser] ../../../../../Users/jaywest/Myeve/node_modules/@novnc/novnc/core/util/browser.js
The generated code contains 'async/await' because this module is using "topLevelAwait".
However, your target environment does not appear to support 'async/await'.
As a result, the code may not run as expected or may cause runtime errors.

Import trace for requested module:
../../../../../Users/jaywest/Myeve/node_modules/@novnc/novnc/core/util/browser.js
../../../../../Users/jaywest/Myeve/node_modules/@novnc/novnc/core/rfb.js
./components/computer-viewer.tsx
./components/computer-workspace.tsx
./app/chat.tsx
 GET /agents 200 in 6.0s (next.js: 5.7s, proxy.ts: 1.4ms, application-code: 228ms)
[browser] ../../../../../Users/jaywest/Myeve/node_modules/@novnc/novnc/core/util/browser.js
The generated code contains 'async/await' because this module is using "topLevelAwait".
However, your target environment does not appear to support 'async/await'.
As a result, the code may not run as expected or may cause runtime errors.
 GET /api/capabilities 200 in 7ms (next.js: 4ms, application-code: 3ms)
Model catalog failed Error [GatewayAuthenticationError]: AI Gateway authentication failed: No authentication provided.

Option 1 - API key:
Create an API key: https://vercel.com/d?to=%2F%5Bteam%5D%2F%7E%2Fai%2Fapi-keys
Provide via 'apiKey' option or 'AI_GATEWAY_API_KEY' environment variable.

Option 2 - Vercel access token:
Pass a Vercel personal access token or Vercel app access token via the 'apiKey' option.

Option 3 - OIDC token:
Run 'npx vercel link' to link your project, then 'vc env pull' to fetch the token.
    at async GET (app/api/models/route.ts:11:24)
   9 |
  10 |   try {
> 11 |     const { models } = await gateway.getAvailableModels();
     |                        ^
  12 |     const language = models
  13 |       .filter((model) => (model.modelType ?? "language") === "language")
  14 |       .map((model) => ({ {
  statusCode: 401,
  generationId: undefined,
  isRetryable: false,
  type: 'authentication_error',
  [cause]: Error [VercelOidcTokenError]: The 'x-vercel-oidc-token' header is missing from the request. Do you have the OIDC option enabled in the Vercel project settings?
  Unable to find project root directory. Have you linked your project with `vc link?`
      at async GET (app/api/models/route.ts:11:24)
     9 |
    10 |   try {
  > 11 |     const { models } = await gateway.getAvailableModels();
       |                        ^
    12 |     const language = models
    13 |       .filter((model) => (model.modelType ?? "language") === "language")
    14 |       .map((model) => ({ {
    cause: undefined
  }
}
 GET /api/models 503 in 40ms (next.js: 3ms, application-code: 36ms)
 GET /api/commands 200 in 69ms (next.js: 4ms, application-code: 65ms)
 GET /api/capabilities 200 in 2.0ms (next.js: 0.5ms, application-code: 1.4ms)
Model catalog failed Error [GatewayAuthenticationError]: AI Gateway authentication failed: No authentication provided.

Option 1 - API key:
Create an API key: https://vercel.com/d?to=%2F%5Bteam%5D%2F%7E%2Fai%2Fapi-keys
Provide via 'apiKey' option or 'AI_GATEWAY_API_KEY' environment variable.

Option 2 - Vercel access token:
Pass a Vercel personal access token or Vercel app access token via the 'apiKey' option.

Option 3 - OIDC token:
Run 'npx vercel link' to link your project, then 'vc env pull' to fetch the token.
    at async GET (app/api/models/route.ts:11:24)
   9 |
  10 |   try {
> 11 |     const { models } = await gateway.getAvailableModels();
     |                        ^
  12 |     const language = models
  13 |       .filter((model) => (model.modelType ?? "language") === "language")
  14 |       .map((model) => ({ {
  statusCode: 401,
  generationId: undefined,
  isRetryable: false,
  type: 'authentication_error',
  [cause]: Error [VercelOidcTokenError]: The 'x-vercel-oidc-token' header is missing from the request. Do you have the OIDC option enabled in the Vercel project settings?
  Unable to find project root directory. Have you linked your project with `vc link?`
      at async GET (app/api/models/route.ts:11:24)
     9 |
    10 |   try {
  > 11 |     const { models } = await gateway.getAvailableModels();
       |                        ^
    12 |     const language = models
    13 |       .filter((model) => (model.modelType ?? "language") === "language")
    14 |       .map((model) => ({ {
    cause: undefined
  }
}
 GET /api/models 503 in 2ms (next.js: 0.3ms, application-code: 2.0ms)
 GET /api/commands 200 in 1.8ms (next.js: 0.5ms, application-code: 1.3ms)
 GET /api/capabilities 200 in 1.5ms (next.js: 0.3ms, application-code: 1.2ms)
 GET /api/agents 200 in 186ms (next.js: 9ms, application-code: 177ms)
 GET /api/threads 200 in 44ms (next.js: 10ms, application-code: 34ms)
 GET /api/threads 200 in 3ms (next.js: 0.4ms, application-code: 2ms)
 GET /api/agents 200 in 7ms (next.js: 0.5ms, application-code: 7ms)
 GET /api/agents 200 in 4ms (next.js: 0.5ms, application-code: 4ms)
 GET /api/agents 200 in 3ms (next.js: 0.3ms, application-code: 3ms)
 GET /agents 200 in 23ms (next.js: 1.2ms, proxy.ts: 1.8ms, application-code: 20ms)
[browser] ../../../../../Users/jaywest/Myeve/node_modules/@novnc/novnc/core/util/browser.js
The generated code contains 'async/await' because this module is using "topLevelAwait".
However, your target environment does not appear to support 'async/await'.
As a result, the code may not run as expected or may cause runtime errors.
 GET /api/capabilities 200 in 4ms (next.js: 0.9ms, application-code: 3ms)
Model catalog failed Error [GatewayAuthenticationError]: AI Gateway authentication failed: No authentication provided.

Option 1 - API key:
Create an API key: https://vercel.com/d?to=%2F%5Bteam%5D%2F%7E%2Fai%2Fapi-keys
Provide via 'apiKey' option or 'AI_GATEWAY_API_KEY' environment variable.

Option 2 - Vercel access token:
Pass a Vercel personal access token or Vercel app access token via the 'apiKey' option.

Option 3 - OIDC token:
Run 'npx vercel link' to link your project, then 'vc env pull' to fetch the token.
    at async GET (app/api/models/route.ts:11:24)
   9 |
  10 |   try {
> 11 |     const { models } = await gateway.getAvailableModels();
     |                        ^
  12 |     const language = models
  13 |       .filter((model) => (model.modelType ?? "language") === "language")
  14 |       .map((model) => ({ {
  statusCode: 401,
  generationId: undefined,
  isRetryable: false,
  type: 'authentication_error',
  [cause]: Error [VercelOidcTokenError]: The 'x-vercel-oidc-token' header is missing from the request. Do you have the OIDC option enabled in the Vercel project settings?
  Unable to find project root directory. Have you linked your project with `vc link?`
      at async GET (app/api/models/route.ts:11:24)
     9 |
    10 |   try {
  > 11 |     const { models } = await gateway.getAvailableModels();
       |                        ^
    12 |     const language = models
    13 |       .filter((model) => (model.modelType ?? "language") === "language")
    14 |       .map((model) => ({ {
    cause: undefined
  }
}
 GET /api/models 503 in 4ms (next.js: 0.8ms, application-code: 4ms)
 GET /api/commands 200 in 3ms (next.js: 0.9ms, application-code: 2ms)
 GET /api/capabilities 200 in 2ms (next.js: 0.5ms, application-code: 1.7ms)
Model catalog failed Error [GatewayAuthenticationError]: AI Gateway authentication failed: No authentication provided.

Option 1 - API key:
Create an API key: https://vercel.com/d?to=%2F%5Bteam%5D%2F%7E%2Fai%2Fapi-keys
Provide via 'apiKey' option or 'AI_GATEWAY_API_KEY' environment variable.

Option 2 - Vercel access token:
Pass a Vercel personal access token or Vercel app access token via the 'apiKey' option.

Option 3 - OIDC token:
Run 'npx vercel link' to link your project, then 'vc env pull' to fetch the token.
    at async GET (app/api/models/route.ts:11:24)
   9 |
  10 |   try {
> 11 |     const { models } = await gateway.getAvailableModels();
     |                        ^
  12 |     const language = models
  13 |       .filter((model) => (model.modelType ?? "language") === "language")
  14 |       .map((model) => ({ {
  statusCode: 401,
  generationId: undefined,
  isRetryable: false,
  type: 'authentication_error',
  [cause]: Error [VercelOidcTokenError]: The 'x-vercel-oidc-token' header is missing from the request. Do you have the OIDC option enabled in the Vercel project settings?
  Unable to find project root directory. Have you linked your project with `vc link?`
      at async GET (app/api/models/route.ts:11:24)
     9 |
    10 |   try {
  > 11 |     const { models } = await gateway.getAvailableModels();
       |                        ^
    12 |     const language = models
    13 |       .filter((model) => (model.modelType ?? "language") === "language")
    14 |       .map((model) => ({ {
    cause: undefined
  }
}
 GET /api/models 503 in 3ms (next.js: 0.5ms, application-code: 2ms)
 GET /api/commands 200 in 4ms (next.js: 1.1ms, application-code: 3ms)
 GET /api/capabilities 200 in 2ms (next.js: 0.6ms, application-code: 1.6ms)
 GET /api/threads 200 in 19ms (next.js: 2ms, application-code: 17ms)
 GET /api/agents 200 in 38ms (next.js: 0.8ms, application-code: 37ms)
 GET /api/threads 200 in 7ms (next.js: 0.7ms, application-code: 6ms)
 GET /api/agents 200 in 9ms (next.js: 0.4ms, application-code: 8ms)
 GET /api/agents 200 in 4ms (next.js: 0.4ms, application-code: 4ms)
 GET /api/agents 200 in 5ms (next.js: 0.4ms, application-code: 5ms)
⚠ ../../../../../Users/jaywest/Myeve/node_modules/@novnc/novnc/core/util/browser.js
The generated code contains 'async/await' because this module is using "topLevelAwait".
However, your target environment does not appear to support 'async/await'.
As a result, the code may not run as expected or may cause runtime errors.

Import trace for requested module:
../../../../../Users/jaywest/Myeve/node_modules/@novnc/novnc/core/util/browser.js
../../../../../Users/jaywest/Myeve/node_modules/@novnc/novnc/core/rfb.js
./components/computer-viewer.tsx
./components/computer-workspace.tsx
./app/chat.tsx
[browser] ../../../../../Users/jaywest/Myeve/node_modules/@novnc/novnc/core/util/browser.js
The generated code contains 'async/await' because this module is using "topLevelAwait".
However, your target environment does not appear to support 'async/await'.
As a result, the code may not run as expected or may cause runtime errors.

Import trace for requested module:
../../../../../Users/jaywest/Myeve/node_modules/@novnc/novnc/core/util/browser.js
../../../../../Users/jaywest/Myeve/node_modules/@novnc/novnc/core/rfb.js
./components/computer-viewer.tsx
./components/computer-workspace.tsx
./app/chat.tsx
⚠ ../../../../../Users/jaywest/Myeve/node_modules/@novnc/novnc/core/util/browser.js
The generated code contains 'async/await' because this module is using "topLevelAwait".
However, your target environment does not appear to support 'async/await'.
As a result, the code may not run as expected or may cause runtime errors.

Import trace for requested module:
../../../../../Users/jaywest/Myeve/node_modules/@novnc/novnc/core/util/browser.js
../../../../../Users/jaywest/Myeve/node_modules/@novnc/novnc/core/rfb.js
./components/computer-viewer.tsx
./components/computer-workspace.tsx
./app/chat.tsx
[browser] ../../../../../Users/jaywest/Myeve/node_modules/@novnc/novnc/core/util/browser.js
The generated code contains 'async/await' because this module is using "topLevelAwait".
However, your target environment does not appear to support 'async/await'.
As a result, the code may not run as expected or may cause runtime errors.

Import trace for requested module:
../../../../../Users/jaywest/Myeve/node_modules/@novnc/novnc/core/util/browser.js
../../../../../Users/jaywest/Myeve/node_modules/@novnc/novnc/core/rfb.js
./components/computer-viewer.tsx
./components/computer-workspace.tsx
./app/chat.tsx
 GET /api/task-runs?threadId=a0aef7b2-b969-4489-b61b-e50ba58b69b6 200 in 3.7s (next.js: 3.7s, application-code: 26ms)
 GET /api/task-runs?threadId=a0aef7b2-b969-4489-b61b-e50ba58b69b6 200 in 3.7s (next.js: 3.7s, application-code: 27ms)
 GET /agents 200 in 312ms (next.js: 48ms, proxy.ts: 47ms, application-code: 218ms)
 PUT /api/threads/a0aef7b2-b969-4489-b61b-e50ba58b69b6 200 in 4.3s (next.js: 4.0s, application-code: 291ms)
[browser] ../../../../../Users/jaywest/Myeve/node_modules/@novnc/novnc/core/util/browser.js
The generated code contains 'async/await' because this module is using "topLevelAwait".
However, your target environment does not appear to support 'async/await'.
As a result, the code may not run as expected or may cause runtime errors.
 GET /api/capabilities 200 in 4ms (next.js: 2ms, application-code: 1.9ms)
Model catalog failed Error [GatewayAuthenticationError]: AI Gateway authentication failed: No authentication provided.

Option 1 - API key:
Create an API key: https://vercel.com/d?to=%2F%5Bteam%5D%2F%7E%2Fai%2Fapi-keys
Provide via 'apiKey' option or 'AI_GATEWAY_API_KEY' environment variable.

Option 2 - Vercel access token:
Pass a Vercel personal access token or Vercel app access token via the 'apiKey' option.

Option 3 - OIDC token:
Run 'npx vercel link' to link your project, then 'vc env pull' to fetch the token.
    at async GET (app/api/models/route.ts:11:24)
   9 |
  10 |   try {
> 11 |     const { models } = await gateway.getAvailableModels();
     |                        ^
  12 |     const language = models
  13 |       .filter((model) => (model.modelType ?? "language") === "language")
  14 |       .map((model) => ({ {
  statusCode: 401,
  generationId: undefined,
  isRetryable: false,
  type: 'authentication_error',
  [cause]: Error [VercelOidcTokenError]: The 'x-vercel-oidc-token' header is missing from the request. Do you have the OIDC option enabled in the Vercel project settings?
  Unable to find project root directory. Have you linked your project with `vc link?`
      at async GET (app/api/models/route.ts:11:24)
     9 |
    10 |   try {
  > 11 |     const { models } = await gateway.getAvailableModels();
       |                        ^
    12 |     const language = models
    13 |       .filter((model) => (model.modelType ?? "language") === "language")
    14 |       .map((model) => ({ {
    cause: undefined
  }
}
 GET /api/models 503 in 22ms (next.js: 3ms, application-code: 20ms)
 GET /api/commands 200 in 56ms (next.js: 4ms, application-code: 52ms)
 GET /api/capabilities 200 in 1.6ms (next.js: 0.3ms, application-code: 1.3ms)
 GET /api/threads 200 in 12ms (next.js: 6ms, application-code: 6ms)
 GET /api/agents 200 in 106ms (next.js: 5ms, application-code: 101ms)
Model catalog failed Error [GatewayAuthenticationError]: AI Gateway authentication failed: No authentication provided.

Option 1 - API key:
Create an API key: https://vercel.com/d?to=%2F%5Bteam%5D%2F%7E%2Fai%2Fapi-keys
Provide via 'apiKey' option or 'AI_GATEWAY_API_KEY' environment variable.

Option 2 - Vercel access token:
Pass a Vercel personal access token or Vercel app access token via the 'apiKey' option.

Option 3 - OIDC token:
Run 'npx vercel link' to link your project, then 'vc env pull' to fetch the token.
    at async GET (app/api/models/route.ts:11:24)
   9 |
  10 |   try {
> 11 |     const { models } = await gateway.getAvailableModels();
     |                        ^
  12 |     const language = models
  13 |       .filter((model) => (model.modelType ?? "language") === "language")
  14 |       .map((model) => ({ {
  statusCode: 401,
  generationId: undefined,
  isRetryable: false,
  type: 'authentication_error',
  [cause]: Error [VercelOidcTokenError]: The 'x-vercel-oidc-token' header is missing from the request. Do you have the OIDC option enabled in the Vercel project settings?
  Unable to find project root directory. Have you linked your project with `vc link?`
      at async GET (app/api/models/route.ts:11:24)
     9 |
    10 |   try {
  > 11 |     const { models } = await gateway.getAvailableModels();
       |                        ^
    12 |     const language = models
    13 |       .filter((model) => (model.modelType ?? "language") === "language")
    14 |       .map((model) => ({ {
    cause: undefined
  }
}
 GET /api/models 503 in 3ms (next.js: 0.4ms, application-code: 2ms)
 GET /api/commands 200 in 1.2ms (next.js: 0.3ms, application-code: 0.9ms)
 GET /api/capabilities 200 in 1.2ms (next.js: 0.3ms, application-code: 1.0ms)
 GET /api/threads 200 in 3ms (next.js: 0.3ms, application-code: 3ms)
 GET /api/agents 200 in 5ms (next.js: 0.3ms, application-code: 5ms)
 GET /api/agents 200 in 4ms (next.js: 0.5ms, application-code: 4ms)
 GET /api/agents 200 in 3ms (next.js: 0.4ms, application-code: 3ms)
 PUT /api/threads/2537904e-cd7e-4154-896b-d43d45c7f13d 200 in 5ms (next.js: 1.6ms, application-code: 3ms)
 GET /api/task-runs?threadId=2537904e-cd7e-4154-896b-d43d45c7f13d 200 in 3ms (next.js: 0.8ms, application-code: 1.9ms)
 GET /api/task-runs?threadId=2537904e-cd7e-4154-896b-d43d45c7f13d 200 in 2ms (next.js: 0.6ms, application-code: 1.9ms)
 GET /agents 200 in 14ms (next.js: 0.9ms, proxy.ts: 2ms, application-code: 11ms)
[browser] ../../../../../Users/jaywest/Myeve/node_modules/@novnc/novnc/core/util/browser.js
The generated code contains 'async/await' because this module is using "topLevelAwait".
However, your target environment does not appear to support 'async/await'.
As a result, the code may not run as expected or may cause runtime errors.
 GET /api/capabilities 200 in 1.4ms (next.js: 0.3ms, application-code: 1.2ms)
Model catalog failed Error [GatewayAuthenticationError]: AI Gateway authentication failed: No authentication provided.

Option 1 - API key:
Create an API key: https://vercel.com/d?to=%2F%5Bteam%5D%2F%7E%2Fai%2Fapi-keys
Provide via 'apiKey' option or 'AI_GATEWAY_API_KEY' environment variable.

Option 2 - Vercel access token:
Pass a Vercel personal access token or Vercel app access token via the 'apiKey' option.

Option 3 - OIDC token:
Run 'npx vercel link' to link your project, then 'vc env pull' to fetch the token.
    at async GET (app/api/models/route.ts:11:24)
   9 |
  10 |   try {
> 11 |     const { models } = await gateway.getAvailableModels();
     |                        ^
  12 |     const language = models
  13 |       .filter((model) => (model.modelType ?? "language") === "language")
  14 |       .map((model) => ({ {
  statusCode: 401,
  generationId: undefined,
  isRetryable: false,
  type: 'authentication_error',
  [cause]: Error [VercelOidcTokenError]: The 'x-vercel-oidc-token' header is missing from the request. Do you have the OIDC option enabled in the Vercel project settings?
  Unable to find project root directory. Have you linked your project with `vc link?`
      at async GET (app/api/models/route.ts:11:24)
     9 |
    10 |   try {
  > 11 |     const { models } = await gateway.getAvailableModels();
       |                        ^
    12 |     const language = models
    13 |       .filter((model) => (model.modelType ?? "language") === "language")
    14 |       .map((model) => ({ {
    cause: undefined
  }
}
 GET /api/models 503 in 3ms (next.js: 0.4ms, application-code: 3ms)
 GET /api/commands 200 in 2.0ms (next.js: 0.5ms, application-code: 1.5ms)
 GET /api/threads 200 in 3ms (next.js: 0.4ms, application-code: 2ms)
 GET /api/agents 200 in 15ms (next.js: 0.5ms, application-code: 15ms)
Model catalog failed Error [GatewayAuthenticationError]: AI Gateway authentication failed: No authentication provided.

Option 1 - API key:
Create an API key: https://vercel.com/d?to=%2F%5Bteam%5D%2F%7E%2Fai%2Fapi-keys
Provide via 'apiKey' option or 'AI_GATEWAY_API_KEY' environment variable.

Option 2 - Vercel access token:
Pass a Vercel personal access token or Vercel app access token via the 'apiKey' option.

Option 3 - OIDC token:
Run 'npx vercel link' to link your project, then 'vc env pull' to fetch the token.
    at async GET (app/api/models/route.ts:11:24)
   9 |
  10 |   try {
> 11 |     const { models } = await gateway.getAvailableModels();
     |                        ^
  12 |     const language = models
  13 |       .filter((model) => (model.modelType ?? "language") === "language")
  14 |       .map((model) => ({ {
  statusCode: 401,
  generationId: undefined,
  isRetryable: false,
  type: 'authentication_error',
  [cause]: Error [VercelOidcTokenError]: The 'x-vercel-oidc-token' header is missing from the request. Do you have the OIDC option enabled in the Vercel project settings?
  Unable to find project root directory. Have you linked your project with `vc link?`
      at async GET (app/api/models/route.ts:11:24)
     9 |
    10 |   try {
  > 11 |     const { models } = await gateway.getAvailableModels();
       |                        ^
    12 |     const language = models
    13 |       .filter((model) => (model.modelType ?? "language") === "language")
    14 |       .map((model) => ({ {
    cause: undefined
  }
}
 GET /api/models 503 in 2ms (next.js: 0.4ms, application-code: 2ms)
 GET /api/commands 200 in 1.2ms (next.js: 0.3ms, application-code: 0.9ms)
 GET /api/capabilities 200 in 2ms (next.js: 0.6ms, application-code: 1.9ms)
 GET /api/threads 200 in 3ms (next.js: 0.5ms, application-code: 3ms)
 GET /api/capabilities 200 in 1.7ms (next.js: 0.3ms, application-code: 1.4ms)
 GET /api/agents 200 in 6ms (next.js: 0.3ms, application-code: 6ms)
 GET /api/agents 200 in 4ms (next.js: 0.5ms, application-code: 4ms)
 GET /api/agents 200 in 5ms (next.js: 0.5ms, application-code: 4ms)
 PUT /api/threads/d3416ebd-ba1d-494c-bad9-4c3e3afb18f4 200 in 5ms (next.js: 1.5ms, application-code: 3ms)
 GET /api/task-runs?threadId=d3416ebd-ba1d-494c-bad9-4c3e3afb18f4 200 in 4ms (next.js: 0.5ms, application-code: 3ms)
 GET /api/task-runs?threadId=d3416ebd-ba1d-494c-bad9-4c3e3afb18f4 200 in 3ms (next.js: 0.5ms, application-code: 2ms)
 GET /agents 200 in 22ms (next.js: 0.6ms, proxy.ts: 1.6ms, application-code: 20ms)
[browser] ../../../../../Users/jaywest/Myeve/node_modules/@novnc/novnc/core/util/browser.js
The generated code contains 'async/await' because this module is using "topLevelAwait".
However, your target environment does not appear to support 'async/await'.
As a result, the code may not run as expected or may cause runtime errors.
 GET /api/capabilities 200 in 2.0ms (next.js: 0.4ms, application-code: 1.5ms)
Model catalog failed Error [GatewayAuthenticationError]: AI Gateway authentication failed: No authentication provided.

Option 1 - API key:
Create an API key: https://vercel.com/d?to=%2F%5Bteam%5D%2F%7E%2Fai%2Fapi-keys
Provide via 'apiKey' option or 'AI_GATEWAY_API_KEY' environment variable.

Option 2 - Vercel access token:
Pass a Vercel personal access token or Vercel app access token via the 'apiKey' option.

Option 3 - OIDC token:
Run 'npx vercel link' to link your project, then 'vc env pull' to fetch the token.
    at async GET (app/api/models/route.ts:11:24)
   9 |
  10 |   try {
> 11 |     const { models } = await gateway.getAvailableModels();
     |                        ^
  12 |     const language = models
  13 |       .filter((model) => (model.modelType ?? "language") === "language")
  14 |       .map((model) => ({ {
  statusCode: 401,
  generationId: undefined,
  isRetryable: false,
  type: 'authentication_error',
  [cause]: Error [VercelOidcTokenError]: The 'x-vercel-oidc-token' header is missing from the request. Do you have the OIDC option enabled in the Vercel project settings?
  Unable to find project root directory. Have you linked your project with `vc link?`
      at async GET (app/api/models/route.ts:11:24)
     9 |
    10 |   try {
  > 11 |     const { models } = await gateway.getAvailableModels();
       |                        ^
    12 |     const language = models
    13 |       .filter((model) => (model.modelType ?? "language") === "language")
    14 |       .map((model) => ({ {
    cause: undefined
  }
}
 GET /api/models 503 in 3ms (next.js: 0.4ms, application-code: 3ms)
 GET /api/commands 200 in 1.4ms (next.js: 0.4ms, application-code: 1.0ms)
 GET /api/threads 200 in 3ms (next.js: 0.4ms, application-code: 2ms)
 GET /api/agents 200 in 14ms (next.js: 0.6ms, application-code: 14ms)
Model catalog failed Error [GatewayAuthenticationError]: AI Gateway authentication failed: No authentication provided.

Option 1 - API key:
Create an API key: https://vercel.com/d?to=%2F%5Bteam%5D%2F%7E%2Fai%2Fapi-keys
Provide via 'apiKey' option or 'AI_GATEWAY_API_KEY' environment variable.

Option 2 - Vercel access token:
Pass a Vercel personal access token or Vercel app access token via the 'apiKey' option.

Option 3 - OIDC token:
Run 'npx vercel link' to link your project, then 'vc env pull' to fetch the token.
    at async GET (app/api/models/route.ts:11:24)
   9 |
  10 |   try {
> 11 |     const { models } = await gateway.getAvailableModels();
     |                        ^
  12 |     const language = models
  13 |       .filter((model) => (model.modelType ?? "language") === "language")
  14 |       .map((model) => ({ {
  statusCode: 401,
  generationId: undefined,
  isRetryable: false,
  type: 'authentication_error',
  [cause]: Error [VercelOidcTokenError]: The 'x-vercel-oidc-token' header is missing from the request. Do you have the OIDC option enabled in the Vercel project settings?
  Unable to find project root directory. Have you linked your project with `vc link?`
      at async GET (app/api/models/route.ts:11:24)
     9 |
    10 |   try {
  > 11 |     const { models } = await gateway.getAvailableModels();
       |                        ^
    12 |     const language = models
    13 |       .filter((model) => (model.modelType ?? "language") === "language")
    14 |       .map((model) => ({ {
    cause: undefined
  }
}
 GET /api/models 503 in 3ms (next.js: 0.5ms, application-code: 3ms)
 GET /api/commands 200 in 1.3ms (next.js: 0.3ms, application-code: 1.0ms)
 GET /api/capabilities 200 in 1.5ms (next.js: 0.3ms, application-code: 1.3ms)
 GET /api/capabilities 200 in 1.5ms (next.js: 0.3ms, application-code: 1.2ms)
 GET /api/threads 200 in 4ms (next.js: 0.3ms, application-code: 4ms)
 GET /api/agents 200 in 6ms (next.js: 0.3ms, application-code: 6ms)
 GET /api/agents 200 in 5ms (next.js: 0.4ms, application-code: 4ms)
 GET /api/agents 200 in 4ms (next.js: 0.4ms, application-code: 4ms)
 PUT /api/threads/29d0b7ca-8399-40da-8fad-f33ec1aafa6d 200 in 4ms (next.js: 1.5ms, application-code: 3ms)
 GET /api/task-runs?threadId=29d0b7ca-8399-40da-8fad-f33ec1aafa6d 200 in 3ms (next.js: 0.5ms, application-code: 2ms)
 GET /api/task-runs?threadId=29d0b7ca-8399-40da-8fad-f33ec1aafa6d 200 in 2ms (next.js: 0.4ms, application-code: 1.6ms)
 GET /api/task-runs?threadId=29d0b7ca-8399-40da-8fad-f33ec1aafa6d 200 in 6ms (next.js: 1.3ms, application-code: 4ms)
 GET /api/task-runs?threadId=29d0b7ca-8399-40da-8fad-f33ec1aafa6d 200 in 7ms (next.js: 1.5ms, application-code: 5ms)
 GET /api/task-runs?threadId=29d0b7ca-8399-40da-8fad-f33ec1aafa6d 200 in 4ms (next.js: 1.1ms, application-code: 3ms)
 GET /api/task-runs?threadId=29d0b7ca-8399-40da-8fad-f33ec1aafa6d 200 in 4ms (next.js: 1.0ms, application-code: 3ms)
 GET /api/task-runs?threadId=29d0b7ca-8399-40da-8fad-f33ec1aafa6d 200 in 5ms (next.js: 1.5ms, application-code: 4ms)
 GET /api/threads 200 in 13ms (next.js: 5ms, application-code: 8ms)
 GET /api/task-runs?threadId=29d0b7ca-8399-40da-8fad-f33ec1aafa6d 200 in 7ms (next.js: 3ms, application-code: 4ms)
 GET /api/task-runs?threadId=29d0b7ca-8399-40da-8fad-f33ec1aafa6d 200 in 11ms (next.js: 1.9ms, application-code: 9ms)
 GET /api/task-runs?threadId=29d0b7ca-8399-40da-8fad-f33ec1aafa6d 200 in 6ms (next.js: 2ms, application-code: 4ms)
 GET /api/task-runs?threadId=29d0b7ca-8399-40da-8fad-f33ec1aafa6d 200 in 9ms (next.js: 1.5ms, application-code: 8ms)
 GET /api/task-runs?threadId=29d0b7ca-8399-40da-8fad-f33ec1aafa6d 200 in 10ms (next.js: 3ms, application-code: 7ms)
 GET /api/task-runs?threadId=29d0b7ca-8399-40da-8fad-f33ec1aafa6d 200 in 16ms (next.js: 8ms, application-code: 8ms)
 GET /api/threads 200 in 7ms (next.js: 1.5ms, application-code: 5ms)
 GET /api/task-runs?threadId=29d0b7ca-8399-40da-8fad-f33ec1aafa6d 200 in 3ms (next.js: 0.5ms, application-code: 2ms)
 GET /api/task-runs?threadId=29d0b7ca-8399-40da-8fad-f33ec1aafa6d 200 in 6ms (next.js: 1.8ms, application-code: 4ms)
 GET /api/task-runs?threadId=29d0b7ca-8399-40da-8fad-f33ec1aafa6d 200 in 7ms (next.js: 1.4ms, application-code: 5ms)
 GET /api/task-runs?threadId=29d0b7ca-8399-40da-8fad-f33ec1aafa6d 200 in 3ms (next.js: 1.1ms, application-code: 2ms)
 GET /api/task-runs?threadId=29d0b7ca-8399-40da-8fad-f33ec1aafa6d 200 in 4ms (next.js: 1.0ms, application-code: 3ms)
 GET /api/task-runs?threadId=29d0b7ca-8399-40da-8fad-f33ec1aafa6d 200 in 7ms (next.js: 3ms, application-code: 4ms)
 GET /api/threads 200 in 6ms (next.js: 3ms, application-code: 3ms)
 GET /api/task-runs?threadId=29d0b7ca-8399-40da-8fad-f33ec1aafa6d 200 in 6ms (next.js: 1.5ms, application-code: 4ms)
error: terminating connection due to administrator command
    at ignore-listed frames {
  length: 116,
  severity: 'FATAL',
  code: '57P01',
  detail: undefined,
  hint: undefined,
  position: undefined,
  internalPosition: undefined,
  internalQuery: undefined,
  where: undefined,
  schema: undefined,
  table: undefined,
  column: undefined,
  dataType: undefined,
  constraint: undefined,
  file: 'postgres.c',
  line: '3317',
  routine: 'ProcessInterrupts',
  client: Client {
    _events: [Object: null prototype] { error: [Function (anonymous)] },
    _eventsCount: 1,
    _maxListeners: undefined,
    connectionParameters: ConnectionParameters {
      user: 'jaywest',
      database: 'postgres',
      port: 55473,
      host: '127.0.0.1',
      binary: false,
      options: undefined,
      ssl: false,
      client_encoding: '',
      replication: undefined,
      isDomainSocket: false,
      application_name: undefined,
      fallback_application_name: undefined,
      statement_timeout: false,
      lock_timeout: false,
      idle_in_transaction_session_timeout: false,
      query_timeout: false,
      connect_timeout: 0
    },
    user: 'jaywest',
    database: 'postgres',
    port: 55473,
    host: '127.0.0.1',
    replication: undefined,
    _Promise: [Function: Promise],
    _types: TypeOverrides { _types: [Object], text: {}, binary: {} },
    _ending: true,
    _ended: false,
    _connecting: false,
    _connected: true,
    _connectionError: false,
    _queryable: false,
    _activeQuery: null,
    enableChannelBinding: false,
    connection: Connection {
      _events: [Object: null prototype],
      _eventsCount: 23,
      _maxListeners: undefined,
      stream: [Socket],
      _keepAlive: false,
      _keepAliveInitialDelayMillis: 0,
      parsedStatements: {},
      ssl: false,
      _ending: true,
      _emitMessage: false,
      _connecting: true,
      Symbol(shapeMode): false,
      Symbol(kCapture): false
    },
    _queryQueue: [],
    binary: false,
    processID: 74976,
    secretKey: 1656592513,
    ssl: false,
    _connectionTimeoutMillis: 0,
    _connectionCallback: null,
    release: [Function (anonymous)],
    readyForQuery: true,
    hasExecuted: true,
    _poolUseCount: 14,
    Symbol(shapeMode): false,
    Symbol(kCapture): false
  }
}
⨯ uncaughtException: error: terminating connection due to administrator command
    at ignore-listed frames {
  length: 116,
  severity: 'FATAL',
  code: '57P01',
  detail: undefined,
  hint: undefined,
  position: undefined,
  internalPosition: undefined,
  internalQuery: undefined,
  where: undefined,
  schema: undefined,
  table: undefined,
  column: undefined,
  dataType: undefined,
  constraint: undefined,
  file: 'postgres.c',
  line: '3317',
  routine: 'ProcessInterrupts',
  client: Client {
    _events: [Object: null prototype] { error: [Function (anonymous)] },
    _eventsCount: 1,
    _maxListeners: undefined,
    connectionParameters: ConnectionParameters {
      user: 'jaywest',
      database: 'postgres',
      port: 55473,
      host: '127.0.0.1',
      binary: false,
      options: undefined,
      ssl: false,
      client_encoding: '',
      replication: undefined,
      isDomainSocket: false,
      application_name: undefined,
      fallback_application_name: undefined,
      statement_timeout: false,
      lock_timeout: false,
      idle_in_transaction_session_timeout: false,
      query_timeout: false,
      connect_timeout: 0
    },
    user: 'jaywest',
    database: 'postgres',
    port: 55473,
    host: '127.0.0.1',
    replication: undefined,
    _Promise: [Function: Promise],
    _types: TypeOverrides { _types: [Object], text: {}, binary: {} },
    _ending: true,
    _ended: false,
    _connecting: false,
    _connected: true,
    _connectionError: false,
    _queryable: false,
    _activeQuery: null,
    enableChannelBinding: false,
    connection: Connection {
      _events: [Object: null prototype],
      _eventsCount: 23,
      _maxListeners: undefined,
      stream: [Socket],
      _keepAlive: false,
      _keepAliveInitialDelayMillis: 0,
      parsedStatements: {},
      ssl: false,
      _ending: true,
      _emitMessage: false,
      _connecting: true,
      Symbol(shapeMode): false,
      Symbol(kCapture): false
    },
    _queryQueue: [],
    binary: false,
    processID: 74976,
    secretKey: 1656592513,
    ssl: false,
    _connectionTimeoutMillis: 0,
    _connectionCallback: null,
    release: [Function (anonymous)],
    readyForQuery: true,
    hasExecuted: true,
    _poolUseCount: 14,
    Symbol(shapeMode): false,
    Symbol(kCapture): false
  }
}
⨯ uncaughtException:  error: terminating connection due to administrator command
    at ignore-listed frames {
  length: 116,
  severity: 'FATAL',
  code: '57P01',
  detail: undefined,
  hint: undefined,
  position: undefined,
  internalPosition: undefined,
  internalQuery: undefined,
  where: undefined,
  schema: undefined,
  table: undefined,
  column: undefined,
  dataType: undefined,
  constraint: undefined,
  file: 'postgres.c',
  line: '3317',
  routine: 'ProcessInterrupts',
  client: Client {
    _events: [Object: null prototype] { error: [Function (anonymous)] },
    _eventsCount: 1,
    _maxListeners: undefined,
    connectionParameters: ConnectionParameters {
      user: 'jaywest',
      database: 'postgres',
      port: 55473,
      host: '127.0.0.1',
      binary: false,
      options: undefined,
      ssl: false,
      client_encoding: '',
      replication: undefined,
      isDomainSocket: false,
      application_name: undefined,
      fallback_application_name: undefined,
      statement_timeout: false,
      lock_timeout: false,
      idle_in_transaction_session_timeout: false,
      query_timeout: false,
      connect_timeout: 0
    },
    user: 'jaywest',
    database: 'postgres',
    port: 55473,
    host: '127.0.0.1',
    replication: undefined,
    _Promise: [Function: Promise],
    _types: TypeOverrides { _types: [Object], text: {}, binary: {} },
    _ending: true,
    _ended: false,
    _connecting: false,
    _connected: true,
    _connectionError: false,
    _queryable: false,
    _activeQuery: null,
    enableChannelBinding: false,
    connection: Connection {
      _events: [Object: null prototype],
      _eventsCount: 23,
      _maxListeners: undefined,
      stream: [Socket],
      _keepAlive: false,
      _keepAliveInitialDelayMillis: 0,
      parsedStatements: {},
      ssl: false,
      _ending: true,
      _emitMessage: false,
      _connecting: true,
      Symbol(shapeMode): false,
      Symbol(kCapture): false
    },
    _queryQueue: [],
    binary: false,
    processID: 74976,
    secretKey: 1656592513,
    ssl: false,
    _connectionTimeoutMillis: 0,
    _connectionCallback: null,
    release: [Function (anonymous)],
    readyForQuery: true,
    hasExecuted: true,
    _poolUseCount: 14,
    Symbol(shapeMode): false,
    Symbol(kCapture): false
  }
}
Task list failed Error [NeonDbError]: Error connecting to database: Error: connect ECONNREFUSED 127.0.0.1:55473
    at <unknown> (NeonDbError: Error connecting to database: Error: connect ECONNREFUSED 127.0.0.1:55473)
    at async listTaskRuns (lib/task-runs.ts:342:17)
    at async GET (app/api/task-runs/route.ts:11:19)
  340 |     filter = " AND thread_id = $2";
  341 |   }
> 342 |   const rows = (await db().query(
      |                 ^
  343 |     `SELECT id FROM task_runs WHERE owner_id = $1${filter}
  344 |      ORDER BY updated_at DESC, id DESC LIMIT 20`,
  345 |     params, {
  severity: undefined,
  code: undefined,
  detail: undefined,
  hint: undefined,
  position: undefined,
  internalPosition: undefined,
  internalQuery: undefined,
  where: undefined,
  schema: undefined,
  table: undefined,
  column: undefined,
  dataType: undefined,
  constraint: undefined,
  file: undefined,
  line: undefined,
  routine: undefined,
  sourceError: Error: connect ECONNREFUSED 127.0.0.1:55473
      at <unknown> (Error: connect ECONNREFUSED 127.0.0.1:55473)
      at async globalThis.fetch (../../local-transport.mjs:10:49)
      at async listTaskRuns (lib/task-runs.ts:342:17)
      at async GET (app/api/task-runs/route.ts:11:19)
    340 |     filter = " AND thread_id = $2";
    341 |   }
  > 342 |   const rows = (await db().query(
        |                 ^
    343 |     `SELECT id FROM task_runs WHERE owner_id = $1${filter}
    344 |      ORDER BY updated_at DESC, id DESC LIMIT 20`,
    345 |     params, {
    errno: -61,
    code: 'ECONNREFUSED',
    syscall: 'connect',
    address: '127.0.0.1',
    port: 55473
  }
}
 GET /api/task-runs?threadId=29d0b7ca-8399-40da-8fad-f33ec1aafa6d 503 in 12ms (next.js: 0.6ms, application-code: 12ms)
⚠ ../../../../../Users/jaywest/Myeve/node_modules/@novnc/novnc/core/util/browser.js
The generated code contains 'async/await' because this module is using "topLevelAwait".
However, your target environment does not appear to support 'async/await'.
As a result, the code may not run as expected or may cause runtime errors.

Import trace for requested module:
../../../../../Users/jaywest/Myeve/node_modules/@novnc/novnc/core/util/browser.js
../../../../../Users/jaywest/Myeve/node_modules/@novnc/novnc/core/rfb.js
./components/computer-viewer.tsx
./components/computer-workspace.tsx
./app/chat.tsx
⚠ ../../../../../Users/jaywest/Myeve/node_modules/@novnc/novnc/core/util/browser.js
The generated code contains 'async/await' because this module is using "topLevelAwait".
However, your target environment does not appear to support 'async/await'.
As a result, the code may not run as expected or may cause runtime errors.

Import trace for requested module:
../../../../../Users/jaywest/Myeve/node_modules/@novnc/novnc/core/util/browser.js
../../../../../Users/jaywest/Myeve/node_modules/@novnc/novnc/core/rfb.js
./components/computer-viewer.tsx
./components/computer-workspace.tsx
./app/chat.tsx
[browser] ../../../../../Users/jaywest/Myeve/node_modules/@novnc/novnc/core/util/browser.js
The generated code contains 'async/await' because this module is using "topLevelAwait".
However, your target environment does not appear to support 'async/await'.
As a result, the code may not run as expected or may cause runtime errors.

Import trace for requested module:
../../../../../Users/jaywest/Myeve/node_modules/@novnc/novnc/core/util/browser.js
../../../../../Users/jaywest/Myeve/node_modules/@novnc/novnc/core/rfb.js
./components/computer-viewer.tsx
./components/computer-workspace.tsx
./app/chat.tsx
 GET /goals 200 in 5.3s (next.js: 5.1s, proxy.ts: 2ms, application-code: 172ms)
[browser] ../../../../../Users/jaywest/Myeve/node_modules/@novnc/novnc/core/util/browser.js
The generated code contains 'async/await' because this module is using "topLevelAwait".
However, your target environment does not appear to support 'async/await'.
As a result, the code may not run as expected or may cause runtime errors.
⚠ ../../../../../Users/jaywest/Myeve/node_modules/@novnc/novnc/core/util/browser.js
The generated code contains 'async/await' because this module is using "topLevelAwait".
However, your target environment does not appear to support 'async/await'.
As a result, the code may not run as expected or may cause runtime errors.

Import trace for requested module:
../../../../../Users/jaywest/Myeve/node_modules/@novnc/novnc/core/util/browser.js
../../../../../Users/jaywest/Myeve/node_modules/@novnc/novnc/core/rfb.js
./components/computer-viewer.tsx
./components/computer-workspace.tsx
./app/chat.tsx
[browser] ../../../../../Users/jaywest/Myeve/node_modules/@novnc/novnc/core/util/browser.js
The generated code contains 'async/await' because this module is using "topLevelAwait".
However, your target environment does not appear to support 'async/await'.
As a result, the code may not run as expected or may cause runtime errors.

Import trace for requested module:
../../../../../Users/jaywest/Myeve/node_modules/@novnc/novnc/core/util/browser.js
../../../../../Users/jaywest/Myeve/node_modules/@novnc/novnc/core/rfb.js
./components/computer-viewer.tsx
./components/computer-workspace.tsx
./app/chat.tsx
⚠ ../../../../../Users/jaywest/Myeve/node_modules/@novnc/novnc/core/util/browser.js
The generated code contains 'async/await' because this module is using "topLevelAwait".
However, your target environment does not appear to support 'async/await'.
As a result, the code may not run as expected or may cause runtime errors.

Import trace for requested module:
../../../../../Users/jaywest/Myeve/node_modules/@novnc/novnc/core/util/browser.js
../../../../../Users/jaywest/Myeve/node_modules/@novnc/novnc/core/rfb.js
./components/computer-viewer.tsx
./components/computer-workspace.tsx
./app/chat.tsx
Model catalog failed Error [GatewayAuthenticationError]: AI Gateway authentication failed: No authentication provided.

Option 1 - API key:
Create an API key: https://vercel.com/d?to=%2F%5Bteam%5D%2F%7E%2Fai%2Fapi-keys
Provide via 'apiKey' option or 'AI_GATEWAY_API_KEY' environment variable.

Option 2 - Vercel access token:
Pass a Vercel personal access token or Vercel app access token via the 'apiKey' option.

Option 3 - OIDC token:
Run 'npx vercel link' to link your project, then 'vc env pull' to fetch the token.
    at async GET (app/api/models/route.ts:11:24)
   9 |
  10 |   try {
> 11 |     const { models } = await gateway.getAvailableModels();
     |                        ^
  12 |     const language = models
  13 |       .filter((model) => (model.modelType ?? "language") === "language")
  14 |       .map((model) => ({ {
  statusCode: 401,
  generationId: undefined,
  isRetryable: false,
  type: 'authentication_error',
  [cause]: Error [VercelOidcTokenError]: The 'x-vercel-oidc-token' header is missing from the request. Do you have the OIDC option enabled in the Vercel project settings?
  Unable to find project root directory. Have you linked your project with `vc link?`
      at async GET (app/api/models/route.ts:11:24)
     9 |
    10 |   try {
  > 11 |     const { models } = await gateway.getAvailableModels();
       |                        ^
    12 |     const language = models
    13 |       .filter((model) => (model.modelType ?? "language") === "language")
    14 |       .map((model) => ({ {
    cause: undefined
  }
}
 GET /api/commands 200 in 2.6s (next.js: 2.5s, application-code: 71ms)
 GET /api/models 503 in 2.7s (next.js: 2.6s, application-code: 72ms)
[browser] ../../../../../Users/jaywest/Myeve/node_modules/@novnc/novnc/core/util/browser.js
The generated code contains 'async/await' because this module is using "topLevelAwait".
However, your target environment does not appear to support 'async/await'.
As a result, the code may not run as expected or may cause runtime errors.

Import trace for requested module:
../../../../../Users/jaywest/Myeve/node_modules/@novnc/novnc/core/util/browser.js
../../../../../Users/jaywest/Myeve/node_modules/@novnc/novnc/core/rfb.js
./components/computer-viewer.tsx
./components/computer-workspace.tsx
./app/chat.tsx
Goal list failed Error [NeonDbError]: Error connecting to database: Error: connect ECONNREFUSED 127.0.0.1:55473
    at <unknown> (NeonDbError: Error connecting to database: Error: connect ECONNREFUSED 127.0.0.1:55473)
    at async listGoals (lib/goals.ts:245:17)
    at async GET (app/api/goals/route.ts:57:19)
  243 |   const query = cleanText(filters.query ?? "", 120);
  244 |   const limit = Math.max(1, Math.min(filters.limit ?? 100, 200));
> 245 |   const rows = (await db().query(
      |                 ^
  246 |     `${GOAL_SUMMARY_SELECT}
  247 |      WHERE g.owner_id = $1
  248 |        AND ($2::text IS NULL OR g.status = $2) {
  severity: undefined,
  code: undefined,
  detail: undefined,
  hint: undefined,
  position: undefined,
  internalPosition: undefined,
  internalQuery: undefined,
  where: undefined,
  schema: undefined,
  table: undefined,
  column: undefined,
  dataType: undefined,
  constraint: undefined,
  file: undefined,
  line: undefined,
  routine: undefined,
  sourceError: Error: connect ECONNREFUSED 127.0.0.1:55473
      at <unknown> (Error: connect ECONNREFUSED 127.0.0.1:55473)
      at async globalThis.fetch (../../local-transport.mjs:10:49)
      at async listGoals (lib/goals.ts:245:17)
      at async GET (app/api/goals/route.ts:57:19)
    243 |   const query = cleanText(filters.query ?? "", 120);
    244 |   const limit = Math.max(1, Math.min(filters.limit ?? 100, 200));
  > 245 |   const rows = (await db().query(
        |                 ^
    246 |     `${GOAL_SUMMARY_SELECT}
    247 |      WHERE g.owner_id = $1
    248 |        AND ($2::text IS NULL OR g.status = $2) {
    errno: -61,
    code: 'ECONNREFUSED',
    syscall: 'connect',
    address: '127.0.0.1',
    port: 55473
  }
}
 GET /api/goals 503 in 2.8s (next.js: 2.7s, application-code: 89ms)
Goal focus failed Error [NeonDbError]: Error connecting to database: Error: connect ECONNREFUSED 127.0.0.1:55473
    at <unknown> (NeonDbError: Error connecting to database: Error: connect ECONNREFUSED 127.0.0.1:55473)
    at async listGoals (lib/goals.ts:245:17)
    at async getFocus (lib/goals.ts:930:17)
    at async GET (app/api/goals/focus/route.ts:16:16)
  243 |   const query = cleanText(filters.query ?? "", 120);
  244 |   const limit = Math.max(1, Math.min(filters.limit ?? 100, 200));
> 245 |   const rows = (await db().query(
      |                 ^
  246 |     `${GOAL_SUMMARY_SELECT}
  247 |      WHERE g.owner_id = $1
  248 |        AND ($2::text IS NULL OR g.status = $2) {
  severity: undefined,
  code: undefined,
  detail: undefined,
  hint: undefined,
  position: undefined,
  internalPosition: undefined,
  internalQuery: undefined,
  where: undefined,
  schema: undefined,
  table: undefined,
  column: undefined,
  dataType: undefined,
  constraint: undefined,
  file: undefined,
  line: undefined,
  routine: undefined,
  sourceError: Error: connect ECONNREFUSED 127.0.0.1:55473
      at <unknown> (Error: connect ECONNREFUSED 127.0.0.1:55473)
      at async globalThis.fetch (../../local-transport.mjs:10:49)
      at async listGoals (lib/goals.ts:245:17)
      at async getFocus (lib/goals.ts:930:17)
      at async GET (app/api/goals/focus/route.ts:16:16)
    243 |   const query = cleanText(filters.query ?? "", 120);
    244 |   const limit = Math.max(1, Math.min(filters.limit ?? 100, 200));
  > 245 |   const rows = (await db().query(
        |                 ^
    246 |     `${GOAL_SUMMARY_SELECT}
    247 |      WHERE g.owner_id = $1
    248 |        AND ($2::text IS NULL OR g.status = $2) {
    errno: -61,
    code: 'ECONNREFUSED',
    syscall: 'connect',
    address: '127.0.0.1',
    port: 55473
  }
}
 GET /api/goals/focus 503 in 2.8s (next.js: 2.7s, application-code: 92ms)
Agent list failed Error [NeonDbError]: Error connecting to database: Error: connect ECONNREFUSED 127.0.0.1:55473
    at <unknown> (NeonDbError: Error connecting to database: Error: connect ECONNREFUSED 127.0.0.1:55473)
    at async ensurePrimaryAgent (lib/agents.ts:179:20)
    at async listAgents (lib/agents.ts:196:3)
    at async GET (app/api/agents/route.ts:12:36)
  177 |
  178 | export async function ensurePrimaryAgent(ownerId: string): Promise<AgentView> {
> 179 |   const existing = await db().query(`SELECT id FROM agents WHERE owner_id = $1 AND is_primary LIMIT 1`, [ownerId]) as Row[];
      |                    ^
  180 |   if (existing[0]) return (await getAgent(ownerId, asText(existing[0].id)))!;
  181 |   const id = `agent_${randomUUID()}`;
  182 |   const slug = await uniqueSlug(ownerId, PRIMARY_AGENT_BOOTSTRAP.name); {
  severity: undefined,
  code: undefined,
  detail: undefined,
  hint: undefined,
  position: undefined,
  internalPosition: undefined,
  internalQuery: undefined,
  where: undefined,
  schema: undefined,
  table: undefined,
  column: undefined,
  dataType: undefined,
  constraint: undefined,
  file: undefined,
  line: undefined,
  routine: undefined,
  sourceError: Error: connect ECONNREFUSED 127.0.0.1:55473
      at <unknown> (Error: connect ECONNREFUSED 127.0.0.1:55473)
      at async globalThis.fetch (../../local-transport.mjs:10:49)
      at async ensurePrimaryAgent (lib/agents.ts:179:20)
      at async listAgents (lib/agents.ts:196:3)
      at async GET (app/api/agents/route.ts:12:36)
    177 |
    178 | export async function ensurePrimaryAgent(ownerId: string): Promise<AgentView> {
  > 179 |   const existing = await db().query(`SELECT id FROM agents WHERE owner_id = $1 AND is_primary LIMIT 1`, [ownerId]) as Row[];
        |                    ^
    180 |   if (existing[0]) return (await getAgent(ownerId, asText(existing[0].id)))!;
    181 |   const id = `agent_${randomUUID()}`;
    182 |   const slug = await uniqueSlug(ownerId, PRIMARY_AGENT_BOOTSTRAP.name); {
    errno: -61,
    code: 'ECONNREFUSED',
    syscall: 'connect',
    address: '127.0.0.1',
    port: 55473
  }
}
 GET /api/agents 503 in 2.7s (next.js: 2.6s, application-code: 95ms)
Thread list failed Error [NeonDbError]: Error connecting to database: Error: connect ECONNREFUSED 127.0.0.1:55473
    at <unknown> (NeonDbError: Error connecting to database: Error: connect ECONNREFUSED 127.0.0.1:55473)
    at async eval (lib/threads-db.ts:17:5)
    at async ensureTable (lib/threads-db.ts:41:3)
    at async listThreads (lib/threads-db.ts:74:3)
    at async GET (app/api/threads/route.ts:12:21)
  15 | async function ensureTable(): Promise<void> {
  16 |   ensured ??= (async () => {
> 17 |     await sql()`
     |     ^
  18 |       CREATE TABLE IF NOT EXISTS web_chat_threads (
  19 |         id text PRIMARY KEY,
  20 |         title text NOT NULL, {
  severity: undefined,
  code: undefined,
  detail: undefined,
  hint: undefined,
  position: undefined,
  internalPosition: undefined,
  internalQuery: undefined,
  where: undefined,
  schema: undefined,
  table: undefined,
  column: undefined,
  dataType: undefined,
  constraint: undefined,
  file: undefined,
  line: undefined,
  routine: undefined,
  sourceError: Error: connect ECONNREFUSED 127.0.0.1:55473
      at <unknown> (Error: connect ECONNREFUSED 127.0.0.1:55473)
      at async globalThis.fetch (../../local-transport.mjs:10:49)
      at async eval (lib/threads-db.ts:17:5)
      at async ensureTable (lib/threads-db.ts:41:3)
      at async listThreads (lib/threads-db.ts:74:3)
      at async GET (app/api/threads/route.ts:12:21)
    15 | async function ensureTable(): Promise<void> {
    16 |   ensured ??= (async () => {
  > 17 |     await sql()`
       |     ^
    18 |       CREATE TABLE IF NOT EXISTS web_chat_threads (
    19 |         id text PRIMARY KEY,
    20 |         title text NOT NULL, {
    errno: -61,
    code: 'ECONNREFUSED',
    syscall: 'connect',
    address: '127.0.0.1',
    port: 55473
  }
}
 GET /api/threads 503 in 1338ms (next.js: 1241ms, application-code: 97ms)
 GET /api/capabilities 200 in 2ms (next.js: 0.5ms, application-code: 1.6ms)
 GET /api/commands 200 in 2ms (next.js: 0.3ms, application-code: 1.8ms)
Model catalog failed Error [GatewayAuthenticationError]: AI Gateway authentication failed: No authentication provided.

Option 1 - API key:
Create an API key: https://vercel.com/d?to=%2F%5Bteam%5D%2F%7E%2Fai%2Fapi-keys
Provide via 'apiKey' option or 'AI_GATEWAY_API_KEY' environment variable.

Option 2 - Vercel access token:
Pass a Vercel personal access token or Vercel app access token via the 'apiKey' option.

Option 3 - OIDC token:
Run 'npx vercel link' to link your project, then 'vc env pull' to fetch the token.
    at async GET (app/api/models/route.ts:11:24)
   9 |
  10 |   try {
> 11 |     const { models } = await gateway.getAvailableModels();
     |                        ^
  12 |     const language = models
  13 |       .filter((model) => (model.modelType ?? "language") === "language")
  14 |       .map((model) => ({ {
  statusCode: 401,
  generationId: undefined,
  isRetryable: false,
  type: 'authentication_error',
  [cause]: Error [VercelOidcTokenError]: The 'x-vercel-oidc-token' header is missing from the request. Do you have the OIDC option enabled in the Vercel project settings?
  Unable to find project root directory. Have you linked your project with `vc link?`
      at async GET (app/api/models/route.ts:11:24)
     9 |
    10 |   try {
  > 11 |     const { models } = await gateway.getAvailableModels();
       |                        ^
    12 |     const language = models
    13 |       .filter((model) => (model.modelType ?? "language") === "language")
    14 |       .map((model) => ({ {
    cause: undefined
  }
}
 GET /api/models 503 in 3ms (next.js: 0.4ms, application-code: 2ms)
Goal list failed Error [NeonDbError]: Error connecting to database: Error: connect ECONNREFUSED 127.0.0.1:55473
    at <unknown> (NeonDbError: Error connecting to database: Error: connect ECONNREFUSED 127.0.0.1:55473)
    at async listGoals (lib/goals.ts:245:17)
    at async GET (app/api/goals/route.ts:57:19)
  243 |   const query = cleanText(filters.query ?? "", 120);
  244 |   const limit = Math.max(1, Math.min(filters.limit ?? 100, 200));
> 245 |   const rows = (await db().query(
      |                 ^
  246 |     `${GOAL_SUMMARY_SELECT}
  247 |      WHERE g.owner_id = $1
  248 |        AND ($2::text IS NULL OR g.status = $2) {
  severity: undefined,
  code: undefined,
  detail: undefined,
  hint: undefined,
  position: undefined,
  internalPosition: undefined,
  internalQuery: undefined,
  where: undefined,
  schema: undefined,
  table: undefined,
  column: undefined,
  dataType: undefined,
  constraint: undefined,
  file: undefined,
  line: undefined,
  routine: undefined,
  sourceError: Error: connect ECONNREFUSED 127.0.0.1:55473
      at <unknown> (Error: connect ECONNREFUSED 127.0.0.1:55473)
      at async globalThis.fetch (../../local-transport.mjs:10:49)
      at async listGoals (lib/goals.ts:245:17)
      at async GET (app/api/goals/route.ts:57:19)
    243 |   const query = cleanText(filters.query ?? "", 120);
    244 |   const limit = Math.max(1, Math.min(filters.limit ?? 100, 200));
  > 245 |   const rows = (await db().query(
        |                 ^
    246 |     `${GOAL_SUMMARY_SELECT}
    247 |      WHERE g.owner_id = $1
    248 |        AND ($2::text IS NULL OR g.status = $2) {
    errno: -61,
    code: 'ECONNREFUSED',
    syscall: 'connect',
    address: '127.0.0.1',
    port: 55473
  }
}
 GET /api/goals 503 in 7ms (next.js: 0.4ms, application-code: 6ms)
Goal focus failed Error [NeonDbError]: Error connecting to database: Error: connect ECONNREFUSED 127.0.0.1:55473
    at <unknown> (NeonDbError: Error connecting to database: Error: connect ECONNREFUSED 127.0.0.1:55473)
    at async listGoals (lib/goals.ts:245:17)
    at async getFocus (lib/goals.ts:930:17)
    at async GET (app/api/goals/focus/route.ts:16:16)
  243 |   const query = cleanText(filters.query ?? "", 120);
  244 |   const limit = Math.max(1, Math.min(filters.limit ?? 100, 200));
> 245 |   const rows = (await db().query(
      |                 ^
  246 |     `${GOAL_SUMMARY_SELECT}
  247 |      WHERE g.owner_id = $1
  248 |        AND ($2::text IS NULL OR g.status = $2) {
  severity: undefined,
  code: undefined,
  detail: undefined,
  hint: undefined,
  position: undefined,
  internalPosition: undefined,
  internalQuery: undefined,
  where: undefined,
  schema: undefined,
  table: undefined,
  column: undefined,
  dataType: undefined,
  constraint: undefined,
  file: undefined,
  line: undefined,
  routine: undefined,
  sourceError: Error: connect ECONNREFUSED 127.0.0.1:55473
      at <unknown> (Error: connect ECONNREFUSED 127.0.0.1:55473)
      at async globalThis.fetch (../../local-transport.mjs:10:49)
      at async listGoals (lib/goals.ts:245:17)
      at async getFocus (lib/goals.ts:930:17)
      at async GET (app/api/goals/focus/route.ts:16:16)
    243 |   const query = cleanText(filters.query ?? "", 120);
    244 |   const limit = Math.max(1, Math.min(filters.limit ?? 100, 200));
  > 245 |   const rows = (await db().query(
        |                 ^
    246 |     `${GOAL_SUMMARY_SELECT}
    247 |      WHERE g.owner_id = $1
    248 |        AND ($2::text IS NULL OR g.status = $2) {
    errno: -61,
    code: 'ECONNREFUSED',
    syscall: 'connect',
    address: '127.0.0.1',
    port: 55473
  }
}
 GET /api/goals/focus 503 in 7ms (next.js: 0.3ms, application-code: 7ms)
Thread list failed Error [NeonDbError]: Error connecting to database: Error: connect ECONNREFUSED 127.0.0.1:55473
    at <unknown> (NeonDbError: Error connecting to database: Error: connect ECONNREFUSED 127.0.0.1:55473)
    at async eval (lib/threads-db.ts:17:5)
    at async ensureTable (lib/threads-db.ts:41:3)
    at async listThreads (lib/threads-db.ts:74:3)
    at async GET (app/api/threads/route.ts:12:21)
  15 | async function ensureTable(): Promise<void> {
  16 |   ensured ??= (async () => {
> 17 |     await sql()`
     |     ^
  18 |       CREATE TABLE IF NOT EXISTS web_chat_threads (
  19 |         id text PRIMARY KEY,
  20 |         title text NOT NULL, {
  severity: undefined,
  code: undefined,
  detail: undefined,
  hint: undefined,
  position: undefined,
  internalPosition: undefined,
  internalQuery: undefined,
  where: undefined,
  schema: undefined,
  table: undefined,
  column: undefined,
  dataType: undefined,
  constraint: undefined,
  file: undefined,
  line: undefined,
  routine: undefined,
  sourceError: Error: connect ECONNREFUSED 127.0.0.1:55473
      at <unknown> (Error: connect ECONNREFUSED 127.0.0.1:55473)
      at async globalThis.fetch (../../local-transport.mjs:10:49)
      at async eval (lib/threads-db.ts:17:5)
      at async ensureTable (lib/threads-db.ts:41:3)
      at async listThreads (lib/threads-db.ts:74:3)
      at async GET (app/api/threads/route.ts:12:21)
    15 | async function ensureTable(): Promise<void> {
    16 |   ensured ??= (async () => {
  > 17 |     await sql()`
       |     ^
    18 |       CREATE TABLE IF NOT EXISTS web_chat_threads (
    19 |         id text PRIMARY KEY,
    20 |         title text NOT NULL, {
    errno: -61,
    code: 'ECONNREFUSED',
    syscall: 'connect',
    address: '127.0.0.1',
    port: 55473
  }
}
 GET /api/threads 503 in 3ms (next.js: 0.4ms, application-code: 2ms)
Agent list failed Error [NeonDbError]: Error connecting to database: Error: connect ECONNREFUSED 127.0.0.1:55473
    at <unknown> (NeonDbError: Error connecting to database: Error: connect ECONNREFUSED 127.0.0.1:55473)
    at async ensurePrimaryAgent (lib/agents.ts:179:20)
    at async listAgents (lib/agents.ts:196:3)
    at async GET (app/api/agents/route.ts:12:36)
  177 |
  178 | export async function ensurePrimaryAgent(ownerId: string): Promise<AgentView> {
> 179 |   const existing = await db().query(`SELECT id FROM agents WHERE owner_id = $1 AND is_primary LIMIT 1`, [ownerId]) as Row[];
      |                    ^
  180 |   if (existing[0]) return (await getAgent(ownerId, asText(existing[0].id)))!;
  181 |   const id = `agent_${randomUUID()}`;
  182 |   const slug = await uniqueSlug(ownerId, PRIMARY_AGENT_BOOTSTRAP.name); {
  severity: undefined,
  code: undefined,
  detail: undefined,
  hint: undefined,
  position: undefined,
  internalPosition: undefined,
  internalQuery: undefined,
  where: undefined,
  schema: undefined,
  table: undefined,
  column: undefined,
  dataType: undefined,
  constraint: undefined,
  file: undefined,
  line: undefined,
  routine: undefined,
  sourceError: Error: connect ECONNREFUSED 127.0.0.1:55473
      at <unknown> (Error: connect ECONNREFUSED 127.0.0.1:55473)
      at async globalThis.fetch (../../local-transport.mjs:10:49)
      at async ensurePrimaryAgent (lib/agents.ts:179:20)
      at async listAgents (lib/agents.ts:196:3)
      at async GET (app/api/agents/route.ts:12:36)
    177 |
    178 | export async function ensurePrimaryAgent(ownerId: string): Promise<AgentView> {
  > 179 |   const existing = await db().query(`SELECT id FROM agents WHERE owner_id = $1 AND is_primary LIMIT 1`, [ownerId]) as Row[];
        |                    ^
    180 |   if (existing[0]) return (await getAgent(ownerId, asText(existing[0].id)))!;
    181 |   const id = `agent_${randomUUID()}`;
    182 |   const slug = await uniqueSlug(ownerId, PRIMARY_AGENT_BOOTSTRAP.name); {
    errno: -61,
    code: 'ECONNREFUSED',
    syscall: 'connect',
    address: '127.0.0.1',
    port: 55473
  }
}
 GET /api/agents 503 in 10ms (next.js: 0.5ms, application-code: 9ms)
Goal list failed Error [NeonDbError]: Error connecting to database: Error: connect ECONNREFUSED 127.0.0.1:55473
    at <unknown> (NeonDbError: Error connecting to database: Error: connect ECONNREFUSED 127.0.0.1:55473)
    at async listGoals (lib/goals.ts:245:17)
    at async GET (app/api/goals/route.ts:57:19)
  243 |   const query = cleanText(filters.query ?? "", 120);
  244 |   const limit = Math.max(1, Math.min(filters.limit ?? 100, 200));
> 245 |   const rows = (await db().query(
      |                 ^
  246 |     `${GOAL_SUMMARY_SELECT}
  247 |      WHERE g.owner_id = $1
  248 |        AND ($2::text IS NULL OR g.status = $2) {
  severity: undefined,
  code: undefined,
  detail: undefined,
  hint: undefined,
  position: undefined,
  internalPosition: undefined,
  internalQuery: undefined,
  where: undefined,
  schema: undefined,
  table: undefined,
  column: undefined,
  dataType: undefined,
  constraint: undefined,
  file: undefined,
  line: undefined,
  routine: undefined,
  sourceError: Error: connect ECONNREFUSED 127.0.0.1:55473
      at <unknown> (Error: connect ECONNREFUSED 127.0.0.1:55473)
      at async globalThis.fetch (../../local-transport.mjs:10:49)
      at async listGoals (lib/goals.ts:245:17)
      at async GET (app/api/goals/route.ts:57:19)
    243 |   const query = cleanText(filters.query ?? "", 120);
    244 |   const limit = Math.max(1, Math.min(filters.limit ?? 100, 200));
  > 245 |   const rows = (await db().query(
        |                 ^
    246 |     `${GOAL_SUMMARY_SELECT}
    247 |      WHERE g.owner_id = $1
    248 |        AND ($2::text IS NULL OR g.status = $2) {
    errno: -61,
    code: 'ECONNREFUSED',
    syscall: 'connect',
    address: '127.0.0.1',
    port: 55473
  }
}
 GET /api/goals 503 in 4ms (next.js: 0.5ms, application-code: 4ms)
Goal list failed Error [NeonDbError]: Error connecting to database: Error: connect ECONNREFUSED 127.0.0.1:55473
    at <unknown> (NeonDbError: Error connecting to database: Error: connect ECONNREFUSED 127.0.0.1:55473)
    at async listGoals (lib/goals.ts:245:17)
    at async GET (app/api/goals/route.ts:57:19)
  243 |   const query = cleanText(filters.query ?? "", 120);
  244 |   const limit = Math.max(1, Math.min(filters.limit ?? 100, 200));
> 245 |   const rows = (await db().query(
      |                 ^
  246 |     `${GOAL_SUMMARY_SELECT}
  247 |      WHERE g.owner_id = $1
  248 |        AND ($2::text IS NULL OR g.status = $2) {
  severity: undefined,
  code: undefined,
  detail: undefined,
  hint: undefined,
  position: undefined,
  internalPosition: undefined,
  internalQuery: undefined,
  where: undefined,
  schema: undefined,
  table: undefined,
  column: undefined,
  dataType: undefined,
  constraint: undefined,
  file: undefined,
  line: undefined,
  routine: undefined,
  sourceError: Error: connect ECONNREFUSED 127.0.0.1:55473
      at <unknown> (Error: connect ECONNREFUSED 127.0.0.1:55473)
      at async globalThis.fetch (../../local-transport.mjs:10:49)
      at async listGoals (lib/goals.ts:245:17)
      at async GET (app/api/goals/route.ts:57:19)
    243 |   const query = cleanText(filters.query ?? "", 120);
    244 |   const limit = Math.max(1, Math.min(filters.limit ?? 100, 200));
  > 245 |   const rows = (await db().query(
        |                 ^
    246 |     `${GOAL_SUMMARY_SELECT}
    247 |      WHERE g.owner_id = $1
    248 |        AND ($2::text IS NULL OR g.status = $2) {
    errno: -61,
    code: 'ECONNREFUSED',
    syscall: 'connect',
    address: '127.0.0.1',
    port: 55473
  }
}
 GET /api/goals 503 in 5ms (next.js: 0.5ms, application-code: 5ms)
Goal focus failed Error [NeonDbError]: Error connecting to database: Error: connect ECONNREFUSED 127.0.0.1:55473
    at <unknown> (NeonDbError: Error connecting to database: Error: connect ECONNREFUSED 127.0.0.1:55473)
    at async listGoals (lib/goals.ts:245:17)
    at async getFocus (lib/goals.ts:930:17)
    at async GET (app/api/goals/focus/route.ts:16:16)
  243 |   const query = cleanText(filters.query ?? "", 120);
  244 |   const limit = Math.max(1, Math.min(filters.limit ?? 100, 200));
> 245 |   const rows = (await db().query(
      |                 ^
  246 |     `${GOAL_SUMMARY_SELECT}
  247 |      WHERE g.owner_id = $1
  248 |        AND ($2::text IS NULL OR g.status = $2) {
  severity: undefined,
  code: undefined,
  detail: undefined,
  hint: undefined,
  position: undefined,
  internalPosition: undefined,
  internalQuery: undefined,
  where: undefined,
  schema: undefined,
  table: undefined,
  column: undefined,
  dataType: undefined,
  constraint: undefined,
  file: undefined,
  line: undefined,
  routine: undefined,
  sourceError: Error: connect ECONNREFUSED 127.0.0.1:55473
      at <unknown> (Error: connect ECONNREFUSED 127.0.0.1:55473)
      at async globalThis.fetch (../../local-transport.mjs:10:49)
      at async listGoals (lib/goals.ts:245:17)
      at async getFocus (lib/goals.ts:930:17)
      at async GET (app/api/goals/focus/route.ts:16:16)
    243 |   const query = cleanText(filters.query ?? "", 120);
    244 |   const limit = Math.max(1, Math.min(filters.limit ?? 100, 200));
  > 245 |   const rows = (await db().query(
        |                 ^
    246 |     `${GOAL_SUMMARY_SELECT}
    247 |      WHERE g.owner_id = $1
    248 |        AND ($2::text IS NULL OR g.status = $2) {
    errno: -61,
    code: 'ECONNREFUSED',
    syscall: 'connect',
    address: '127.0.0.1',
    port: 55473
  }
}
 GET /api/goals/focus 503 in 5ms (next.js: 0.3ms, application-code: 5ms)
Thread list failed Error [NeonDbError]: Error connecting to database: Error: connect ECONNREFUSED 127.0.0.1:55473
    at <unknown> (NeonDbError: Error connecting to database: Error: connect ECONNREFUSED 127.0.0.1:55473)
    at async eval (lib/threads-db.ts:17:5)
    at async ensureTable (lib/threads-db.ts:41:3)
    at async listThreads (lib/threads-db.ts:74:3)
    at async GET (app/api/threads/route.ts:12:21)
  15 | async function ensureTable(): Promise<void> {
  16 |   ensured ??= (async () => {
> 17 |     await sql()`
     |     ^
  18 |       CREATE TABLE IF NOT EXISTS web_chat_threads (
  19 |         id text PRIMARY KEY,
  20 |         title text NOT NULL, {
  severity: undefined,
  code: undefined,
  detail: undefined,
  hint: undefined,
  position: undefined,
  internalPosition: undefined,
  internalQuery: undefined,
  where: undefined,
  schema: undefined,
  table: undefined,
  column: undefined,
  dataType: undefined,
  constraint: undefined,
  file: undefined,
  line: undefined,
  routine: undefined,
  sourceError: Error: connect ECONNREFUSED 127.0.0.1:55473
      at <unknown> (Error: connect ECONNREFUSED 127.0.0.1:55473)
      at async globalThis.fetch (../../local-transport.mjs:10:49)
      at async eval (lib/threads-db.ts:17:5)
      at async ensureTable (lib/threads-db.ts:41:3)
      at async listThreads (lib/threads-db.ts:74:3)
      at async GET (app/api/threads/route.ts:12:21)
    15 | async function ensureTable(): Promise<void> {
    16 |   ensured ??= (async () => {
  > 17 |     await sql()`
       |     ^
    18 |       CREATE TABLE IF NOT EXISTS web_chat_threads (
    19 |         id text PRIMARY KEY,
    20 |         title text NOT NULL, {
    errno: -61,
    code: 'ECONNREFUSED',
    syscall: 'connect',
    address: '127.0.0.1',
    port: 55473
  }
}
 GET /api/threads 503 in 7ms (next.js: 1.1ms, application-code: 6ms)
Goal list failed Error [NeonDbError]: Error connecting to database: Error: connect ECONNREFUSED 127.0.0.1:55473
    at <unknown> (NeonDbError: Error connecting to database: Error: connect ECONNREFUSED 127.0.0.1:55473)
    at async listGoals (lib/goals.ts:245:17)
    at async GET (app/api/goals/route.ts:57:19)
  243 |   const query = cleanText(filters.query ?? "", 120);
  244 |   const limit = Math.max(1, Math.min(filters.limit ?? 100, 200));
> 245 |   const rows = (await db().query(
      |                 ^
  246 |     `${GOAL_SUMMARY_SELECT}
  247 |      WHERE g.owner_id = $1
  248 |        AND ($2::text IS NULL OR g.status = $2) {
  severity: undefined,
  code: undefined,
  detail: undefined,
  hint: undefined,
  position: undefined,
  internalPosition: undefined,
  internalQuery: undefined,
  where: undefined,
  schema: undefined,
  table: undefined,
  column: undefined,
  dataType: undefined,
  constraint: undefined,
  file: undefined,
  line: undefined,
  routine: undefined,
  sourceError: Error: connect ECONNREFUSED 127.0.0.1:55473
      at <unknown> (Error: connect ECONNREFUSED 127.0.0.1:55473)
      at async globalThis.fetch (../../local-transport.mjs:10:49)
      at async listGoals (lib/goals.ts:245:17)
      at async GET (app/api/goals/route.ts:57:19)
    243 |   const query = cleanText(filters.query ?? "", 120);
    244 |   const limit = Math.max(1, Math.min(filters.limit ?? 100, 200));
  > 245 |   const rows = (await db().query(
        |                 ^
    246 |     `${GOAL_SUMMARY_SELECT}
    247 |      WHERE g.owner_id = $1
    248 |        AND ($2::text IS NULL OR g.status = $2) {
    errno: -61,
    code: 'ECONNREFUSED',
    syscall: 'connect',
    address: '127.0.0.1',
    port: 55473
  }
}
 GET /api/goals 503 in 5ms (next.js: 1.2ms, application-code: 4ms)
Goal list failed Error [NeonDbError]: Error connecting to database: Error: connect ECONNREFUSED 127.0.0.1:55473
    at <unknown> (NeonDbError: Error connecting to database: Error: connect ECONNREFUSED 127.0.0.1:55473)
    at async listGoals (lib/goals.ts:245:17)
    at async GET (app/api/goals/route.ts:57:19)
  243 |   const query = cleanText(filters.query ?? "", 120);
  244 |   const limit = Math.max(1, Math.min(filters.limit ?? 100, 200));
> 245 |   const rows = (await db().query(
      |                 ^
  246 |     `${GOAL_SUMMARY_SELECT}
  247 |      WHERE g.owner_id = $1
  248 |        AND ($2::text IS NULL OR g.status = $2) {
  severity: undefined,
  code: undefined,
  detail: undefined,
  hint: undefined,
  position: undefined,
  internalPosition: undefined,
  internalQuery: undefined,
  where: undefined,
  schema: undefined,
  table: undefined,
  column: undefined,
  dataType: undefined,
  constraint: undefined,
  file: undefined,
  line: undefined,
  routine: undefined,
  sourceError: Error: connect ECONNREFUSED 127.0.0.1:55473
      at <unknown> (Error: connect ECONNREFUSED 127.0.0.1:55473)
      at async globalThis.fetch (../../local-transport.mjs:10:49)
      at async listGoals (lib/goals.ts:245:17)
      at async GET (app/api/goals/route.ts:57:19)
    243 |   const query = cleanText(filters.query ?? "", 120);
    244 |   const limit = Math.max(1, Math.min(filters.limit ?? 100, 200));
  > 245 |   const rows = (await db().query(
        |                 ^
    246 |     `${GOAL_SUMMARY_SELECT}
    247 |      WHERE g.owner_id = $1
    248 |        AND ($2::text IS NULL OR g.status = $2) {
    errno: -61,
    code: 'ECONNREFUSED',
    syscall: 'connect',
    address: '127.0.0.1',
    port: 55473
  }
}
 GET /api/goals 503 in 29ms (next.js: 0.5ms, application-code: 29ms)
Goal focus failed Error [NeonDbError]: Error connecting to database: Error: connect ECONNREFUSED 127.0.0.1:55473
    at <unknown> (NeonDbError: Error connecting to database: Error: connect ECONNREFUSED 127.0.0.1:55473)
    at async listGoals (lib/goals.ts:245:17)
    at async getFocus (lib/goals.ts:930:17)
    at async GET (app/api/goals/focus/route.ts:16:16)
  243 |   const query = cleanText(filters.query ?? "", 120);
  244 |   const limit = Math.max(1, Math.min(filters.limit ?? 100, 200));
> 245 |   const rows = (await db().query(
      |                 ^
  246 |     `${GOAL_SUMMARY_SELECT}
  247 |      WHERE g.owner_id = $1
  248 |        AND ($2::text IS NULL OR g.status = $2) {
  severity: undefined,
  code: undefined,
  detail: undefined,
  hint: undefined,
  position: undefined,
  internalPosition: undefined,
  internalQuery: undefined,
  where: undefined,
  schema: undefined,
  table: undefined,
  column: undefined,
  dataType: undefined,
  constraint: undefined,
  file: undefined,
  line: undefined,
  routine: undefined,
  sourceError: Error: connect ECONNREFUSED 127.0.0.1:55473
      at <unknown> (Error: connect ECONNREFUSED 127.0.0.1:55473)
      at async globalThis.fetch (../../local-transport.mjs:10:49)
      at async listGoals (lib/goals.ts:245:17)
      at async getFocus (lib/goals.ts:930:17)
      at async GET (app/api/goals/focus/route.ts:16:16)
    243 |   const query = cleanText(filters.query ?? "", 120);
    244 |   const limit = Math.max(1, Math.min(filters.limit ?? 100, 200));
  > 245 |   const rows = (await db().query(
        |                 ^
    246 |     `${GOAL_SUMMARY_SELECT}
    247 |      WHERE g.owner_id = $1
    248 |        AND ($2::text IS NULL OR g.status = $2) {
    errno: -61,
    code: 'ECONNREFUSED',
    syscall: 'connect',
    address: '127.0.0.1',
    port: 55473
  }
}
 GET /api/goals/focus 503 in 30ms (next.js: 0.5ms, application-code: 29ms)
 GET /api/goals 200 in 103ms (next.js: 4ms, application-code: 100ms)
 GET /api/goals/focus 200 in 141ms (next.js: 1.1ms, application-code: 140ms)
⚠ ../../../../../Users/jaywest/Myeve/node_modules/@novnc/novnc/core/util/browser.js
The generated code contains 'async/await' because this module is using "topLevelAwait".
However, your target environment does not appear to support 'async/await'.
As a result, the code may not run as expected or may cause runtime errors.

Import trace for requested module:
../../../../../Users/jaywest/Myeve/node_modules/@novnc/novnc/core/util/browser.js
../../../../../Users/jaywest/Myeve/node_modules/@novnc/novnc/core/rfb.js
./components/computer-viewer.tsx
./components/computer-workspace.tsx
./app/chat.tsx
[browser] ../../../../../Users/jaywest/Myeve/node_modules/@novnc/novnc/core/util/browser.js
The generated code contains 'async/await' because this module is using "topLevelAwait".
However, your target environment does not appear to support 'async/await'.
As a result, the code may not run as expected or may cause runtime errors.

Import trace for requested module:
../../../../../Users/jaywest/Myeve/node_modules/@novnc/novnc/core/util/browser.js
../../../../../Users/jaywest/Myeve/node_modules/@novnc/novnc/core/rfb.js
./components/computer-viewer.tsx
./components/computer-workspace.tsx
./app/chat.tsx
⚠ ../../../../../Users/jaywest/Myeve/node_modules/@novnc/novnc/core/util/browser.js
The generated code contains 'async/await' because this module is using "topLevelAwait".
However, your target environment does not appear to support 'async/await'.
As a result, the code may not run as expected or may cause runtime errors.

Import trace for requested module:
../../../../../Users/jaywest/Myeve/node_modules/@novnc/novnc/core/util/browser.js
../../../../../Users/jaywest/Myeve/node_modules/@novnc/novnc/core/rfb.js
./components/computer-viewer.tsx
./components/computer-workspace.tsx
./app/chat.tsx
[browser] ../../../../../Users/jaywest/Myeve/node_modules/@novnc/novnc/core/util/browser.js
The generated code contains 'async/await' because this module is using "topLevelAwait".
However, your target environment does not appear to support 'async/await'.
As a result, the code may not run as expected or may cause runtime errors.

Import trace for requested module:
../../../../../Users/jaywest/Myeve/node_modules/@novnc/novnc/core/util/browser.js
../../../../../Users/jaywest/Myeve/node_modules/@novnc/novnc/core/rfb.js
./components/computer-viewer.tsx
./components/computer-workspace.tsx
./app/chat.tsx
 GET /api/goals 200 in 5.0s (next.js: 4.9s, application-code: 19ms)
 GET /api/goals/goal_b96e7077-00db-43dd-913c-372f69f9301e 200 in 5.3s (next.js: 5.3s, application-code: 23ms)
 GET /api/threads 200 in 41ms (next.js: 23ms, application-code: 18ms)
 GET /goals 200 in 194ms (next.js: 31ms, proxy.ts: 2ms, application-code: 160ms)
[browser] ../../../../../Users/jaywest/Myeve/node_modules/@novnc/novnc/core/util/browser.js
The generated code contains 'async/await' because this module is using "topLevelAwait".
However, your target environment does not appear to support 'async/await'.
As a result, the code may not run as expected or may cause runtime errors.
⚠ ../../../../../Users/jaywest/Myeve/node_modules/@novnc/novnc/core/util/browser.js
The generated code contains 'async/await' because this module is using "topLevelAwait".
However, your target environment does not appear to support 'async/await'.
As a result, the code may not run as expected or may cause runtime errors.

Import trace for requested module:
../../../../../Users/jaywest/Myeve/node_modules/@novnc/novnc/core/util/browser.js
../../../../../Users/jaywest/Myeve/node_modules/@novnc/novnc/core/rfb.js
./components/computer-viewer.tsx
./components/computer-workspace.tsx
./app/chat.tsx
 GET /api/goals 200 in 24ms (next.js: 0.8ms, application-code: 23ms)
 GET /api/goals/focus 200 in 40ms (next.js: 4ms, application-code: 36ms)
[browser] ../../../../../Users/jaywest/Myeve/node_modules/@novnc/novnc/core/util/browser.js
The generated code contains 'async/await' because this module is using "topLevelAwait".
However, your target environment does not appear to support 'async/await'.
As a result, the code may not run as expected or may cause runtime errors.

Import trace for requested module:
../../../../../Users/jaywest/Myeve/node_modules/@novnc/novnc/core/util/browser.js
../../../../../Users/jaywest/Myeve/node_modules/@novnc/novnc/core/rfb.js
./components/computer-viewer.tsx
./components/computer-workspace.tsx
./app/chat.tsx
⚠ ../../../../../Users/jaywest/Myeve/node_modules/@novnc/novnc/core/util/browser.js
The generated code contains 'async/await' because this module is using "topLevelAwait".
However, your target environment does not appear to support 'async/await'.
As a result, the code may not run as expected or may cause runtime errors.

Import trace for requested module:
../../../../../Users/jaywest/Myeve/node_modules/@novnc/novnc/core/util/browser.js
../../../../../Users/jaywest/Myeve/node_modules/@novnc/novnc/core/rfb.js
./components/computer-viewer.tsx
./components/computer-workspace.tsx
./app/chat.tsx
Model catalog failed Error [GatewayAuthenticationError]: AI Gateway authentication failed: No authentication provided.

Option 1 - API key:
Create an API key: https://vercel.com/d?to=%2F%5Bteam%5D%2F%7E%2Fai%2Fapi-keys
Provide via 'apiKey' option or 'AI_GATEWAY_API_KEY' environment variable.

Option 2 - Vercel access token:
Pass a Vercel personal access token or Vercel app access token via the 'apiKey' option.

Option 3 - OIDC token:
Run 'npx vercel link' to link your project, then 'vc env pull' to fetch the token.
    at async GET (app/api/models/route.ts:11:24)
   9 |
  10 |   try {
> 11 |     const { models } = await gateway.getAvailableModels();
     |                        ^
  12 |     const language = models
  13 |       .filter((model) => (model.modelType ?? "language") === "language")
  14 |       .map((model) => ({ {
  statusCode: 401,
  generationId: undefined,
  isRetryable: false,
  type: 'authentication_error',
  [cause]: Error [VercelOidcTokenError]: The 'x-vercel-oidc-token' header is missing from the request. Do you have the OIDC option enabled in the Vercel project settings?
  Unable to find project root directory. Have you linked your project with `vc link?`
      at async GET (app/api/models/route.ts:11:24)
     9 |
    10 |   try {
  > 11 |     const { models } = await gateway.getAvailableModels();
       |                        ^
    12 |     const language = models
    13 |       .filter((model) => (model.modelType ?? "language") === "language")
    14 |       .map((model) => ({ {
    cause: undefined
  }
}
 GET /api/commands 200 in 1193ms (next.js: 1116ms, application-code: 77ms)
 GET /api/models 503 in 1202ms (next.js: 1124ms, application-code: 78ms)
 GET /api/capabilities 200 in 1157ms (next.js: 1079ms, application-code: 78ms)
[browser] ../../../../../Users/jaywest/Myeve/node_modules/@novnc/novnc/core/util/browser.js
The generated code contains 'async/await' because this module is using "topLevelAwait".
However, your target environment does not appear to support 'async/await'.
As a result, the code may not run as expected or may cause runtime errors.

Import trace for requested module:
../../../../../Users/jaywest/Myeve/node_modules/@novnc/novnc/core/util/browser.js
../../../../../Users/jaywest/Myeve/node_modules/@novnc/novnc/core/rfb.js
./components/computer-viewer.tsx
./components/computer-workspace.tsx
./app/chat.tsx
 GET /api/goals 200 in 876ms (next.js: 787ms, application-code: 89ms)
 GET /api/threads 200 in 1212ms (next.js: 1111ms, application-code: 101ms)
⚠ ../../../../../Users/jaywest/Myeve/node_modules/@novnc/novnc/core/util/browser.js
The generated code contains 'async/await' because this module is using "topLevelAwait".
However, your target environment does not appear to support 'async/await'.
As a result, the code may not run as expected or may cause runtime errors.

Import trace for requested module:
../../../../../Users/jaywest/Myeve/node_modules/@novnc/novnc/core/util/browser.js
../../../../../Users/jaywest/Myeve/node_modules/@novnc/novnc/core/rfb.js
./components/computer-viewer.tsx
./components/computer-workspace.tsx
./app/chat.tsx
 GET /api/agents 200 in 1237ms (next.js: 1117ms, application-code: 120ms)
 GET /api/goals/focus 200 in 789ms (next.js: 2ms, application-code: 787ms)
 GET /api/goals/goal_b96e7077-00db-43dd-913c-372f69f9301e 200 in 1036ms (next.js: 5ms, application-code: 1030ms)
[browser] ../../../../../Users/jaywest/Myeve/node_modules/@novnc/novnc/core/util/browser.js
The generated code contains 'async/await' because this module is using "topLevelAwait".
However, your target environment does not appear to support 'async/await'.
As a result, the code may not run as expected or may cause runtime errors.

Import trace for requested module:
../../../../../Users/jaywest/Myeve/node_modules/@novnc/novnc/core/util/browser.js
../../../../../Users/jaywest/Myeve/node_modules/@novnc/novnc/core/rfb.js
./components/computer-viewer.tsx
./components/computer-workspace.tsx
./app/chat.tsx
⚠ ../../../../../Users/jaywest/Myeve/node_modules/@novnc/novnc/core/util/browser.js
The generated code contains 'async/await' because this module is using "topLevelAwait".
However, your target environment does not appear to support 'async/await'.
As a result, the code may not run as expected or may cause runtime errors.

Import trace for requested module:
../../../../../Users/jaywest/Myeve/node_modules/@novnc/novnc/core/util/browser.js
../../../../../Users/jaywest/Myeve/node_modules/@novnc/novnc/core/rfb.js
./components/computer-viewer.tsx
./components/computer-workspace.tsx
./app/chat.tsx
Model catalog failed Error [GatewayAuthenticationError]: AI Gateway authentication failed: No authentication provided.

Option 1 - API key:
Create an API key: https://vercel.com/d?to=%2F%5Bteam%5D%2F%7E%2Fai%2Fapi-keys
Provide via 'apiKey' option or 'AI_GATEWAY_API_KEY' environment variable.

Option 2 - Vercel access token:
Pass a Vercel personal access token or Vercel app access token via the 'apiKey' option.

Option 3 - OIDC token:
Run 'npx vercel link' to link your project, then 'vc env pull' to fetch the token.
    at async GET (app/api/models/route.ts:11:24)
   9 |
  10 |   try {
> 11 |     const { models } = await gateway.getAvailableModels();
     |                        ^
  12 |     const language = models
  13 |       .filter((model) => (model.modelType ?? "language") === "language")
  14 |       .map((model) => ({ {
  statusCode: 401,
  generationId: undefined,
  isRetryable: false,
  type: 'authentication_error',
  [cause]: Error [VercelOidcTokenError]: The 'x-vercel-oidc-token' header is missing from the request. Do you have the OIDC option enabled in the Vercel project settings?
  Unable to find project root directory. Have you linked your project with `vc link?`
      at async GET (app/api/models/route.ts:11:24)
     9 |
    10 |   try {
  > 11 |     const { models } = await gateway.getAvailableModels();
       |                        ^
    12 |     const language = models
    13 |       .filter((model) => (model.modelType ?? "language") === "language")
    14 |       .map((model) => ({ {
    cause: undefined
  }
}
 GET /api/commands 200 in 3.1s (next.js: 3.0s, application-code: 62ms)
 GET /api/models 503 in 2.8s (next.js: 2.7s, application-code: 62ms)
[browser] ../../../../../Users/jaywest/Myeve/node_modules/@novnc/novnc/core/util/browser.js
The generated code contains 'async/await' because this module is using "topLevelAwait".
However, your target environment does not appear to support 'async/await'.
As a result, the code may not run as expected or may cause runtime errors.

Import trace for requested module:
../../../../../Users/jaywest/Myeve/node_modules/@novnc/novnc/core/util/browser.js
../../../../../Users/jaywest/Myeve/node_modules/@novnc/novnc/core/rfb.js
./components/computer-viewer.tsx
./components/computer-workspace.tsx
./app/chat.tsx
 GET /api/agents 200 in 2.5s (next.js: 2.3s, application-code: 214ms)
 GET /api/threads 200 in 2.6s (next.js: 2.3s, application-code: 214ms)
 GET /knowledge 200 in 3.8s (next.js: 3.6s, proxy.ts: 10ms, application-code: 217ms)
[browser] ../../../../../Users/jaywest/Myeve/node_modules/@novnc/novnc/core/util/browser.js
The generated code contains 'async/await' because this module is using "topLevelAwait".
However, your target environment does not appear to support 'async/await'.
As a result, the code may not run as expected or may cause runtime errors.
 GET /api/capabilities 200 in 4ms (next.js: 1.8ms, application-code: 3ms)
Model catalog failed Error [GatewayAuthenticationError]: AI Gateway authentication failed: No authentication provided.

Option 1 - API key:
Create an API key: https://vercel.com/d?to=%2F%5Bteam%5D%2F%7E%2Fai%2Fapi-keys
Provide via 'apiKey' option or 'AI_GATEWAY_API_KEY' environment variable.

Option 2 - Vercel access token:
Pass a Vercel personal access token or Vercel app access token via the 'apiKey' option.

Option 3 - OIDC token:
Run 'npx vercel link' to link your project, then 'vc env pull' to fetch the token.
    at async GET (app/api/models/route.ts:11:24)
   9 |
  10 |   try {
> 11 |     const { models } = await gateway.getAvailableModels();
     |                        ^
  12 |     const language = models
  13 |       .filter((model) => (model.modelType ?? "language") === "language")
  14 |       .map((model) => ({ {
  statusCode: 401,
  generationId: undefined,
  isRetryable: false,
  type: 'authentication_error',
  [cause]: Error [VercelOidcTokenError]: The 'x-vercel-oidc-token' header is missing from the request. Do you have the OIDC option enabled in the Vercel project settings?
  Unable to find project root directory. Have you linked your project with `vc link?`
      at async GET (app/api/models/route.ts:11:24)
     9 |
    10 |   try {
  > 11 |     const { models } = await gateway.getAvailableModels();
       |                        ^
    12 |     const language = models
    13 |       .filter((model) => (model.modelType ?? "language") === "language")
    14 |       .map((model) => ({ {
    cause: undefined
  }
}
 GET /api/models 503 in 3ms (next.js: 0.5ms, application-code: 2ms)
 GET /api/commands 200 in 1.4ms (next.js: 0.3ms, application-code: 1.0ms)
Model catalog failed Error [GatewayAuthenticationError]: AI Gateway authentication failed: No authentication provided.

Option 1 - API key:
Create an API key: https://vercel.com/d?to=%2F%5Bteam%5D%2F%7E%2Fai%2Fapi-keys
Provide via 'apiKey' option or 'AI_GATEWAY_API_KEY' environment variable.

Option 2 - Vercel access token:
Pass a Vercel personal access token or Vercel app access token via the 'apiKey' option.

Option 3 - OIDC token:
Run 'npx vercel link' to link your project, then 'vc env pull' to fetch the token.
    at async GET (app/api/models/route.ts:11:24)
   9 |
  10 |   try {
> 11 |     const { models } = await gateway.getAvailableModels();
     |                        ^
  12 |     const language = models
  13 |       .filter((model) => (model.modelType ?? "language") === "language")
  14 |       .map((model) => ({ {
  statusCode: 401,
  generationId: undefined,
  isRetryable: false,
  type: 'authentication_error',
  [cause]: Error [VercelOidcTokenError]: The 'x-vercel-oidc-token' header is missing from the request. Do you have the OIDC option enabled in the Vercel project settings?
  Unable to find project root directory. Have you linked your project with `vc link?`
      at async GET (app/api/models/route.ts:11:24)
     9 |
    10 |   try {
  > 11 |     const { models } = await gateway.getAvailableModels();
       |                        ^
    12 |     const language = models
    13 |       .filter((model) => (model.modelType ?? "language") === "language")
    14 |       .map((model) => ({ {
    cause: undefined
  }
}
 GET /api/models 503 in 4ms (next.js: 0.3ms, application-code: 3ms)
 GET /api/capabilities 200 in 1.4ms (next.js: 0.3ms, application-code: 1.1ms)
 GET /api/threads 200 in 7ms (next.js: 0.3ms, application-code: 7ms)
 GET /api/commands 200 in 1.2ms (next.js: 0.3ms, application-code: 0.9ms)
 GET /api/agents 200 in 15ms (next.js: 0.3ms, application-code: 15ms)
 GET /api/threads 200 in 3ms (next.js: 0.5ms, application-code: 3ms)
 GET /api/agents 200 in 6ms (next.js: 0.4ms, application-code: 5ms)
⚠ ../../../../../Users/jaywest/Myeve/node_modules/@novnc/novnc/core/util/browser.js
The generated code contains 'async/await' because this module is using "topLevelAwait".
However, your target environment does not appear to support 'async/await'.
As a result, the code may not run as expected or may cause runtime errors.

Import trace for requested module:
../../../../../Users/jaywest/Myeve/node_modules/@novnc/novnc/core/util/browser.js
../../../../../Users/jaywest/Myeve/node_modules/@novnc/novnc/core/rfb.js
./components/computer-viewer.tsx
./components/computer-workspace.tsx
./app/chat.tsx
[browser] ../../../../../Users/jaywest/Myeve/node_modules/@novnc/novnc/core/util/browser.js
The generated code contains 'async/await' because this module is using "topLevelAwait".
However, your target environment does not appear to support 'async/await'.
As a result, the code may not run as expected or may cause runtime errors.

Import trace for requested module:
../../../../../Users/jaywest/Myeve/node_modules/@novnc/novnc/core/util/browser.js
../../../../../Users/jaywest/Myeve/node_modules/@novnc/novnc/core/rfb.js
./components/computer-viewer.tsx
./components/computer-workspace.tsx
./app/chat.tsx
⚠ ../../../../../Users/jaywest/Myeve/node_modules/@novnc/novnc/core/util/browser.js
The generated code contains 'async/await' because this module is using "topLevelAwait".
However, your target environment does not appear to support 'async/await'.
As a result, the code may not run as expected or may cause runtime errors.

Import trace for requested module:
../../../../../Users/jaywest/Myeve/node_modules/@novnc/novnc/core/util/browser.js
../../../../../Users/jaywest/Myeve/node_modules/@novnc/novnc/core/rfb.js
./components/computer-viewer.tsx
./components/computer-workspace.tsx
./app/chat.tsx
[browser] ../../../../../Users/jaywest/Myeve/node_modules/@novnc/novnc/core/util/browser.js
The generated code contains 'async/await' because this module is using "topLevelAwait".
However, your target environment does not appear to support 'async/await'.
As a result, the code may not run as expected or may cause runtime errors.

Import trace for requested module:
../../../../../Users/jaywest/Myeve/node_modules/@novnc/novnc/core/util/browser.js
../../../../../Users/jaywest/Myeve/node_modules/@novnc/novnc/core/rfb.js
./components/computer-viewer.tsx
./components/computer-workspace.tsx
./app/chat.tsx
⚠ ../../../../../Users/jaywest/Myeve/node_modules/@novnc/novnc/core/util/browser.js
The generated code contains 'async/await' because this module is using "topLevelAwait".
However, your target environment does not appear to support 'async/await'.
As a result, the code may not run as expected or may cause runtime errors.

Import trace for requested module:
../../../../../Users/jaywest/Myeve/node_modules/@novnc/novnc/core/util/browser.js
../../../../../Users/jaywest/Myeve/node_modules/@novnc/novnc/core/rfb.js
./components/computer-viewer.tsx
./components/computer-workspace.tsx
./app/chat.tsx
 GET /api/knowledge?type=decision 200 in 8.4s (next.js: 8.4s, application-code: 20ms)
[browser] ../../../../../Users/jaywest/Myeve/node_modules/@novnc/novnc/core/util/browser.js
The generated code contains 'async/await' because this module is using "topLevelAwait".
However, your target environment does not appear to support 'async/await'.
As a result, the code may not run as expected or may cause runtime errors.

Import trace for requested module:
../../../../../Users/jaywest/Myeve/node_modules/@novnc/novnc/core/util/browser.js
../../../../../Users/jaywest/Myeve/node_modules/@novnc/novnc/core/rfb.js
./components/computer-viewer.tsx
./components/computer-workspace.tsx
./app/chat.tsx
⚠ ../../../../../Users/jaywest/Myeve/node_modules/@novnc/novnc/core/util/browser.js
The generated code contains 'async/await' because this module is using "topLevelAwait".
However, your target environment does not appear to support 'async/await'.
As a result, the code may not run as expected or may cause runtime errors.

Import trace for requested module:
../../../../../Users/jaywest/Myeve/node_modules/@novnc/novnc/core/util/browser.js
../../../../../Users/jaywest/Myeve/node_modules/@novnc/novnc/core/rfb.js
./components/computer-viewer.tsx
./components/computer-workspace.tsx
./app/chat.tsx
[browser] ../../../../../Users/jaywest/Myeve/node_modules/@novnc/novnc/core/util/browser.js
The generated code contains 'async/await' because this module is using "topLevelAwait".
However, your target environment does not appear to support 'async/await'.
As a result, the code may not run as expected or may cause runtime errors.

Import trace for requested module:
../../../../../Users/jaywest/Myeve/node_modules/@novnc/novnc/core/util/browser.js
../../../../../Users/jaywest/Myeve/node_modules/@novnc/novnc/core/rfb.js
./components/computer-viewer.tsx
./components/computer-workspace.tsx
./app/chat.tsx
 GET /results 200 in 6.8s (next.js: 6.5s, proxy.ts: 26ms, application-code: 271ms)
 GET /api/knowledge/knowledge_dd5729ca-a57e-405e-9f89-df668748aed7 200 in 6.3s (next.js: 6.0s, application-code: 275ms)
[browser] ../../../../../Users/jaywest/Myeve/node_modules/@novnc/novnc/core/util/browser.js
The generated code contains 'async/await' because this module is using "topLevelAwait".
However, your target environment does not appear to support 'async/await'.
As a result, the code may not run as expected or may cause runtime errors.
⚠ ../../../../../Users/jaywest/Myeve/node_modules/@novnc/novnc/core/util/browser.js
The generated code contains 'async/await' because this module is using "topLevelAwait".
However, your target environment does not appear to support 'async/await'.
As a result, the code may not run as expected or may cause runtime errors.

Import trace for requested module:
../../../../../Users/jaywest/Myeve/node_modules/@novnc/novnc/core/util/browser.js
../../../../../Users/jaywest/Myeve/node_modules/@novnc/novnc/core/rfb.js
./components/computer-viewer.tsx
./components/computer-workspace.tsx
./app/chat.tsx
[browser] ../../../../../Users/jaywest/Myeve/node_modules/@novnc/novnc/core/util/browser.js
The generated code contains 'async/await' because this module is using "topLevelAwait".
However, your target environment does not appear to support 'async/await'.
As a result, the code may not run as expected or may cause runtime errors.

Import trace for requested module:
../../../../../Users/jaywest/Myeve/node_modules/@novnc/novnc/core/util/browser.js
../../../../../Users/jaywest/Myeve/node_modules/@novnc/novnc/core/rfb.js
./components/computer-viewer.tsx
./components/computer-workspace.tsx
./app/chat.tsx
⚠ ../../../../../Users/jaywest/Myeve/node_modules/@novnc/novnc/core/util/browser.js
The generated code contains 'async/await' because this module is using "topLevelAwait".
However, your target environment does not appear to support 'async/await'.
As a result, the code may not run as expected or may cause runtime errors.

Import trace for requested module:
../../../../../Users/jaywest/Myeve/node_modules/@novnc/novnc/core/util/browser.js
../../../../../Users/jaywest/Myeve/node_modules/@novnc/novnc/core/rfb.js
./components/computer-viewer.tsx
./components/computer-workspace.tsx
./app/chat.tsx
Model catalog failed Error [GatewayAuthenticationError]: AI Gateway authentication failed: No authentication provided.

Option 1 - API key:
Create an API key: https://vercel.com/d?to=%2F%5Bteam%5D%2F%7E%2Fai%2Fapi-keys
Provide via 'apiKey' option or 'AI_GATEWAY_API_KEY' environment variable.

Option 2 - Vercel access token:
Pass a Vercel personal access token or Vercel app access token via the 'apiKey' option.

Option 3 - OIDC token:
Run 'npx vercel link' to link your project, then 'vc env pull' to fetch the token.
    at async GET (app/api/models/route.ts:11:24)
   9 |
  10 |   try {
> 11 |     const { models } = await gateway.getAvailableModels();
     |                        ^
  12 |     const language = models
  13 |       .filter((model) => (model.modelType ?? "language") === "language")
  14 |       .map((model) => ({ {
  statusCode: 401,
  generationId: undefined,
  isRetryable: false,
  type: 'authentication_error',
  [cause]: Error [VercelOidcTokenError]: The 'x-vercel-oidc-token' header is missing from the request. Do you have the OIDC option enabled in the Vercel project settings?
  Unable to find project root directory. Have you linked your project with `vc link?`
      at async GET (app/api/models/route.ts:11:24)
     9 |
    10 |   try {
  > 11 |     const { models } = await gateway.getAvailableModels();
       |                        ^
    12 |     const language = models
    13 |       .filter((model) => (model.modelType ?? "language") === "language")
    14 |       .map((model) => ({ {
    cause: undefined
  }
}
 GET /api/commands 200 in 5.9s (next.js: 5.8s, application-code: 122ms)
 GET /api/models 503 in 5.9s (next.js: 5.8s, application-code: 122ms)
[browser] ../../../../../Users/jaywest/Myeve/node_modules/@novnc/novnc/core/util/browser.js
The generated code contains 'async/await' because this module is using "topLevelAwait".
However, your target environment does not appear to support 'async/await'.
As a result, the code may not run as expected or may cause runtime errors.

Import trace for requested module:
../../../../../Users/jaywest/Myeve/node_modules/@novnc/novnc/core/util/browser.js
../../../../../Users/jaywest/Myeve/node_modules/@novnc/novnc/core/rfb.js
./components/computer-viewer.tsx
./components/computer-workspace.tsx
./app/chat.tsx
 GET /api/capabilities 200 in 5ms (next.js: 3ms, application-code: 2.0ms)
 GET /api/commands 200 in 1.5ms (next.js: 0.4ms, application-code: 1.1ms)
 GET /api/agents 200 in 6.0s (next.js: 5.8s, application-code: 134ms)
 GET /api/outcomes?limit=100 200 in 4.4s (next.js: 4.3s, application-code: 136ms)
 GET /api/outcomes?limit=100 200 in 6.3s (next.js: 6.2s, application-code: 137ms)
Model catalog failed Error [GatewayAuthenticationError]: AI Gateway authentication failed: No authentication provided.

Option 1 - API key:
Create an API key: https://vercel.com/d?to=%2F%5Bteam%5D%2F%7E%2Fai%2Fapi-keys
Provide via 'apiKey' option or 'AI_GATEWAY_API_KEY' environment variable.

Option 2 - Vercel access token:
Pass a Vercel personal access token or Vercel app access token via the 'apiKey' option.

Option 3 - OIDC token:
Run 'npx vercel link' to link your project, then 'vc env pull' to fetch the token.
    at async GET (app/api/models/route.ts:11:24)
   9 |
  10 |   try {
> 11 |     const { models } = await gateway.getAvailableModels();
     |                        ^
  12 |     const language = models
  13 |       .filter((model) => (model.modelType ?? "language") === "language")
  14 |       .map((model) => ({ {
  statusCode: 401,
  generationId: undefined,
  isRetryable: false,
  type: 'authentication_error',
  [cause]: Error [VercelOidcTokenError]: The 'x-vercel-oidc-token' header is missing from the request. Do you have the OIDC option enabled in the Vercel project settings?
  Unable to find project root directory. Have you linked your project with `vc link?`
      at async GET (app/api/models/route.ts:11:24)
     9 |
    10 |   try {
  > 11 |     const { models } = await gateway.getAvailableModels();
       |                        ^
    12 |     const language = models
    13 |       .filter((model) => (model.modelType ?? "language") === "language")
    14 |       .map((model) => ({ {
    cause: undefined
  }
}
 GET /api/models 503 in 3ms (next.js: 0.4ms, application-code: 2ms)
 GET /api/threads 200 in 5.7s (next.js: 5.6s, application-code: 144ms)
 GET /api/agents 200 in 6ms (next.js: 0.3ms, application-code: 6ms)
 GET /api/threads 200 in 2ms (next.js: 0.4ms, application-code: 2.0ms)
 GET /computer 200 in 269ms (next.js: 39ms, proxy.ts: 2.0ms, application-code: 228ms)
[browser] ../../../../../Users/jaywest/Myeve/node_modules/@novnc/novnc/core/util/browser.js
The generated code contains 'async/await' because this module is using "topLevelAwait".
However, your target environment does not appear to support 'async/await'.
As a result, the code may not run as expected or may cause runtime errors.
⚠ ../../../../../Users/jaywest/Myeve/node_modules/@novnc/novnc/core/util/browser.js
The generated code contains 'async/await' because this module is using "topLevelAwait".
However, your target environment does not appear to support 'async/await'.
As a result, the code may not run as expected or may cause runtime errors.

Import trace for requested module:
../../../../../Users/jaywest/Myeve/node_modules/@novnc/novnc/core/util/browser.js
../../../../../Users/jaywest/Myeve/node_modules/@novnc/novnc/core/rfb.js
./components/computer-viewer.tsx
./components/computer-workspace.tsx
./app/chat.tsx
[browser] ../../../../../Users/jaywest/Myeve/node_modules/@novnc/novnc/core/util/browser.js
The generated code contains 'async/await' because this module is using "topLevelAwait".
However, your target environment does not appear to support 'async/await'.
As a result, the code may not run as expected or may cause runtime errors.

Import trace for requested module:
../../../../../Users/jaywest/Myeve/node_modules/@novnc/novnc/core/util/browser.js
../../../../../Users/jaywest/Myeve/node_modules/@novnc/novnc/core/rfb.js
./components/computer-viewer.tsx
./components/computer-workspace.tsx
./app/chat.tsx
⚠ ../../../../../Users/jaywest/Myeve/node_modules/@novnc/novnc/core/util/browser.js
The generated code contains 'async/await' because this module is using "topLevelAwait".
However, your target environment does not appear to support 'async/await'.
As a result, the code may not run as expected or may cause runtime errors.

Import trace for requested module:
../../../../../Users/jaywest/Myeve/node_modules/@novnc/novnc/core/util/browser.js
../../../../../Users/jaywest/Myeve/node_modules/@novnc/novnc/core/rfb.js
./components/computer-viewer.tsx
./components/computer-workspace.tsx
./app/chat.tsx
Model catalog failed Error [GatewayAuthenticationError]: AI Gateway authentication failed: No authentication provided.

Option 1 - API key:
Create an API key: https://vercel.com/d?to=%2F%5Bteam%5D%2F%7E%2Fai%2Fapi-keys
Provide via 'apiKey' option or 'AI_GATEWAY_API_KEY' environment variable.

Option 2 - Vercel access token:
Pass a Vercel personal access token or Vercel app access token via the 'apiKey' option.

Option 3 - OIDC token:
Run 'npx vercel link' to link your project, then 'vc env pull' to fetch the token.
    at async GET (app/api/models/route.ts:11:24)
   9 |
  10 |   try {
> 11 |     const { models } = await gateway.getAvailableModels();
     |                        ^
  12 |     const language = models
  13 |       .filter((model) => (model.modelType ?? "language") === "language")
  14 |       .map((model) => ({ {
  statusCode: 401,
  generationId: undefined,
  isRetryable: false,
  type: 'authentication_error',
  [cause]: Error [VercelOidcTokenError]: The 'x-vercel-oidc-token' header is missing from the request. Do you have the OIDC option enabled in the Vercel project settings?
  Unable to find project root directory. Have you linked your project with `vc link?`
      at async GET (app/api/models/route.ts:11:24)
     9 |
    10 |   try {
  > 11 |     const { models } = await gateway.getAvailableModels();
       |                        ^
    12 |     const language = models
    13 |       .filter((model) => (model.modelType ?? "language") === "language")
    14 |       .map((model) => ({ {
    cause: undefined
  }
}
 GET /api/commands 200 in 31.4s (next.js: 29.6s, application-code: 1808ms)
 GET /api/models 503 in 31.5s (next.js: 29.7s, application-code: 1809ms)
[browser] ../../../../../Users/jaywest/Myeve/node_modules/@novnc/novnc/core/util/browser.js
The generated code contains 'async/await' because this module is using "topLevelAwait".
However, your target environment does not appear to support 'async/await'.
As a result, the code may not run as expected or may cause runtime errors.

Import trace for requested module:
../../../../../Users/jaywest/Myeve/node_modules/@novnc/novnc/core/util/browser.js
../../../../../Users/jaywest/Myeve/node_modules/@novnc/novnc/core/rfb.js
./components/computer-viewer.tsx
./components/computer-workspace.tsx
./app/chat.tsx
 GET /api/computer-sessions 200 in 35.0s (next.js: 29.8s, application-code: 5.2s)
 GET /api/agents 200 in 35.3s (next.js: 29.6s, application-code: 5.6s)
 GET /api/capabilities 200 in 71ms (next.js: 13ms, application-code: 58ms)
 GET /api/computer-sessions 200 in 4.6s (next.js: 12ms, application-code: 4.6s)
 GET /api/threads 200 in 32.5s (next.js: 24.0s, application-code: 8.5s)
 GET /api/computer-sessions 200 in 7ms (next.js: 0.5ms, application-code: 7ms)
 GET /agents 200 in 6.5s (next.js: 1360ms, proxy.ts: 2.9s, application-code: 2.2s)
 GET /api/computer-sessions 200 in 11ms (next.js: 0.6ms, application-code: 10ms)
 GET /api/computer-sessions 200 in 7ms (next.js: 0.5ms, application-code: 7ms)
 GET /api/computer 200 in 38.4s (next.js: 29.8s, application-code: 8.5s)
[browser] ../../../../../Users/jaywest/Myeve/node_modules/@novnc/novnc/core/util/browser.js
The generated code contains 'async/await' because this module is using "topLevelAwait".
However, your target environment does not appear to support 'async/await'.
As a result, the code may not run as expected or may cause runtime errors.
 GET /api/capabilities 200 in 3ms (next.js: 0.6ms, application-code: 2ms)
Model catalog failed Error [GatewayAuthenticationError]: AI Gateway authentication failed: No authentication provided.

Option 1 - API key:
Create an API key: https://vercel.com/d?to=%2F%5Bteam%5D%2F%7E%2Fai%2Fapi-keys
Provide via 'apiKey' option or 'AI_GATEWAY_API_KEY' environment variable.

Option 2 - Vercel access token:
Pass a Vercel personal access token or Vercel app access token via the 'apiKey' option.

Option 3 - OIDC token:
Run 'npx vercel link' to link your project, then 'vc env pull' to fetch the token.
    at async GET (app/api/models/route.ts:11:24)
   9 |
  10 |   try {
> 11 |     const { models } = await gateway.getAvailableModels();
     |                        ^
  12 |     const language = models
  13 |       .filter((model) => (model.modelType ?? "language") === "language")
  14 |       .map((model) => ({ {
  statusCode: 401,
  generationId: undefined,
  isRetryable: false,
  type: 'authentication_error',
  [cause]: Error [VercelOidcTokenError]: The 'x-vercel-oidc-token' header is missing from the request. Do you have the OIDC option enabled in the Vercel project settings?
  Unable to find project root directory. Have you linked your project with `vc link?`
      at async GET (app/api/models/route.ts:11:24)
     9 |
    10 |   try {
  > 11 |     const { models } = await gateway.getAvailableModels();
       |                        ^
    12 |     const language = models
    13 |       .filter((model) => (model.modelType ?? "language") === "language")
    14 |       .map((model) => ({ {
    cause: undefined
  }
}
 GET /api/models 503 in 4ms (next.js: 0.8ms, application-code: 3ms)
 GET /api/commands 200 in 5ms (next.js: 0.6ms, application-code: 4ms)
 GET /api/capabilities 200 in 2ms (next.js: 0.5ms, application-code: 1.6ms)
 GET /api/threads 200 in 8ms (next.js: 0.7ms, application-code: 7ms)
Model catalog failed Error [GatewayAuthenticationError]: AI Gateway authentication failed: No authentication provided.

Option 1 - API key:
Create an API key: https://vercel.com/d?to=%2F%5Bteam%5D%2F%7E%2Fai%2Fapi-keys
Provide via 'apiKey' option or 'AI_GATEWAY_API_KEY' environment variable.

Option 2 - Vercel access token:
Pass a Vercel personal access token or Vercel app access token via the 'apiKey' option.

Option 3 - OIDC token:
Run 'npx vercel link' to link your project, then 'vc env pull' to fetch the token.
    at async GET (app/api/models/route.ts:11:24)
   9 |
  10 |   try {
> 11 |     const { models } = await gateway.getAvailableModels();
     |                        ^
  12 |     const language = models
  13 |       .filter((model) => (model.modelType ?? "language") === "language")
  14 |       .map((model) => ({ {
  statusCode: 401,
  generationId: undefined,
  isRetryable: false,
  type: 'authentication_error',
  [cause]: Error [VercelOidcTokenError]: The 'x-vercel-oidc-token' header is missing from the request. Do you have the OIDC option enabled in the Vercel project settings?
  Unable to find project root directory. Have you linked your project with `vc link?`
      at async GET (app/api/models/route.ts:11:24)
     9 |
    10 |   try {
  > 11 |     const { models } = await gateway.getAvailableModels();
       |                        ^
    12 |     const language = models
    13 |       .filter((model) => (model.modelType ?? "language") === "language")
    14 |       .map((model) => ({ {
    cause: undefined
  }
}
 GET /api/models 503 in 4ms (next.js: 0.4ms, application-code: 4ms)
 GET /api/commands 200 in 1.5ms (next.js: 0.4ms, application-code: 1.1ms)
 GET /api/agents 200 in 131ms (next.js: 2ms, application-code: 129ms)
 GET /api/capabilities 200 in 1.8ms (next.js: 0.5ms, application-code: 1.3ms)
 GET /api/threads 200 in 3ms (next.js: 0.5ms, application-code: 2ms)
 GET /api/agents 200 in 5ms (next.js: 0.7ms, application-code: 4ms)
 GET /api/agents 200 in 4ms (next.js: 0.4ms, application-code: 4ms)
 GET /api/agents 200 in 4ms (next.js: 0.4ms, application-code: 4ms)
⚠ ../../../../../Users/jaywest/Myeve/node_modules/@novnc/novnc/core/util/browser.js
The generated code contains 'async/await' because this module is using "topLevelAwait".
However, your target environment does not appear to support 'async/await'.
As a result, the code may not run as expected or may cause runtime errors.

Import trace for requested module:
../../../../../Users/jaywest/Myeve/node_modules/@novnc/novnc/core/util/browser.js
../../../../../Users/jaywest/Myeve/node_modules/@novnc/novnc/core/rfb.js
./components/computer-viewer.tsx
./components/computer-workspace.tsx
./app/chat.tsx
⚠ ../../../../../Users/jaywest/Myeve/node_modules/@novnc/novnc/core/util/browser.js
The generated code contains 'async/await' because this module is using "topLevelAwait".
However, your target environment does not appear to support 'async/await'.
As a result, the code may not run as expected or may cause runtime errors.

Import trace for requested module:
../../../../../Users/jaywest/Myeve/node_modules/@novnc/novnc/core/util/browser.js
../../../../../Users/jaywest/Myeve/node_modules/@novnc/novnc/core/rfb.js
./components/computer-viewer.tsx
./components/computer-workspace.tsx
./app/chat.tsx
[browser] ../../../../../Users/jaywest/Myeve/node_modules/@novnc/novnc/core/util/browser.js
The generated code contains 'async/await' because this module is using "topLevelAwait".
However, your target environment does not appear to support 'async/await'.
As a result, the code may not run as expected or may cause runtime errors.

Import trace for requested module:
../../../../../Users/jaywest/Myeve/node_modules/@novnc/novnc/core/util/browser.js
../../../../../Users/jaywest/Myeve/node_modules/@novnc/novnc/core/rfb.js
./components/computer-viewer.tsx
./components/computer-workspace.tsx
./app/chat.tsx
 GET /review 200 in 6.1s (next.js: 5.9s, proxy.ts: 4ms, application-code: 243ms)
[browser] ../../../../../Users/jaywest/Myeve/node_modules/@novnc/novnc/core/util/browser.js
The generated code contains 'async/await' because this module is using "topLevelAwait".
However, your target environment does not appear to support 'async/await'.
As a result, the code may not run as expected or may cause runtime errors.
⚠ ../../../../../Users/jaywest/Myeve/node_modules/@novnc/novnc/core/util/browser.js
The generated code contains 'async/await' because this module is using "topLevelAwait".
However, your target environment does not appear to support 'async/await'.
As a result, the code may not run as expected or may cause runtime errors.

Import trace for requested module:
../../../../../Users/jaywest/Myeve/node_modules/@novnc/novnc/core/util/browser.js
../../../../../Users/jaywest/Myeve/node_modules/@novnc/novnc/core/rfb.js
./components/computer-viewer.tsx
./components/computer-workspace.tsx
./app/chat.tsx
[browser] ../../../../../Users/jaywest/Myeve/node_modules/@novnc/novnc/core/util/browser.js
The generated code contains 'async/await' because this module is using "topLevelAwait".
However, your target environment does not appear to support 'async/await'.
As a result, the code may not run as expected or may cause runtime errors.

Import trace for requested module:
../../../../../Users/jaywest/Myeve/node_modules/@novnc/novnc/core/util/browser.js
../../../../../Users/jaywest/Myeve/node_modules/@novnc/novnc/core/rfb.js
./components/computer-viewer.tsx
./components/computer-workspace.tsx
./app/chat.tsx
⚠ ../../../../../Users/jaywest/Myeve/node_modules/@novnc/novnc/core/util/browser.js
The generated code contains 'async/await' because this module is using "topLevelAwait".
However, your target environment does not appear to support 'async/await'.
As a result, the code may not run as expected or may cause runtime errors.

Import trace for requested module:
../../../../../Users/jaywest/Myeve/node_modules/@novnc/novnc/core/util/browser.js
../../../../../Users/jaywest/Myeve/node_modules/@novnc/novnc/core/rfb.js
./components/computer-viewer.tsx
./components/computer-workspace.tsx
./app/chat.tsx
Model catalog failed Error [GatewayAuthenticationError]: AI Gateway authentication failed: No authentication provided.

Option 1 - API key:
Create an API key: https://vercel.com/d?to=%2F%5Bteam%5D%2F%7E%2Fai%2Fapi-keys
Provide via 'apiKey' option or 'AI_GATEWAY_API_KEY' environment variable.

Option 2 - Vercel access token:
Pass a Vercel personal access token or Vercel app access token via the 'apiKey' option.

Option 3 - OIDC token:
Run 'npx vercel link' to link your project, then 'vc env pull' to fetch the token.
    at async GET (app/api/models/route.ts:11:24)
   9 |
  10 |   try {
> 11 |     const { models } = await gateway.getAvailableModels();
     |                        ^
  12 |     const language = models
  13 |       .filter((model) => (model.modelType ?? "language") === "language")
  14 |       .map((model) => ({ {
  statusCode: 401,
  generationId: undefined,
  isRetryable: false,
  type: 'authentication_error',
  [cause]: Error [VercelOidcTokenError]: The 'x-vercel-oidc-token' header is missing from the request. Do you have the OIDC option enabled in the Vercel project settings?
  Unable to find project root directory. Have you linked your project with `vc link?`
      at async GET (app/api/models/route.ts:11:24)
     9 |
    10 |   try {
  > 11 |     const { models } = await gateway.getAvailableModels();
       |                        ^
    12 |     const language = models
    13 |       .filter((model) => (model.modelType ?? "language") === "language")
    14 |       .map((model) => ({ {
    cause: undefined
  }
}
 GET /api/commands 200 in 3.4s (next.js: 3.3s, application-code: 139ms)
 GET /api/models 503 in 3.4s (next.js: 3.3s, application-code: 139ms)
[browser] ../../../../../Users/jaywest/Myeve/node_modules/@novnc/novnc/core/util/browser.js
The generated code contains 'async/await' because this module is using "topLevelAwait".
However, your target environment does not appear to support 'async/await'.
As a result, the code may not run as expected or may cause runtime errors.

Import trace for requested module:
../../../../../Users/jaywest/Myeve/node_modules/@novnc/novnc/core/util/browser.js
../../../../../Users/jaywest/Myeve/node_modules/@novnc/novnc/core/rfb.js
./components/computer-viewer.tsx
./components/computer-workspace.tsx
./app/chat.tsx
 GET /api/capabilities 200 in 4ms (next.js: 2ms, application-code: 1.8ms)
 GET /api/commands 200 in 1.7ms (next.js: 0.5ms, application-code: 1.2ms)
 GET /api/outcomes?limit=20 200 in 3.4s (next.js: 3.3s, application-code: 165ms)
Model catalog failed Error [GatewayAuthenticationError]: AI Gateway authentication failed: No authentication provided.

Option 1 - API key:
Create an API key: https://vercel.com/d?to=%2F%5Bteam%5D%2F%7E%2Fai%2Fapi-keys
Provide via 'apiKey' option or 'AI_GATEWAY_API_KEY' environment variable.

Option 2 - Vercel access token:
Pass a Vercel personal access token or Vercel app access token via the 'apiKey' option.

Option 3 - OIDC token:
Run 'npx vercel link' to link your project, then 'vc env pull' to fetch the token.
    at async GET (app/api/models/route.ts:11:24)
   9 |
  10 |   try {
> 11 |     const { models } = await gateway.getAvailableModels();
     |                        ^
  12 |     const language = models
  13 |       .filter((model) => (model.modelType ?? "language") === "language")
  14 |       .map((model) => ({ {
  statusCode: 401,
  generationId: undefined,
  isRetryable: false,
  type: 'authentication_error',
  [cause]: Error [VercelOidcTokenError]: The 'x-vercel-oidc-token' header is missing from the request. Do you have the OIDC option enabled in the Vercel project settings?
  Unable to find project root directory. Have you linked your project with `vc link?`
      at async GET (app/api/models/route.ts:11:24)
     9 |
    10 |   try {
  > 11 |     const { models } = await gateway.getAvailableModels();
       |                        ^
    12 |     const language = models
    13 |       .filter((model) => (model.modelType ?? "language") === "language")
    14 |       .map((model) => ({ {
    cause: undefined
  }
}
 GET /api/models 503 in 3ms (next.js: 0.4ms, application-code: 2ms)
 GET /api/reviews?kind=daily 200 in 3.5s (next.js: 3.3s, application-code: 170ms)
 GET /api/agents 200 in 3.4s (next.js: 3.3s, application-code: 172ms)
 GET /api/threads 200 in 1666ms (next.js: 1489ms, application-code: 177ms)
 GET /api/outcomes?limit=20 200 in 5ms (next.js: 0.3ms, application-code: 5ms)
 GET /api/reviews?kind=daily 200 in 5ms (next.js: 0.3ms, application-code: 5ms)
 GET /api/threads 200 in 3ms (next.js: 0.3ms, application-code: 2ms)
 GET /api/agents 200 in 8ms (next.js: 0.2ms, application-code: 8ms)
⚠ ../../../../../Users/jaywest/Myeve/node_modules/@novnc/novnc/core/util/browser.js
The generated code contains 'async/await' because this module is using "topLevelAwait".
However, your target environment does not appear to support 'async/await'.
As a result, the code may not run as expected or may cause runtime errors.

Import trace for requested module:
../../../../../Users/jaywest/Myeve/node_modules/@novnc/novnc/core/util/browser.js
../../../../../Users/jaywest/Myeve/node_modules/@novnc/novnc/core/rfb.js
./components/computer-viewer.tsx
./components/computer-workspace.tsx
./app/chat.tsx
⚠ ../../../../../Users/jaywest/Myeve/node_modules/@novnc/novnc/core/util/browser.js
The generated code contains 'async/await' because this module is using "topLevelAwait".
However, your target environment does not appear to support 'async/await'.
As a result, the code may not run as expected or may cause runtime errors.

Import trace for requested module:
../../../../../Users/jaywest/Myeve/node_modules/@novnc/novnc/core/util/browser.js
../../../../../Users/jaywest/Myeve/node_modules/@novnc/novnc/core/rfb.js
./components/computer-viewer.tsx
./components/computer-workspace.tsx
./app/chat.tsx
[browser] ../../../../../Users/jaywest/Myeve/node_modules/@novnc/novnc/core/util/browser.js
The generated code contains 'async/await' because this module is using "topLevelAwait".
However, your target environment does not appear to support 'async/await'.
As a result, the code may not run as expected or may cause runtime errors.

Import trace for requested module:
../../../../../Users/jaywest/Myeve/node_modules/@novnc/novnc/core/util/browser.js
../../../../../Users/jaywest/Myeve/node_modules/@novnc/novnc/core/rfb.js
./components/computer-viewer.tsx
./components/computer-workspace.tsx
./app/chat.tsx
 GET /channels 200 in 865ms (next.js: 719ms, proxy.ts: 1.9ms, application-code: 143ms)
[browser] ../../../../../Users/jaywest/Myeve/node_modules/@novnc/novnc/core/util/browser.js
The generated code contains 'async/await' because this module is using "topLevelAwait".
However, your target environment does not appear to support 'async/await'.
As a result, the code may not run as expected or may cause runtime errors.
⚠ ../../../../../Users/jaywest/Myeve/node_modules/@novnc/novnc/core/util/browser.js
The generated code contains 'async/await' because this module is using "topLevelAwait".
However, your target environment does not appear to support 'async/await'.
As a result, the code may not run as expected or may cause runtime errors.

Import trace for requested module:
../../../../../Users/jaywest/Myeve/node_modules/@novnc/novnc/core/util/browser.js
../../../../../Users/jaywest/Myeve/node_modules/@novnc/novnc/core/rfb.js
./components/computer-viewer.tsx
./components/computer-workspace.tsx
./app/chat.tsx
[browser] ../../../../../Users/jaywest/Myeve/node_modules/@novnc/novnc/core/util/browser.js
The generated code contains 'async/await' because this module is using "topLevelAwait".
However, your target environment does not appear to support 'async/await'.
As a result, the code may not run as expected or may cause runtime errors.

Import trace for requested module:
../../../../../Users/jaywest/Myeve/node_modules/@novnc/novnc/core/util/browser.js
../../../../../Users/jaywest/Myeve/node_modules/@novnc/novnc/core/rfb.js
./components/computer-viewer.tsx
./components/computer-workspace.tsx
./app/chat.tsx
⚠ ../../../../../Users/jaywest/Myeve/node_modules/@novnc/novnc/core/util/browser.js
The generated code contains 'async/await' because this module is using "topLevelAwait".
However, your target environment does not appear to support 'async/await'.
As a result, the code may not run as expected or may cause runtime errors.

Import trace for requested module:
../../../../../Users/jaywest/Myeve/node_modules/@novnc/novnc/core/util/browser.js
../../../../../Users/jaywest/Myeve/node_modules/@novnc/novnc/core/rfb.js
./components/computer-viewer.tsx
./components/computer-workspace.tsx
./app/chat.tsx
Model catalog failed Error [GatewayAuthenticationError]: AI Gateway authentication failed: No authentication provided.

Option 1 - API key:
Create an API key: https://vercel.com/d?to=%2F%5Bteam%5D%2F%7E%2Fai%2Fapi-keys
Provide via 'apiKey' option or 'AI_GATEWAY_API_KEY' environment variable.

Option 2 - Vercel access token:
Pass a Vercel personal access token or Vercel app access token via the 'apiKey' option.

Option 3 - OIDC token:
Run 'npx vercel link' to link your project, then 'vc env pull' to fetch the token.
    at async GET (app/api/models/route.ts:11:24)
   9 |
  10 |   try {
> 11 |     const { models } = await gateway.getAvailableModels();
     |                        ^
  12 |     const language = models
  13 |       .filter((model) => (model.modelType ?? "language") === "language")
  14 |       .map((model) => ({ {
  statusCode: 401,
  generationId: undefined,
  isRetryable: false,
  type: 'authentication_error',
  [cause]: Error [VercelOidcTokenError]: The 'x-vercel-oidc-token' header is missing from the request. Do you have the OIDC option enabled in the Vercel project settings?
  Unable to find project root directory. Have you linked your project with `vc link?`
      at async GET (app/api/models/route.ts:11:24)
     9 |
    10 |   try {
  > 11 |     const { models } = await gateway.getAvailableModels();
       |                        ^
    12 |     const language = models
    13 |       .filter((model) => (model.modelType ?? "language") === "language")
    14 |       .map((model) => ({ {
    cause: undefined
  }
}
 GET /api/commands 200 in 10.5s (next.js: 10.2s, application-code: 257ms)
 GET /api/models 503 in 10.5s (next.js: 10.2s, application-code: 257ms)
[browser] ../../../../../Users/jaywest/Myeve/node_modules/@novnc/novnc/core/util/browser.js
The generated code contains 'async/await' because this module is using "topLevelAwait".
However, your target environment does not appear to support 'async/await'.
As a result, the code may not run as expected or may cause runtime errors.

Import trace for requested module:
../../../../../Users/jaywest/Myeve/node_modules/@novnc/novnc/core/util/browser.js
../../../../../Users/jaywest/Myeve/node_modules/@novnc/novnc/core/rfb.js
./components/computer-viewer.tsx
./components/computer-workspace.tsx
./app/chat.tsx
 GET /api/capabilities 200 in 2ms (next.js: 0.4ms, application-code: 2ms)
⚠ ../../../../../Users/jaywest/Myeve/node_modules/@novnc/novnc/core/util/browser.js
The generated code contains 'async/await' because this module is using "topLevelAwait".
However, your target environment does not appear to support 'async/await'.
As a result, the code may not run as expected or may cause runtime errors.

Import trace for requested module:
../../../../../Users/jaywest/Myeve/node_modules/@novnc/novnc/core/util/browser.js
../../../../../Users/jaywest/Myeve/node_modules/@novnc/novnc/core/rfb.js
./components/computer-viewer.tsx
./components/computer-workspace.tsx
./app/chat.tsx
 GET /api/channels 200 in 10.5s (next.js: 10.2s, application-code: 296ms)
 GET /api/threads 200 in 10.5s (next.js: 10.2s, application-code: 301ms)
 GET /api/agents 200 in 10.5s (next.js: 10.2s, application-code: 304ms)
[browser] ../../../../../Users/jaywest/Myeve/node_modules/@novnc/novnc/core/util/browser.js
The generated code contains 'async/await' because this module is using "topLevelAwait".
However, your target environment does not appear to support 'async/await'.
As a result, the code may not run as expected or may cause runtime errors.

Import trace for requested module:
../../../../../Users/jaywest/Myeve/node_modules/@novnc/novnc/core/util/browser.js
../../../../../Users/jaywest/Myeve/node_modules/@novnc/novnc/core/rfb.js
./components/computer-viewer.tsx
./components/computer-workspace.tsx
./app/chat.tsx
⚠ ../../../../../Users/jaywest/Myeve/node_modules/@novnc/novnc/core/util/browser.js
The generated code contains 'async/await' because this module is using "topLevelAwait".
However, your target environment does not appear to support 'async/await'.
As a result, the code may not run as expected or may cause runtime errors.

Import trace for requested module:
../../../../../Users/jaywest/Myeve/node_modules/@novnc/novnc/core/util/browser.js
../../../../../Users/jaywest/Myeve/node_modules/@novnc/novnc/core/rfb.js
./components/computer-viewer.tsx
./components/computer-workspace.tsx
./app/chat.tsx
Model catalog failed Error [GatewayAuthenticationError]: AI Gateway authentication failed: No authentication provided.

Option 1 - API key:
Create an API key: https://vercel.com/d?to=%2F%5Bteam%5D%2F%7E%2Fai%2Fapi-keys
Provide via 'apiKey' option or 'AI_GATEWAY_API_KEY' environment variable.

Option 2 - Vercel access token:
Pass a Vercel personal access token or Vercel app access token via the 'apiKey' option.

Option 3 - OIDC token:
Run 'npx vercel link' to link your project, then 'vc env pull' to fetch the token.
    at async GET (app/api/models/route.ts:11:24)
   9 |
  10 |   try {
> 11 |     const { models } = await gateway.getAvailableModels();
     |                        ^
  12 |     const language = models
  13 |       .filter((model) => (model.modelType ?? "language") === "language")
  14 |       .map((model) => ({ {
  statusCode: 401,
  generationId: undefined,
  isRetryable: false,
  type: 'authentication_error',
  [cause]: Error [VercelOidcTokenError]: The 'x-vercel-oidc-token' header is missing from the request. Do you have the OIDC option enabled in the Vercel project settings?
  Unable to find project root directory. Have you linked your project with `vc link?`
      at async GET (app/api/models/route.ts:11:24)
     9 |
    10 |   try {
  > 11 |     const { models } = await gateway.getAvailableModels();
       |                        ^
    12 |     const language = models
    13 |       .filter((model) => (model.modelType ?? "language") === "language")
    14 |       .map((model) => ({ {
    cause: undefined
  }
}
 GET /api/commands 200 in 1699ms (next.js: 1492ms, application-code: 207ms)
 GET /api/models 503 in 1689ms (next.js: 1482ms, application-code: 207ms)
[browser] ../../../../../Users/jaywest/Myeve/node_modules/@novnc/novnc/core/util/browser.js
The generated code contains 'async/await' because this module is using "topLevelAwait".
However, your target environment does not appear to support 'async/await'.
As a result, the code may not run as expected or may cause runtime errors.

Import trace for requested module:
../../../../../Users/jaywest/Myeve/node_modules/@novnc/novnc/core/util/browser.js
../../../../../Users/jaywest/Myeve/node_modules/@novnc/novnc/core/rfb.js
./components/computer-viewer.tsx
./components/computer-workspace.tsx
./app/chat.tsx
 GET /api/channels 200 in 3.5s (next.js: 1481ms, application-code: 2.1s)
 GET /channels 200 in 2.1s (next.js: 13ms, proxy.ts: 2.1s, application-code: 8ms)
 GET /api/threads 200 in 3.5s (next.js: 1448ms, application-code: 2.1s)
 GET /api/agents 200 in 29ms (next.js: 4ms, application-code: 24ms)
 GET /files 200 in 4.0s (next.js: 1528ms, proxy.ts: 390ms, application-code: 2.1s)
[browser] ../../../../../Users/jaywest/Myeve/node_modules/@novnc/novnc/core/util/browser.js
The generated code contains 'async/await' because this module is using "topLevelAwait".
However, your target environment does not appear to support 'async/await'.
As a result, the code may not run as expected or may cause runtime errors.
⚠ ../../../../../Users/jaywest/Myeve/node_modules/@novnc/novnc/core/util/browser.js
The generated code contains 'async/await' because this module is using "topLevelAwait".
However, your target environment does not appear to support 'async/await'.
As a result, the code may not run as expected or may cause runtime errors.

Import trace for requested module:
../../../../../Users/jaywest/Myeve/node_modules/@novnc/novnc/core/util/browser.js
../../../../../Users/jaywest/Myeve/node_modules/@novnc/novnc/core/rfb.js
./components/computer-viewer.tsx
./components/computer-workspace.tsx
./app/chat.tsx
[browser] ../../../../../Users/jaywest/Myeve/node_modules/@novnc/novnc/core/util/browser.js
The generated code contains 'async/await' because this module is using "topLevelAwait".
However, your target environment does not appear to support 'async/await'.
As a result, the code may not run as expected or may cause runtime errors.

Import trace for requested module:
../../../../../Users/jaywest/Myeve/node_modules/@novnc/novnc/core/util/browser.js
../../../../../Users/jaywest/Myeve/node_modules/@novnc/novnc/core/rfb.js
./components/computer-viewer.tsx
./components/computer-workspace.tsx
./app/chat.tsx
⚠ ../../../../../Users/jaywest/Myeve/node_modules/@novnc/novnc/core/util/browser.js
The generated code contains 'async/await' because this module is using "topLevelAwait".
However, your target environment does not appear to support 'async/await'.
As a result, the code may not run as expected or may cause runtime errors.

Import trace for requested module:
../../../../../Users/jaywest/Myeve/node_modules/@novnc/novnc/core/util/browser.js
../../../../../Users/jaywest/Myeve/node_modules/@novnc/novnc/core/rfb.js
./components/computer-viewer.tsx
./components/computer-workspace.tsx
./app/chat.tsx
Model catalog failed Error [GatewayAuthenticationError]: AI Gateway authentication failed: No authentication provided.

Option 1 - API key:
Create an API key: https://vercel.com/d?to=%2F%5Bteam%5D%2F%7E%2Fai%2Fapi-keys
Provide via 'apiKey' option or 'AI_GATEWAY_API_KEY' environment variable.

Option 2 - Vercel access token:
Pass a Vercel personal access token or Vercel app access token via the 'apiKey' option.

Option 3 - OIDC token:
Run 'npx vercel link' to link your project, then 'vc env pull' to fetch the token.
    at async GET (app/api/models/route.ts:11:24)
   9 |
  10 |   try {
> 11 |     const { models } = await gateway.getAvailableModels();
     |                        ^
  12 |     const language = models
  13 |       .filter((model) => (model.modelType ?? "language") === "language")
  14 |       .map((model) => ({ {
  statusCode: 401,
  generationId: undefined,
  isRetryable: false,
  type: 'authentication_error',
  [cause]: Error [VercelOidcTokenError]: The 'x-vercel-oidc-token' header is missing from the request. Do you have the OIDC option enabled in the Vercel project settings?
  Unable to find project root directory. Have you linked your project with `vc link?`
      at async GET (app/api/models/route.ts:11:24)
     9 |
    10 |   try {
  > 11 |     const { models } = await gateway.getAvailableModels();
       |                        ^
    12 |     const language = models
    13 |       .filter((model) => (model.modelType ?? "language") === "language")
    14 |       .map((model) => ({ {
    cause: undefined
  }
}
 GET /api/commands 200 in 2.7s (next.js: 2.5s, application-code: 139ms)
 GET /api/models 503 in 2.7s (next.js: 2.5s, application-code: 139ms)
 GET /api/capabilities 200 in 2.6s (next.js: 2.5s, application-code: 139ms)
[browser] ../../../../../Users/jaywest/Myeve/node_modules/@novnc/novnc/core/util/browser.js
The generated code contains 'async/await' because this module is using "topLevelAwait".
However, your target environment does not appear to support 'async/await'.
As a result, the code may not run as expected or may cause runtime errors.

Import trace for requested module:
../../../../../Users/jaywest/Myeve/node_modules/@novnc/novnc/core/util/browser.js
../../../../../Users/jaywest/Myeve/node_modules/@novnc/novnc/core/rfb.js
./components/computer-viewer.tsx
./components/computer-workspace.tsx
./app/chat.tsx
 GET /api/commands 200 in 2ms (next.js: 0.7ms, application-code: 1.4ms)
Model catalog failed Error [GatewayAuthenticationError]: AI Gateway authentication failed: No authentication provided.

Option 1 - API key:
Create an API key: https://vercel.com/d?to=%2F%5Bteam%5D%2F%7E%2Fai%2Fapi-keys
Provide via 'apiKey' option or 'AI_GATEWAY_API_KEY' environment variable.

Option 2 - Vercel access token:
Pass a Vercel personal access token or Vercel app access token via the 'apiKey' option.

Option 3 - OIDC token:
Run 'npx vercel link' to link your project, then 'vc env pull' to fetch the token.
    at async GET (app/api/models/route.ts:11:24)
   9 |
  10 |   try {
> 11 |     const { models } = await gateway.getAvailableModels();
     |                        ^
  12 |     const language = models
  13 |       .filter((model) => (model.modelType ?? "language") === "language")
  14 |       .map((model) => ({ {
  statusCode: 401,
  generationId: undefined,
  isRetryable: false,
  type: 'authentication_error',
  [cause]: Error [VercelOidcTokenError]: The 'x-vercel-oidc-token' header is missing from the request. Do you have the OIDC option enabled in the Vercel project settings?
  Unable to find project root directory. Have you linked your project with `vc link?`
      at async GET (app/api/models/route.ts:11:24)
     9 |
    10 |   try {
  > 11 |     const { models } = await gateway.getAvailableModels();
       |                        ^
    12 |     const language = models
    13 |       .filter((model) => (model.modelType ?? "language") === "language")
    14 |       .map((model) => ({ {
    cause: undefined
  }
}
 GET /api/models 503 in 2ms (next.js: 0.4ms, application-code: 2.0ms)
 GET /api/agents 200 in 2.7s (next.js: 2.5s, application-code: 151ms)
 GET /api/threads 200 in 2.7s (next.js: 2.5s, application-code: 152ms)
 GET /api/threads 200 in 1.8ms (next.js: 0.3ms, application-code: 1.5ms)
 GET /api/agents 200 in 6ms (next.js: 0.4ms, application-code: 6ms)
 GET /api/files 200 in 2.7s (next.js: 2.5s, application-code: 161ms)
 GET /api/files 200 in 2ms (next.js: 0.5ms, application-code: 1.7ms)
⚠ ../../../../../Users/jaywest/Myeve/node_modules/@novnc/novnc/core/util/browser.js
The generated code contains 'async/await' because this module is using "topLevelAwait".
However, your target environment does not appear to support 'async/await'.
As a result, the code may not run as expected or may cause runtime errors.

Import trace for requested module:
../../../../../Users/jaywest/Myeve/node_modules/@novnc/novnc/core/util/browser.js
../../../../../Users/jaywest/Myeve/node_modules/@novnc/novnc/core/rfb.js
./components/computer-viewer.tsx
./components/computer-workspace.tsx
./app/chat.tsx
⚠ ../../../../../Users/jaywest/Myeve/node_modules/@novnc/novnc/core/util/browser.js
The generated code contains 'async/await' because this module is using "topLevelAwait".
However, your target environment does not appear to support 'async/await'.
As a result, the code may not run as expected or may cause runtime errors.

Import trace for requested module:
../../../../../Users/jaywest/Myeve/node_modules/@novnc/novnc/core/util/browser.js
../../../../../Users/jaywest/Myeve/node_modules/@novnc/novnc/core/rfb.js
./components/computer-viewer.tsx
./components/computer-workspace.tsx
./app/chat.tsx
[browser] ../../../../../Users/jaywest/Myeve/node_modules/@novnc/novnc/core/util/browser.js
The generated code contains 'async/await' because this module is using "topLevelAwait".
However, your target environment does not appear to support 'async/await'.
As a result, the code may not run as expected or may cause runtime errors.

Import trace for requested module:
../../../../../Users/jaywest/Myeve/node_modules/@novnc/novnc/core/util/browser.js
../../../../../Users/jaywest/Myeve/node_modules/@novnc/novnc/core/rfb.js
./components/computer-viewer.tsx
./components/computer-workspace.tsx
./app/chat.tsx
 GET /manage 200 in 894ms (next.js: 725ms, proxy.ts: 1.6ms, application-code: 167ms)
[browser] ../../../../../Users/jaywest/Myeve/node_modules/@novnc/novnc/core/util/browser.js
The generated code contains 'async/await' because this module is using "topLevelAwait".
However, your target environment does not appear to support 'async/await'.
As a result, the code may not run as expected or may cause runtime errors.
 GET /api/capabilities 200 in 163ms (next.js: 47ms, application-code: 116ms)
⚠ ../../../../../Users/jaywest/Myeve/node_modules/@novnc/novnc/core/util/browser.js
The generated code contains 'async/await' because this module is using "topLevelAwait".
However, your target environment does not appear to support 'async/await'.
As a result, the code may not run as expected or may cause runtime errors.

Import trace for requested module:
../../../../../Users/jaywest/Myeve/node_modules/@novnc/novnc/core/util/browser.js
../../../../../Users/jaywest/Myeve/node_modules/@novnc/novnc/core/rfb.js
./components/computer-viewer.tsx
./components/computer-workspace.tsx
./app/chat.tsx
[browser] ../../../../../Users/jaywest/Myeve/node_modules/@novnc/novnc/core/util/browser.js
The generated code contains 'async/await' because this module is using "topLevelAwait".
However, your target environment does not appear to support 'async/await'.
As a result, the code may not run as expected or may cause runtime errors.

Import trace for requested module:
../../../../../Users/jaywest/Myeve/node_modules/@novnc/novnc/core/util/browser.js
../../../../../Users/jaywest/Myeve/node_modules/@novnc/novnc/core/rfb.js
./components/computer-viewer.tsx
./components/computer-workspace.tsx
./app/chat.tsx
⚠ ../../../../../Users/jaywest/Myeve/node_modules/@novnc/novnc/core/util/browser.js
The generated code contains 'async/await' because this module is using "topLevelAwait".
However, your target environment does not appear to support 'async/await'.
As a result, the code may not run as expected or may cause runtime errors.

Import trace for requested module:
../../../../../Users/jaywest/Myeve/node_modules/@novnc/novnc/core/util/browser.js
../../../../../Users/jaywest/Myeve/node_modules/@novnc/novnc/core/rfb.js
./components/computer-viewer.tsx
./components/computer-workspace.tsx
./app/chat.tsx
Model catalog failed Error [GatewayAuthenticationError]: AI Gateway authentication failed: No authentication provided.

Option 1 - API key:
Create an API key: https://vercel.com/d?to=%2F%5Bteam%5D%2F%7E%2Fai%2Fapi-keys
Provide via 'apiKey' option or 'AI_GATEWAY_API_KEY' environment variable.

Option 2 - Vercel access token:
Pass a Vercel personal access token or Vercel app access token via the 'apiKey' option.

Option 3 - OIDC token:
Run 'npx vercel link' to link your project, then 'vc env pull' to fetch the token.
    at async GET (app/api/models/route.ts:11:24)
   9 |
  10 |   try {
> 11 |     const { models } = await gateway.getAvailableModels();
     |                        ^
  12 |     const language = models
  13 |       .filter((model) => (model.modelType ?? "language") === "language")
  14 |       .map((model) => ({ {
  statusCode: 401,
  generationId: undefined,
  isRetryable: false,
  type: 'authentication_error',
  [cause]: Error [VercelOidcTokenError]: The 'x-vercel-oidc-token' header is missing from the request. Do you have the OIDC option enabled in the Vercel project settings?
  Unable to find project root directory. Have you linked your project with `vc link?`
      at async GET (app/api/models/route.ts:11:24)
     9 |
    10 |   try {
  > 11 |     const { models } = await gateway.getAvailableModels();
       |                        ^
    12 |     const language = models
    13 |       .filter((model) => (model.modelType ?? "language") === "language")
    14 |       .map((model) => ({ {
    cause: undefined
  }
}
 GET /api/update-check 200 in 2.2s (next.js: 2.2s, application-code: 82ms)
 GET /api/commands 200 in 2.2s (next.js: 2.1s, application-code: 83ms)
 GET /api/models 503 in 2.2s (next.js: 2.1s, application-code: 83ms)
[browser] ../../../../../Users/jaywest/Myeve/node_modules/@novnc/novnc/core/util/browser.js
The generated code contains 'async/await' because this module is using "topLevelAwait".
However, your target environment does not appear to support 'async/await'.
As a result, the code may not run as expected or may cause runtime errors.

Import trace for requested module:
../../../../../Users/jaywest/Myeve/node_modules/@novnc/novnc/core/util/browser.js
../../../../../Users/jaywest/Myeve/node_modules/@novnc/novnc/core/rfb.js
./components/computer-viewer.tsx
./components/computer-workspace.tsx
./app/chat.tsx
 GET /api/capabilities 200 in 3ms (next.js: 1.1ms, application-code: 1.7ms)
⚠ ../../../../../Users/jaywest/Myeve/node_modules/@novnc/novnc/core/util/browser.js
The generated code contains 'async/await' because this module is using "topLevelAwait".
However, your target environment does not appear to support 'async/await'.
As a result, the code may not run as expected or may cause runtime errors.

Import trace for requested module:
../../../../../Users/jaywest/Myeve/node_modules/@novnc/novnc/core/util/browser.js
../../../../../Users/jaywest/Myeve/node_modules/@novnc/novnc/core/rfb.js
./components/computer-viewer.tsx
./components/computer-workspace.tsx
./app/chat.tsx
 GET /api/agents 200 in 2.2s (next.js: 2.1s, application-code: 105ms)
 GET /api/threads 200 in 2.0s (next.js: 1885ms, application-code: 128ms)
[browser] ../../../../../Users/jaywest/Myeve/node_modules/@novnc/novnc/core/util/browser.js
The generated code contains 'async/await' because this module is using "topLevelAwait".
However, your target environment does not appear to support 'async/await'.
As a result, the code may not run as expected or may cause runtime errors.

Import trace for requested module:
../../../../../Users/jaywest/Myeve/node_modules/@novnc/novnc/core/util/browser.js
../../../../../Users/jaywest/Myeve/node_modules/@novnc/novnc/core/rfb.js
./components/computer-viewer.tsx
./components/computer-workspace.tsx
./app/chat.tsx
⚠ ../../../../../Users/jaywest/Myeve/node_modules/@novnc/novnc/core/util/browser.js
The generated code contains 'async/await' because this module is using "topLevelAwait".
However, your target environment does not appear to support 'async/await'.
As a result, the code may not run as expected or may cause runtime errors.

Import trace for requested module:
../../../../../Users/jaywest/Myeve/node_modules/@novnc/novnc/core/util/browser.js
../../../../../Users/jaywest/Myeve/node_modules/@novnc/novnc/core/rfb.js
./components/computer-viewer.tsx
./components/computer-workspace.tsx
./app/chat.tsx
Model catalog failed Error [GatewayAuthenticationError]: AI Gateway authentication failed: No authentication provided.

Option 1 - API key:
Create an API key: https://vercel.com/d?to=%2F%5Bteam%5D%2F%7E%2Fai%2Fapi-keys
Provide via 'apiKey' option or 'AI_GATEWAY_API_KEY' environment variable.

Option 2 - Vercel access token:
Pass a Vercel personal access token or Vercel app access token via the 'apiKey' option.

Option 3 - OIDC token:
Run 'npx vercel link' to link your project, then 'vc env pull' to fetch the token.
    at async GET (app/api/models/route.ts:11:24)
   9 |
  10 |   try {
> 11 |     const { models } = await gateway.getAvailableModels();
     |                        ^
  12 |     const language = models
  13 |       .filter((model) => (model.modelType ?? "language") === "language")
  14 |       .map((model) => ({ {
  statusCode: 401,
  generationId: undefined,
  isRetryable: false,
  type: 'authentication_error',
  [cause]: Error [VercelOidcTokenError]: The 'x-vercel-oidc-token' header is missing from the request. Do you have the OIDC option enabled in the Vercel project settings?
  Unable to find project root directory. Have you linked your project with `vc link?`
      at async GET (app/api/models/route.ts:11:24)
     9 |
    10 |   try {
  > 11 |     const { models } = await gateway.getAvailableModels();
       |                        ^
    12 |     const language = models
    13 |       .filter((model) => (model.modelType ?? "language") === "language")
    14 |       .map((model) => ({ {
    cause: undefined
  }
}
 GET /api/update-check 200 in 10.0s (next.js: 9.9s, application-code: 99ms)
 GET /api/commands 200 in 9.9s (next.js: 9.8s, application-code: 100ms)
 GET /api/models 503 in 9.9s (next.js: 9.8s, application-code: 99ms)
 GET /api/capabilities 200 in 9.9s (next.js: 9.8s, application-code: 100ms)
[browser] ../../../../../Users/jaywest/Myeve/node_modules/@novnc/novnc/core/util/browser.js
The generated code contains 'async/await' because this module is using "topLevelAwait".
However, your target environment does not appear to support 'async/await'.
As a result, the code may not run as expected or may cause runtime errors.

Import trace for requested module:
../../../../../Users/jaywest/Myeve/node_modules/@novnc/novnc/core/util/browser.js
../../../../../Users/jaywest/Myeve/node_modules/@novnc/novnc/core/rfb.js
./components/computer-viewer.tsx
./components/computer-workspace.tsx
./app/chat.tsx
 GET /api/automations 200 in 10.2s (next.js: 9.9s, application-code: 284ms)
 GET /api/agents 200 in 76ms (next.js: 8ms, application-code: 67ms)
 GET /api/review-schedule 200 in 66ms (next.js: 0.4ms, application-code: 66ms)
⚠ Fast Refresh had to perform a full reload. Read more: https://nextjs.org/docs/messages/fast-refresh-reload
 GET /api/threads 200 in 73ms (next.js: 12ms, application-code: 61ms)
 GET /manage 200 in 87ms (next.js: 45ms, proxy.ts: 36ms, application-code: 6ms)
 GET / 200 in 10.4s (next.js: 9.9s, proxy.ts: 127ms, application-code: 337ms)
[browser] ../../../../../Users/jaywest/Myeve/node_modules/@novnc/novnc/core/util/browser.js
The generated code contains 'async/await' because this module is using "topLevelAwait".
However, your target environment does not appear to support 'async/await'.
As a result, the code may not run as expected or may cause runtime errors.
⚠ ../../../../../Users/jaywest/Myeve/node_modules/@novnc/novnc/core/util/browser.js
The generated code contains 'async/await' because this module is using "topLevelAwait".
However, your target environment does not appear to support 'async/await'.
As a result, the code may not run as expected or may cause runtime errors.

Import trace for requested module:
../../../../../Users/jaywest/Myeve/node_modules/@novnc/novnc/core/util/browser.js
../../../../../Users/jaywest/Myeve/node_modules/@novnc/novnc/core/rfb.js
./components/computer-viewer.tsx
./components/computer-workspace.tsx
./app/chat.tsx
⚠ ../../../../../Users/jaywest/Myeve/node_modules/@novnc/novnc/core/util/browser.js
The generated code contains 'async/await' because this module is using "topLevelAwait".
However, your target environment does not appear to support 'async/await'.
As a result, the code may not run as expected or may cause runtime errors.

Import trace for requested module:
../../../../../Users/jaywest/Myeve/node_modules/@novnc/novnc/core/util/browser.js
../../../../../Users/jaywest/Myeve/node_modules/@novnc/novnc/core/rfb.js
./components/computer-viewer.tsx
./components/computer-workspace.tsx
./app/chat.tsx
[browser] ../../../../../Users/jaywest/Myeve/node_modules/@novnc/novnc/core/util/browser.js
The generated code contains 'async/await' because this module is using "topLevelAwait".
However, your target environment does not appear to support 'async/await'.
As a result, the code may not run as expected or may cause runtime errors.

Import trace for requested module:
../../../../../Users/jaywest/Myeve/node_modules/@novnc/novnc/core/util/browser.js
../../../../../Users/jaywest/Myeve/node_modules/@novnc/novnc/core/rfb.js
./components/computer-viewer.tsx
./components/computer-workspace.tsx
./app/chat.tsx
 GET / 200 in 36ms (next.js: 4ms, proxy.ts: 5ms, application-code: 27ms)
 GET /goals 200 in 4.0s (next.js: 3.5s, proxy.ts: 4ms, application-code: 433ms)
[browser] ../../../../../Users/jaywest/Myeve/node_modules/@novnc/novnc/core/util/browser.js
The generated code contains 'async/await' because this module is using "topLevelAwait".
However, your target environment does not appear to support 'async/await'.
As a result, the code may not run as expected or may cause runtime errors.
⚠ ../../../../../Users/jaywest/Myeve/node_modules/@novnc/novnc/core/util/browser.js
The generated code contains 'async/await' because this module is using "topLevelAwait".
However, your target environment does not appear to support 'async/await'.
As a result, the code may not run as expected or may cause runtime errors.

Import trace for requested module:
../../../../../Users/jaywest/Myeve/node_modules/@novnc/novnc/core/util/browser.js
../../../../../Users/jaywest/Myeve/node_modules/@novnc/novnc/core/rfb.js
./components/computer-viewer.tsx
./components/computer-workspace.tsx
./app/chat.tsx
[browser] ../../../../../Users/jaywest/Myeve/node_modules/@novnc/novnc/core/util/browser.js
The generated code contains 'async/await' because this module is using "topLevelAwait".
However, your target environment does not appear to support 'async/await'.
As a result, the code may not run as expected or may cause runtime errors.

Import trace for requested module:
../../../../../Users/jaywest/Myeve/node_modules/@novnc/novnc/core/util/browser.js
../../../../../Users/jaywest/Myeve/node_modules/@novnc/novnc/core/rfb.js
./components/computer-viewer.tsx
./components/computer-workspace.tsx
./app/chat.tsx
⚠ ../../../../../Users/jaywest/Myeve/node_modules/@novnc/novnc/core/util/browser.js
The generated code contains 'async/await' because this module is using "topLevelAwait".
However, your target environment does not appear to support 'async/await'.
As a result, the code may not run as expected or may cause runtime errors.

Import trace for requested module:
../../../../../Users/jaywest/Myeve/node_modules/@novnc/novnc/core/util/browser.js
../../../../../Users/jaywest/Myeve/node_modules/@novnc/novnc/core/rfb.js
./components/computer-viewer.tsx
./components/computer-workspace.tsx
./app/chat.tsx
Model catalog failed Error [GatewayAuthenticationError]: AI Gateway authentication failed: No authentication provided.

Option 1 - API key:
Create an API key: https://vercel.com/d?to=%2F%5Bteam%5D%2F%7E%2Fai%2Fapi-keys
Provide via 'apiKey' option or 'AI_GATEWAY_API_KEY' environment variable.

Option 2 - Vercel access token:
Pass a Vercel personal access token or Vercel app access token via the 'apiKey' option.

Option 3 - OIDC token:
Run 'npx vercel link' to link your project, then 'vc env pull' to fetch the token.
    at async GET (app/api/models/route.ts:11:24)
   9 |
  10 |   try {
> 11 |     const { models } = await gateway.getAvailableModels();
     |                        ^
  12 |     const language = models
  13 |       .filter((model) => (model.modelType ?? "language") === "language")
  14 |       .map((model) => ({ {
  statusCode: 401,
  generationId: undefined,
  isRetryable: false,
  type: 'authentication_error',
  [cause]: Error [VercelOidcTokenError]: The 'x-vercel-oidc-token' header is missing from the request. Do you have the OIDC option enabled in the Vercel project settings?
  Unable to find project root directory. Have you linked your project with `vc link?`
      at async GET (app/api/models/route.ts:11:24)
     9 |
    10 |   try {
  > 11 |     const { models } = await gateway.getAvailableModels();
       |                        ^
    12 |     const language = models
    13 |       .filter((model) => (model.modelType ?? "language") === "language")
    14 |       .map((model) => ({ {
    cause: undefined
  }
}
 GET /api/commands 200 in 7.1s (next.js: 6.8s, application-code: 262ms)
 GET /api/models 503 in 7.2s (next.js: 6.9s, application-code: 288ms)
[browser] ../../../../../Users/jaywest/Myeve/node_modules/@novnc/novnc/core/util/browser.js
The generated code contains 'async/await' because this module is using "topLevelAwait".
However, your target environment does not appear to support 'async/await'.
As a result, the code may not run as expected or may cause runtime errors.

Import trace for requested module:
../../../../../Users/jaywest/Myeve/node_modules/@novnc/novnc/core/util/browser.js
../../../../../Users/jaywest/Myeve/node_modules/@novnc/novnc/core/rfb.js
./components/computer-viewer.tsx
./components/computer-workspace.tsx
./app/chat.tsx
 GET /api/capabilities 200 in 3ms (next.js: 0.9ms, application-code: 1.8ms)
 GET /api/commands 200 in 2ms (next.js: 0.8ms, application-code: 1.4ms)
Model catalog failed Error [GatewayAuthenticationError]: AI Gateway authentication failed: No authentication provided.

Option 1 - API key:
Create an API key: https://vercel.com/d?to=%2F%5Bteam%5D%2F%7E%2Fai%2Fapi-keys
Provide via 'apiKey' option or 'AI_GATEWAY_API_KEY' environment variable.

Option 2 - Vercel access token:
Pass a Vercel personal access token or Vercel app access token via the 'apiKey' option.

Option 3 - OIDC token:
Run 'npx vercel link' to link your project, then 'vc env pull' to fetch the token.
    at async GET (app/api/models/route.ts:11:24)
   9 |
  10 |   try {
> 11 |     const { models } = await gateway.getAvailableModels();
     |                        ^
  12 |     const language = models
  13 |       .filter((model) => (model.modelType ?? "language") === "language")
  14 |       .map((model) => ({ {
  statusCode: 401,
  generationId: undefined,
  isRetryable: false,
  type: 'authentication_error',
  [cause]: Error [VercelOidcTokenError]: The 'x-vercel-oidc-token' header is missing from the request. Do you have the OIDC option enabled in the Vercel project settings?
  Unable to find project root directory. Have you linked your project with `vc link?`
      at async GET (app/api/models/route.ts:11:24)
     9 |
    10 |   try {
  > 11 |     const { models } = await gateway.getAvailableModels();
       |                        ^
    12 |     const language = models
    13 |       .filter((model) => (model.modelType ?? "language") === "language")
    14 |       .map((model) => ({ {
    cause: undefined
  }
}
 GET /api/models 503 in 3ms (next.js: 0.4ms, application-code: 3ms)
 GET /api/goals 200 in 7.4s (next.js: 7.1s, application-code: 312ms)
 GET /api/agents 200 in 7.2s (next.js: 6.9s, application-code: 317ms)
 GET /api/goals 200 in 5ms (next.js: 0.5ms, application-code: 4ms)
 GET /api/threads 200 in 4.7s (next.js: 4.4s, application-code: 327ms)
 GET /api/goals/focus 200 in 7.4s (next.js: 7.1s, application-code: 334ms)
 GET /api/agents 200 in 12ms (next.js: 0.5ms, application-code: 11ms)
 GET /api/threads 200 in 4ms (next.js: 0.5ms, application-code: 4ms)
 GET /api/goals/focus 200 in 9ms (next.js: 0.5ms, application-code: 8ms)
⚠ ../../../../../Users/jaywest/Myeve/node_modules/@novnc/novnc/core/util/browser.js
The generated code contains 'async/await' because this module is using "topLevelAwait".
However, your target environment does not appear to support 'async/await'.
As a result, the code may not run as expected or may cause runtime errors.

Import trace for requested module:
../../../../../Users/jaywest/Myeve/node_modules/@novnc/novnc/core/util/browser.js
../../../../../Users/jaywest/Myeve/node_modules/@novnc/novnc/core/rfb.js
./components/computer-viewer.tsx
./components/computer-workspace.tsx
./app/chat.tsx
[browser] ../../../../../Users/jaywest/Myeve/node_modules/@novnc/novnc/core/util/browser.js
The generated code contains 'async/await' because this module is using "topLevelAwait".
However, your target environment does not appear to support 'async/await'.
As a result, the code may not run as expected or may cause runtime errors.

Import trace for requested module:
../../../../../Users/jaywest/Myeve/node_modules/@novnc/novnc/core/util/browser.js
../../../../../Users/jaywest/Myeve/node_modules/@novnc/novnc/core/rfb.js
./components/computer-viewer.tsx
./components/computer-workspace.tsx
./app/chat.tsx
⚠ ../../../../../Users/jaywest/Myeve/node_modules/@novnc/novnc/core/util/browser.js
The generated code contains 'async/await' because this module is using "topLevelAwait".
However, your target environment does not appear to support 'async/await'.
As a result, the code may not run as expected or may cause runtime errors.

Import trace for requested module:
../../../../../Users/jaywest/Myeve/node_modules/@novnc/novnc/core/util/browser.js
../../../../../Users/jaywest/Myeve/node_modules/@novnc/novnc/core/rfb.js
./components/computer-viewer.tsx
./components/computer-workspace.tsx
./app/chat.tsx
[browser] ../../../../../Users/jaywest/Myeve/node_modules/@novnc/novnc/core/util/browser.js
The generated code contains 'async/await' because this module is using "topLevelAwait".
However, your target environment does not appear to support 'async/await'.
As a result, the code may not run as expected or may cause runtime errors.

Import trace for requested module:
../../../../../Users/jaywest/Myeve/node_modules/@novnc/novnc/core/util/browser.js
../../../../../Users/jaywest/Myeve/node_modules/@novnc/novnc/core/rfb.js
./components/computer-viewer.tsx
./components/computer-workspace.tsx
./app/chat.tsx
⚠ ../../../../../Users/jaywest/Myeve/node_modules/@novnc/novnc/core/util/browser.js
The generated code contains 'async/await' because this module is using "topLevelAwait".
However, your target environment does not appear to support 'async/await'.
As a result, the code may not run as expected or may cause runtime errors.

Import trace for requested module:
../../../../../Users/jaywest/Myeve/node_modules/@novnc/novnc/core/util/browser.js
../../../../../Users/jaywest/Myeve/node_modules/@novnc/novnc/core/rfb.js
./components/computer-viewer.tsx
./components/computer-workspace.tsx
./app/chat.tsx
 GET /api/goals/goal_b96e7077-00db-43dd-913c-372f69f9301e 200 in 1542ms (next.js: 1506ms, application-code: 36ms)
⚠ ../../../../../Users/jaywest/Myeve/node_modules/@novnc/novnc/core/util/browser.js
The generated code contains 'async/await' because this module is using "topLevelAwait".
However, your target environment does not appear to support 'async/await'.
As a result, the code may not run as expected or may cause runtime errors.

Import trace for requested module:
../../../../../Users/jaywest/Myeve/node_modules/@novnc/novnc/core/util/browser.js
../../../../../Users/jaywest/Myeve/node_modules/@novnc/novnc/core/rfb.js
./components/computer-viewer.tsx
./components/computer-workspace.tsx
./app/chat.tsx
[browser] ../../../../../Users/jaywest/Myeve/node_modules/@novnc/novnc/core/util/browser.js
The generated code contains 'async/await' because this module is using "topLevelAwait".
However, your target environment does not appear to support 'async/await'.
As a result, the code may not run as expected or may cause runtime errors.

Import trace for requested module:
../../../../../Users/jaywest/Myeve/node_modules/@novnc/novnc/core/util/browser.js
../../../../../Users/jaywest/Myeve/node_modules/@novnc/novnc/core/rfb.js
./components/computer-viewer.tsx
./components/computer-workspace.tsx
./app/chat.tsx
 GET /knowledge 200 in 1241ms (next.js: 891ms, proxy.ts: 49ms, application-code: 301ms)
[browser] ../../../../../Users/jaywest/Myeve/node_modules/@novnc/novnc/core/util/browser.js
The generated code contains 'async/await' because this module is using "topLevelAwait".
However, your target environment does not appear to support 'async/await'.
As a result, the code may not run as expected or may cause runtime errors.
Model catalog failed Error [GatewayAuthenticationError]: AI Gateway authentication failed: No authentication provided.

Option 1 - API key:
Create an API key: https://vercel.com/d?to=%2F%5Bteam%5D%2F%7E%2Fai%2Fapi-keys
Provide via 'apiKey' option or 'AI_GATEWAY_API_KEY' environment variable.

Option 2 - Vercel access token:
Pass a Vercel personal access token or Vercel app access token via the 'apiKey' option.

Option 3 - OIDC token:
Run 'npx vercel link' to link your project, then 'vc env pull' to fetch the token.
    at async GET (app/api/models/route.ts:11:24)
   9 |
  10 |   try {
> 11 |     const { models } = await gateway.getAvailableModels();
     |                        ^
  12 |     const language = models
  13 |       .filter((model) => (model.modelType ?? "language") === "language")
  14 |       .map((model) => ({ {
  statusCode: 401,
  generationId: undefined,
  isRetryable: false,
  type: 'authentication_error',
  [cause]: Error [VercelOidcTokenError]: The 'x-vercel-oidc-token' header is missing from the request. Do you have the OIDC option enabled in the Vercel project settings?
  Unable to find project root directory. Have you linked your project with `vc link?`
      at async GET (app/api/models/route.ts:11:24)
     9 |
    10 |   try {
  > 11 |     const { models } = await gateway.getAvailableModels();
       |                        ^
    12 |     const language = models
    13 |       .filter((model) => (model.modelType ?? "language") === "language")
    14 |       .map((model) => ({ {
    cause: undefined
  }
}
 GET /api/models 503 in 21ms (next.js: 1.2ms, application-code: 19ms)
 GET /api/capabilities 200 in 31ms (next.js: 3ms, application-code: 29ms)
 GET /api/commands 200 in 47ms (next.js: 3ms, application-code: 44ms)
Model catalog failed Error [GatewayAuthenticationError]: AI Gateway authentication failed: No authentication provided.

Option 1 - API key:
Create an API key: https://vercel.com/d?to=%2F%5Bteam%5D%2F%7E%2Fai%2Fapi-keys
Provide via 'apiKey' option or 'AI_GATEWAY_API_KEY' environment variable.

Option 2 - Vercel access token:
Pass a Vercel personal access token or Vercel app access token via the 'apiKey' option.

Option 3 - OIDC token:
Run 'npx vercel link' to link your project, then 'vc env pull' to fetch the token.
    at async GET (app/api/models/route.ts:11:24)
   9 |
  10 |   try {
> 11 |     const { models } = await gateway.getAvailableModels();
     |                        ^
  12 |     const language = models
  13 |       .filter((model) => (model.modelType ?? "language") === "language")
  14 |       .map((model) => ({ {
  statusCode: 401,
  generationId: undefined,
  isRetryable: false,
  type: 'authentication_error',
  [cause]: Error [VercelOidcTokenError]: The 'x-vercel-oidc-token' header is missing from the request. Do you have the OIDC option enabled in the Vercel project settings?
  Unable to find project root directory. Have you linked your project with `vc link?`
      at async GET (app/api/models/route.ts:11:24)
     9 |
    10 |   try {
  > 11 |     const { models } = await gateway.getAvailableModels();
       |                        ^
    12 |     const language = models
    13 |       .filter((model) => (model.modelType ?? "language") === "language")
    14 |       .map((model) => ({ {
    cause: undefined
  }
}
 GET /api/models 503 in 3ms (next.js: 0.5ms, application-code: 3ms)
 GET /api/capabilities 200 in 1.9ms (next.js: 0.5ms, application-code: 1.4ms)
 GET /api/commands 200 in 1.4ms (next.js: 0.4ms, application-code: 1.1ms)
 GET /api/agents 200 in 90ms (next.js: 4ms, application-code: 86ms)
 GET /api/agents 200 in 4ms (next.js: 0.5ms, application-code: 3ms)
⚠ ../../../../../Users/jaywest/Myeve/node_modules/@novnc/novnc/core/util/browser.js
The generated code contains 'async/await' because this module is using "topLevelAwait".
However, your target environment does not appear to support 'async/await'.
As a result, the code may not run as expected or may cause runtime errors.

Import trace for requested module:
../../../../../Users/jaywest/Myeve/node_modules/@novnc/novnc/core/util/browser.js
../../../../../Users/jaywest/Myeve/node_modules/@novnc/novnc/core/rfb.js
./components/computer-viewer.tsx
./components/computer-workspace.tsx
./app/chat.tsx
 GET /api/threads 200 in 293ms (next.js: 5ms, application-code: 288ms)
[browser] ../../../../../Users/jaywest/Myeve/node_modules/@novnc/novnc/core/util/browser.js
The generated code contains 'async/await' because this module is using "topLevelAwait".
However, your target environment does not appear to support 'async/await'.
As a result, the code may not run as expected or may cause runtime errors.

Import trace for requested module:
../../../../../Users/jaywest/Myeve/node_modules/@novnc/novnc/core/util/browser.js
../../../../../Users/jaywest/Myeve/node_modules/@novnc/novnc/core/rfb.js
./components/computer-viewer.tsx
./components/computer-workspace.tsx
./app/chat.tsx
⚠ ../../../../../Users/jaywest/Myeve/node_modules/@novnc/novnc/core/util/browser.js
The generated code contains 'async/await' because this module is using "topLevelAwait".
However, your target environment does not appear to support 'async/await'.
As a result, the code may not run as expected or may cause runtime errors.

Import trace for requested module:
../../../../../Users/jaywest/Myeve/node_modules/@novnc/novnc/core/util/browser.js
../../../../../Users/jaywest/Myeve/node_modules/@novnc/novnc/core/rfb.js
./components/computer-viewer.tsx
./components/computer-workspace.tsx
./app/chat.tsx
[browser] ../../../../../Users/jaywest/Myeve/node_modules/@novnc/novnc/core/util/browser.js
The generated code contains 'async/await' because this module is using "topLevelAwait".
However, your target environment does not appear to support 'async/await'.
As a result, the code may not run as expected or may cause runtime errors.

Import trace for requested module:
../../../../../Users/jaywest/Myeve/node_modules/@novnc/novnc/core/util/browser.js
../../../../../Users/jaywest/Myeve/node_modules/@novnc/novnc/core/rfb.js
./components/computer-viewer.tsx
./components/computer-workspace.tsx
./app/chat.tsx
 GET /api/knowledge?type=decision 200 in 1833ms (next.js: 1812ms, application-code: 21ms)
⚠ ../../../../../Users/jaywest/Myeve/node_modules/@novnc/novnc/core/util/browser.js
The generated code contains 'async/await' because this module is using "topLevelAwait".
However, your target environment does not appear to support 'async/await'.
As a result, the code may not run as expected or may cause runtime errors.

Import trace for requested module:
../../../../../Users/jaywest/Myeve/node_modules/@novnc/novnc/core/util/browser.js
../../../../../Users/jaywest/Myeve/node_modules/@novnc/novnc/core/rfb.js
./components/computer-viewer.tsx
./components/computer-workspace.tsx
./app/chat.tsx
 GET /api/threads 200 in 2.0s (next.js: 1610ms, application-code: 435ms)
[browser] ../../../../../Users/jaywest/Myeve/node_modules/@novnc/novnc/core/util/browser.js
The generated code contains 'async/await' because this module is using "topLevelAwait".
However, your target environment does not appear to support 'async/await'.
As a result, the code may not run as expected or may cause runtime errors.

Import trace for requested module:
../../../../../Users/jaywest/Myeve/node_modules/@novnc/novnc/core/util/browser.js
../../../../../Users/jaywest/Myeve/node_modules/@novnc/novnc/core/rfb.js
./components/computer-viewer.tsx
./components/computer-workspace.tsx
./app/chat.tsx
⚠ ../../../../../Users/jaywest/Myeve/node_modules/@novnc/novnc/core/util/browser.js
The generated code contains 'async/await' because this module is using "topLevelAwait".
However, your target environment does not appear to support 'async/await'.
As a result, the code may not run as expected or may cause runtime errors.

Import trace for requested module:
../../../../../Users/jaywest/Myeve/node_modules/@novnc/novnc/core/util/browser.js
../../../../../Users/jaywest/Myeve/node_modules/@novnc/novnc/core/rfb.js
./components/computer-viewer.tsx
./components/computer-workspace.tsx
./app/chat.tsx
[browser] ../../../../../Users/jaywest/Myeve/node_modules/@novnc/novnc/core/util/browser.js
The generated code contains 'async/await' because this module is using "topLevelAwait".
However, your target environment does not appear to support 'async/await'.
As a result, the code may not run as expected or may cause runtime errors.

Import trace for requested module:
../../../../../Users/jaywest/Myeve/node_modules/@novnc/novnc/core/util/browser.js
../../../../../Users/jaywest/Myeve/node_modules/@novnc/novnc/core/rfb.js
./components/computer-viewer.tsx
./components/computer-workspace.tsx
./app/chat.tsx
 GET /results 200 in 11.1s (next.js: 10.9s, proxy.ts: 40ms, application-code: 234ms)
 GET /api/knowledge/knowledge_dd5729ca-a57e-405e-9f89-df668748aed7 200 in 10.6s (next.js: 10.3s, application-code: 235ms)
[browser] ../../../../../Users/jaywest/Myeve/node_modules/@novnc/novnc/core/util/browser.js
The generated code contains 'async/await' because this module is using "topLevelAwait".
However, your target environment does not appear to support 'async/await'.
As a result, the code may not run as expected or may cause runtime errors.
 GET /api/capabilities 200 in 26ms (next.js: 5ms, application-code: 21ms)
Model catalog failed Error [GatewayAuthenticationError]: AI Gateway authentication failed: No authentication provided.

Option 1 - API key:
Create an API key: https://vercel.com/d?to=%2F%5Bteam%5D%2F%7E%2Fai%2Fapi-keys
Provide via 'apiKey' option or 'AI_GATEWAY_API_KEY' environment variable.

Option 2 - Vercel access token:
Pass a Vercel personal access token or Vercel app access token via the 'apiKey' option.

Option 3 - OIDC token:
Run 'npx vercel link' to link your project, then 'vc env pull' to fetch the token.
    at async GET (app/api/models/route.ts:11:24)
   9 |
  10 |   try {
> 11 |     const { models } = await gateway.getAvailableModels();
     |                        ^
  12 |     const language = models
  13 |       .filter((model) => (model.modelType ?? "language") === "language")
  14 |       .map((model) => ({ {
  statusCode: 401,
  generationId: undefined,
  isRetryable: false,
  type: 'authentication_error',
  [cause]: Error [VercelOidcTokenError]: The 'x-vercel-oidc-token' header is missing from the request. Do you have the OIDC option enabled in the Vercel project settings?
  Unable to find project root directory. Have you linked your project with `vc link?`
      at async GET (app/api/models/route.ts:11:24)
     9 |
    10 |   try {
  > 11 |     const { models } = await gateway.getAvailableModels();
       |                        ^
    12 |     const language = models
    13 |       .filter((model) => (model.modelType ?? "language") === "language")
    14 |       .map((model) => ({ {
    cause: undefined
  }
}
 GET /api/models 503 in 67ms (next.js: 5ms, application-code: 63ms)
 GET /api/commands 200 in 125ms (next.js: 13ms, application-code: 112ms)
 GET /api/outcomes?limit=100 200 in 331ms (next.js: 7ms, application-code: 324ms)
 GET /api/capabilities 200 in 2ms (next.js: 0.6ms, application-code: 1.8ms)
Model catalog failed Error [GatewayAuthenticationError]: AI Gateway authentication failed: No authentication provided.

Option 1 - API key:
Create an API key: https://vercel.com/d?to=%2F%5Bteam%5D%2F%7E%2Fai%2Fapi-keys
Provide via 'apiKey' option or 'AI_GATEWAY_API_KEY' environment variable.

Option 2 - Vercel access token:
Pass a Vercel personal access token or Vercel app access token via the 'apiKey' option.

Option 3 - OIDC token:
Run 'npx vercel link' to link your project, then 'vc env pull' to fetch the token.
    at async GET (app/api/models/route.ts:11:24)
   9 |
  10 |   try {
> 11 |     const { models } = await gateway.getAvailableModels();
     |                        ^
  12 |     const language = models
  13 |       .filter((model) => (model.modelType ?? "language") === "language")
  14 |       .map((model) => ({ {
  statusCode: 401,
  generationId: undefined,
  isRetryable: false,
  type: 'authentication_error',
  [cause]: Error [VercelOidcTokenError]: The 'x-vercel-oidc-token' header is missing from the request. Do you have the OIDC option enabled in the Vercel project settings?
  Unable to find project root directory. Have you linked your project with `vc link?`
      at async GET (app/api/models/route.ts:11:24)
     9 |
    10 |   try {
  > 11 |     const { models } = await gateway.getAvailableModels();
       |                        ^
    12 |     const language = models
    13 |       .filter((model) => (model.modelType ?? "language") === "language")
    14 |       .map((model) => ({ {
    cause: undefined
  }
}
 GET /api/models 503 in 4ms (next.js: 0.5ms, application-code: 3ms)
 GET /api/outcomes?limit=100 200 in 187ms (next.js: 0.7ms, application-code: 186ms)
 GET /api/commands 200 in 2ms (next.js: 0.5ms, application-code: 1.5ms)
 GET /api/agents 200 in 230ms (next.js: 31ms, application-code: 199ms)
 GET /api/threads 200 in 71ms (next.js: 39ms, application-code: 32ms)
 GET /api/agents 200 in 9ms (next.js: 0.5ms, application-code: 8ms)
 GET /api/threads 200 in 4ms (next.js: 0.9ms, application-code: 3ms)
⚠ ../../../../../Users/jaywest/Myeve/node_modules/@novnc/novnc/core/util/browser.js
The generated code contains 'async/await' because this module is using "topLevelAwait".
However, your target environment does not appear to support 'async/await'.
As a result, the code may not run as expected or may cause runtime errors.

Import trace for requested module:
../../../../../Users/jaywest/Myeve/node_modules/@novnc/novnc/core/util/browser.js
../../../../../Users/jaywest/Myeve/node_modules/@novnc/novnc/core/rfb.js
./components/computer-viewer.tsx
./components/computer-workspace.tsx
./app/chat.tsx
⚠ ../../../../../Users/jaywest/Myeve/node_modules/@novnc/novnc/core/util/browser.js
The generated code contains 'async/await' because this module is using "topLevelAwait".
However, your target environment does not appear to support 'async/await'.
As a result, the code may not run as expected or may cause runtime errors.

Import trace for requested module:
../../../../../Users/jaywest/Myeve/node_modules/@novnc/novnc/core/util/browser.js
../../../../../Users/jaywest/Myeve/node_modules/@novnc/novnc/core/rfb.js
./components/computer-viewer.tsx
./components/computer-workspace.tsx
./app/chat.tsx
[browser] ../../../../../Users/jaywest/Myeve/node_modules/@novnc/novnc/core/util/browser.js
The generated code contains 'async/await' because this module is using "topLevelAwait".
However, your target environment does not appear to support 'async/await'.
As a result, the code may not run as expected or may cause runtime errors.

Import trace for requested module:
../../../../../Users/jaywest/Myeve/node_modules/@novnc/novnc/core/util/browser.js
../../../../../Users/jaywest/Myeve/node_modules/@novnc/novnc/core/rfb.js
./components/computer-viewer.tsx
./components/computer-workspace.tsx
./app/chat.tsx
 GET /computer 200 in 11.1s (next.js: 10.3s, proxy.ts: 4ms, application-code: 803ms)
[browser] ../../../../../Users/jaywest/Myeve/node_modules/@novnc/novnc/core/util/browser.js
The generated code contains 'async/await' because this module is using "topLevelAwait".
However, your target environment does not appear to support 'async/await'.
As a result, the code may not run as expected or may cause runtime errors.
⚠ ../../../../../Users/jaywest/Myeve/node_modules/@novnc/novnc/core/util/browser.js
The generated code contains 'async/await' because this module is using "topLevelAwait".
However, your target environment does not appear to support 'async/await'.
As a result, the code may not run as expected or may cause runtime errors.

Import trace for requested module:
../../../../../Users/jaywest/Myeve/node_modules/@novnc/novnc/core/util/browser.js
../../../../../Users/jaywest/Myeve/node_modules/@novnc/novnc/core/rfb.js
./components/computer-viewer.tsx
./components/computer-workspace.tsx
./app/chat.tsx
[browser] ../../../../../Users/jaywest/Myeve/node_modules/@novnc/novnc/core/util/browser.js
The generated code contains 'async/await' because this module is using "topLevelAwait".
However, your target environment does not appear to support 'async/await'.
As a result, the code may not run as expected or may cause runtime errors.

Import trace for requested module:
../../../../../Users/jaywest/Myeve/node_modules/@novnc/novnc/core/util/browser.js
../../../../../Users/jaywest/Myeve/node_modules/@novnc/novnc/core/rfb.js
./components/computer-viewer.tsx
./components/computer-workspace.tsx
./app/chat.tsx
⚠ ../../../../../Users/jaywest/Myeve/node_modules/@novnc/novnc/core/util/browser.js
The generated code contains 'async/await' because this module is using "topLevelAwait".
However, your target environment does not appear to support 'async/await'.
As a result, the code may not run as expected or may cause runtime errors.

Import trace for requested module:
../../../../../Users/jaywest/Myeve/node_modules/@novnc/novnc/core/util/browser.js
../../../../../Users/jaywest/Myeve/node_modules/@novnc/novnc/core/rfb.js
./components/computer-viewer.tsx
./components/computer-workspace.tsx
./app/chat.tsx
Model catalog failed Error [GatewayAuthenticationError]: AI Gateway authentication failed: No authentication provided.

Option 1 - API key:
Create an API key: https://vercel.com/d?to=%2F%5Bteam%5D%2F%7E%2Fai%2Fapi-keys
Provide via 'apiKey' option or 'AI_GATEWAY_API_KEY' environment variable.

Option 2 - Vercel access token:
Pass a Vercel personal access token or Vercel app access token via the 'apiKey' option.

Option 3 - OIDC token:
Run 'npx vercel link' to link your project, then 'vc env pull' to fetch the token.
    at async GET (app/api/models/route.ts:11:24)
   9 |
  10 |   try {
> 11 |     const { models } = await gateway.getAvailableModels();
     |                        ^
  12 |     const language = models
  13 |       .filter((model) => (model.modelType ?? "language") === "language")
  14 |       .map((model) => ({ {
  statusCode: 401,
  generationId: undefined,
  isRetryable: false,
  type: 'authentication_error',
  [cause]: Error [VercelOidcTokenError]: The 'x-vercel-oidc-token' header is missing from the request. Do you have the OIDC option enabled in the Vercel project settings?
  Unable to find project root directory. Have you linked your project with `vc link?`
      at async GET (app/api/models/route.ts:11:24)
     9 |
    10 |   try {
  > 11 |     const { models } = await gateway.getAvailableModels();
       |                        ^
    12 |     const language = models
    13 |       .filter((model) => (model.modelType ?? "language") === "language")
    14 |       .map((model) => ({ {
    cause: undefined
  }
}
 GET /api/commands 200 in 12.4s (next.js: 12.0s, application-code: 351ms)
 GET /api/models 503 in 12.6s (next.js: 12.2s, application-code: 351ms)
[browser] ../../../../../Users/jaywest/Myeve/node_modules/@novnc/novnc/core/util/browser.js
The generated code contains 'async/await' because this module is using "topLevelAwait".
However, your target environment does not appear to support 'async/await'.
As a result, the code may not run as expected or may cause runtime errors.

Import trace for requested module:
../../../../../Users/jaywest/Myeve/node_modules/@novnc/novnc/core/util/browser.js
../../../../../Users/jaywest/Myeve/node_modules/@novnc/novnc/core/rfb.js
./components/computer-viewer.tsx
./components/computer-workspace.tsx
./app/chat.tsx
 GET /api/capabilities 200 in 4ms (next.js: 0.5ms, application-code: 3ms)
 GET /api/agents 200 in 12.6s (next.js: 12.2s, application-code: 369ms)
 GET /api/computer-sessions 200 in 12.6s (next.js: 12.2s, application-code: 375ms)
 GET /api/computer-sessions 200 in 22ms (next.js: 0.8ms, application-code: 21ms)
 GET /api/threads 200 in 10.2s (next.js: 9.8s, application-code: 376ms)
 GET /api/computer-sessions 200 in 27ms (next.js: 0.6ms, application-code: 27ms)
 GET /api/commands 200 in 1.5ms (next.js: 0.4ms, application-code: 1.1ms)
Model catalog failed Error [GatewayAuthenticationError]: AI Gateway authentication failed: No authentication provided.

Option 1 - API key:
Create an API key: https://vercel.com/d?to=%2F%5Bteam%5D%2F%7E%2Fai%2Fapi-keys
Provide via 'apiKey' option or 'AI_GATEWAY_API_KEY' environment variable.

Option 2 - Vercel access token:
Pass a Vercel personal access token or Vercel app access token via the 'apiKey' option.

Option 3 - OIDC token:
Run 'npx vercel link' to link your project, then 'vc env pull' to fetch the token.
    at async GET (app/api/models/route.ts:11:24)
   9 |
  10 |   try {
> 11 |     const { models } = await gateway.getAvailableModels();
     |                        ^
  12 |     const language = models
  13 |       .filter((model) => (model.modelType ?? "language") === "language")
  14 |       .map((model) => ({ {
  statusCode: 401,
  generationId: undefined,
  isRetryable: false,
  type: 'authentication_error',
  [cause]: Error [VercelOidcTokenError]: The 'x-vercel-oidc-token' header is missing from the request. Do you have the OIDC option enabled in the Vercel project settings?
  Unable to find project root directory. Have you linked your project with `vc link?`
      at async GET (app/api/models/route.ts:11:24)
     9 |
    10 |   try {
  > 11 |     const { models } = await gateway.getAvailableModels();
       |                        ^
    12 |     const language = models
    13 |       .filter((model) => (model.modelType ?? "language") === "language")
    14 |       .map((model) => ({ {
    cause: undefined
  }
}
 GET /api/models 503 in 4ms (next.js: 0.9ms, application-code: 3ms)
 GET /api/computer-sessions 200 in 59ms (next.js: 0.6ms, application-code: 58ms)
 GET /api/threads 200 in 28ms (next.js: 0.8ms, application-code: 27ms)
 GET /api/agents 200 in 125ms (next.js: 0.6ms, application-code: 124ms)
 GET /computer 200 in 201ms (next.js: 99ms, proxy.ts: 74ms, application-code: 28ms)
 GET /api/computer 200 in 12.9s (next.js: 12.3s, application-code: 584ms)
 GET /api/computer 200 in 17ms (next.js: 0.9ms, application-code: 16ms)
 GET /api/computer?agentId=agent_66a1e235-c274-4052-a0aa-db757e9b3e6b 200 in 14ms (next.js: 0.9ms, application-code: 13ms)
⚠ ../../../../../Users/jaywest/Myeve/node_modules/@novnc/novnc/core/util/browser.js
The generated code contains 'async/await' because this module is using "topLevelAwait".
However, your target environment does not appear to support 'async/await'.
As a result, the code may not run as expected or may cause runtime errors.

Import trace for requested module:
../../../../../Users/jaywest/Myeve/node_modules/@novnc/novnc/core/util/browser.js
../../../../../Users/jaywest/Myeve/node_modules/@novnc/novnc/core/rfb.js
./components/computer-viewer.tsx
./components/computer-workspace.tsx
./app/chat.tsx
⚠ ../../../../../Users/jaywest/Myeve/node_modules/@novnc/novnc/core/util/browser.js
The generated code contains 'async/await' because this module is using "topLevelAwait".
However, your target environment does not appear to support 'async/await'.
As a result, the code may not run as expected or may cause runtime errors.

Import trace for requested module:
../../../../../Users/jaywest/Myeve/node_modules/@novnc/novnc/core/util/browser.js
../../../../../Users/jaywest/Myeve/node_modules/@novnc/novnc/core/rfb.js
./components/computer-viewer.tsx
./components/computer-workspace.tsx
./app/chat.tsx
[browser] ../../../../../Users/jaywest/Myeve/node_modules/@novnc/novnc/core/util/browser.js
The generated code contains 'async/await' because this module is using "topLevelAwait".
However, your target environment does not appear to support 'async/await'.
As a result, the code may not run as expected or may cause runtime errors.

Import trace for requested module:
../../../../../Users/jaywest/Myeve/node_modules/@novnc/novnc/core/util/browser.js
../../../../../Users/jaywest/Myeve/node_modules/@novnc/novnc/core/rfb.js
./components/computer-viewer.tsx
./components/computer-workspace.tsx
./app/chat.tsx
 GET /agents 200 in 3.3s (next.js: 937ms, proxy.ts: 2ms, application-code: 2.4s)
 GET /api/computer-sessions 200 in 70ms (next.js: 3ms, application-code: 68ms)
[browser] ../../../../../Users/jaywest/Myeve/node_modules/@novnc/novnc/core/util/browser.js
The generated code contains 'async/await' because this module is using "topLevelAwait".
However, your target environment does not appear to support 'async/await'.
As a result, the code may not run as expected or may cause runtime errors.
 GET /api/capabilities 200 in 7ms (next.js: 3ms, application-code: 4ms)
Model catalog failed Error [GatewayAuthenticationError]: AI Gateway authentication failed: No authentication provided.

Option 1 - API key:
Create an API key: https://vercel.com/d?to=%2F%5Bteam%5D%2F%7E%2Fai%2Fapi-keys
Provide via 'apiKey' option or 'AI_GATEWAY_API_KEY' environment variable.

Option 2 - Vercel access token:
Pass a Vercel personal access token or Vercel app access token via the 'apiKey' option.

Option 3 - OIDC token:
Run 'npx vercel link' to link your project, then 'vc env pull' to fetch the token.
    at async GET (app/api/models/route.ts:11:24)
   9 |
  10 |   try {
> 11 |     const { models } = await gateway.getAvailableModels();
     |                        ^
  12 |     const language = models
  13 |       .filter((model) => (model.modelType ?? "language") === "language")
  14 |       .map((model) => ({ {
  statusCode: 401,
  generationId: undefined,
  isRetryable: false,
  type: 'authentication_error',
  [cause]: Error [VercelOidcTokenError]: The 'x-vercel-oidc-token' header is missing from the request. Do you have the OIDC option enabled in the Vercel project settings?
  Unable to find project root directory. Have you linked your project with `vc link?`
      at async GET (app/api/models/route.ts:11:24)
     9 |
    10 |   try {
  > 11 |     const { models } = await gateway.getAvailableModels();
       |                        ^
    12 |     const language = models
    13 |       .filter((model) => (model.modelType ?? "language") === "language")
    14 |       .map((model) => ({ {
    cause: undefined
  }
}
 GET /api/models 503 in 21ms (next.js: 1.1ms, application-code: 20ms)
 GET /api/commands 200 in 53ms (next.js: 4ms, application-code: 49ms)
 GET /api/capabilities 200 in 3ms (next.js: 0.7ms, application-code: 2ms)
 GET /api/agents 200 in 120ms (next.js: 9ms, application-code: 111ms)
Model catalog failed Error [GatewayAuthenticationError]: AI Gateway authentication failed: No authentication provided.

Option 1 - API key:
Create an API key: https://vercel.com/d?to=%2F%5Bteam%5D%2F%7E%2Fai%2Fapi-keys
Provide via 'apiKey' option or 'AI_GATEWAY_API_KEY' environment variable.

Option 2 - Vercel access token:
Pass a Vercel personal access token or Vercel app access token via the 'apiKey' option.

Option 3 - OIDC token:
Run 'npx vercel link' to link your project, then 'vc env pull' to fetch the token.
    at async GET (app/api/models/route.ts:11:24)
   9 |
  10 |   try {
> 11 |     const { models } = await gateway.getAvailableModels();
     |                        ^
  12 |     const language = models
  13 |       .filter((model) => (model.modelType ?? "language") === "language")
  14 |       .map((model) => ({ {
  statusCode: 401,
  generationId: undefined,
  isRetryable: false,
  type: 'authentication_error',
  [cause]: Error [VercelOidcTokenError]: The 'x-vercel-oidc-token' header is missing from the request. Do you have the OIDC option enabled in the Vercel project settings?
  Unable to find project root directory. Have you linked your project with `vc link?`
      at async GET (app/api/models/route.ts:11:24)
     9 |
    10 |   try {
  > 11 |     const { models } = await gateway.getAvailableModels();
       |                        ^
    12 |     const language = models
    13 |       .filter((model) => (model.modelType ?? "language") === "language")
    14 |       .map((model) => ({ {
    cause: undefined
  }
}
 GET /api/models 503 in 5ms (next.js: 1.2ms, application-code: 3ms)
 GET /api/commands 200 in 3ms (next.js: 1.2ms, application-code: 1.9ms)
 GET /api/capabilities 200 in 2.0ms (next.js: 0.4ms, application-code: 1.6ms)
 GET /api/threads 200 in 42ms (next.js: 7ms, application-code: 34ms)
 GET /api/agents 200 in 6ms (next.js: 0.3ms, application-code: 6ms)
 GET /api/threads 200 in 72ms (next.js: 0.4ms, application-code: 71ms)
 GET /api/agents 200 in 7ms (next.js: 0.7ms, application-code: 6ms)
 GET /api/agents 200 in 6ms (next.js: 0.4ms, application-code: 5ms)
⚠ ../../../../../Users/jaywest/Myeve/node_modules/@novnc/novnc/core/util/browser.js
The generated code contains 'async/await' because this module is using "topLevelAwait".
However, your target environment does not appear to support 'async/await'.
As a result, the code may not run as expected or may cause runtime errors.

Import trace for requested module:
../../../../../Users/jaywest/Myeve/node_modules/@novnc/novnc/core/util/browser.js
../../../../../Users/jaywest/Myeve/node_modules/@novnc/novnc/core/rfb.js
./components/computer-viewer.tsx
./components/computer-workspace.tsx
./app/chat.tsx
⚠ ../../../../../Users/jaywest/Myeve/node_modules/@novnc/novnc/core/util/browser.js
The generated code contains 'async/await' because this module is using "topLevelAwait".
However, your target environment does not appear to support 'async/await'.
As a result, the code may not run as expected or may cause runtime errors.

Import trace for requested module:
../../../../../Users/jaywest/Myeve/node_modules/@novnc/novnc/core/util/browser.js
../../../../../Users/jaywest/Myeve/node_modules/@novnc/novnc/core/rfb.js
./components/computer-viewer.tsx
./components/computer-workspace.tsx
./app/chat.tsx
[browser] ../../../../../Users/jaywest/Myeve/node_modules/@novnc/novnc/core/util/browser.js
The generated code contains 'async/await' because this module is using "topLevelAwait".
However, your target environment does not appear to support 'async/await'.
As a result, the code may not run as expected or may cause runtime errors.

Import trace for requested module:
../../../../../Users/jaywest/Myeve/node_modules/@novnc/novnc/core/util/browser.js
../../../../../Users/jaywest/Myeve/node_modules/@novnc/novnc/core/rfb.js
./components/computer-viewer.tsx
./components/computer-workspace.tsx
./app/chat.tsx
 GET /review 200 in 1170ms (next.js: 969ms, proxy.ts: 2ms, application-code: 199ms)
[browser] ../../../../../Users/jaywest/Myeve/node_modules/@novnc/novnc/core/util/browser.js
The generated code contains 'async/await' because this module is using "topLevelAwait".
However, your target environment does not appear to support 'async/await'.
As a result, the code may not run as expected or may cause runtime errors.
⚠ ../../../../../Users/jaywest/Myeve/node_modules/@novnc/novnc/core/util/browser.js
The generated code contains 'async/await' because this module is using "topLevelAwait".
However, your target environment does not appear to support 'async/await'.
As a result, the code may not run as expected or may cause runtime errors.

Import trace for requested module:
../../../../../Users/jaywest/Myeve/node_modules/@novnc/novnc/core/util/browser.js
../../../../../Users/jaywest/Myeve/node_modules/@novnc/novnc/core/rfb.js
./components/computer-viewer.tsx
./components/computer-workspace.tsx
./app/chat.tsx
[browser] ../../../../../Users/jaywest/Myeve/node_modules/@novnc/novnc/core/util/browser.js
The generated code contains 'async/await' because this module is using "topLevelAwait".
However, your target environment does not appear to support 'async/await'.
As a result, the code may not run as expected or may cause runtime errors.

Import trace for requested module:
../../../../../Users/jaywest/Myeve/node_modules/@novnc/novnc/core/util/browser.js
../../../../../Users/jaywest/Myeve/node_modules/@novnc/novnc/core/rfb.js
./components/computer-viewer.tsx
./components/computer-workspace.tsx
./app/chat.tsx
⚠ ../../../../../Users/jaywest/Myeve/node_modules/@novnc/novnc/core/util/browser.js
The generated code contains 'async/await' because this module is using "topLevelAwait".
However, your target environment does not appear to support 'async/await'.
As a result, the code may not run as expected or may cause runtime errors.

Import trace for requested module:
../../../../../Users/jaywest/Myeve/node_modules/@novnc/novnc/core/util/browser.js
../../../../../Users/jaywest/Myeve/node_modules/@novnc/novnc/core/rfb.js
./components/computer-viewer.tsx
./components/computer-workspace.tsx
./app/chat.tsx
Model catalog failed Error [GatewayAuthenticationError]: AI Gateway authentication failed: No authentication provided.

Option 1 - API key:
Create an API key: https://vercel.com/d?to=%2F%5Bteam%5D%2F%7E%2Fai%2Fapi-keys
Provide via 'apiKey' option or 'AI_GATEWAY_API_KEY' environment variable.

Option 2 - Vercel access token:
Pass a Vercel personal access token or Vercel app access token via the 'apiKey' option.

Option 3 - OIDC token:
Run 'npx vercel link' to link your project, then 'vc env pull' to fetch the token.
    at async GET (app/api/models/route.ts:11:24)
   9 |
  10 |   try {
> 11 |     const { models } = await gateway.getAvailableModels();
     |                        ^
  12 |     const language = models
  13 |       .filter((model) => (model.modelType ?? "language") === "language")
  14 |       .map((model) => ({ {
  statusCode: 401,
  generationId: undefined,
  isRetryable: false,
  type: 'authentication_error',
  [cause]: Error [VercelOidcTokenError]: The 'x-vercel-oidc-token' header is missing from the request. Do you have the OIDC option enabled in the Vercel project settings?
  Unable to find project root directory. Have you linked your project with `vc link?`
      at async GET (app/api/models/route.ts:11:24)
     9 |
    10 |   try {
  > 11 |     const { models } = await gateway.getAvailableModels();
       |                        ^
    12 |     const language = models
    13 |       .filter((model) => (model.modelType ?? "language") === "language")
    14 |       .map((model) => ({ {
    cause: undefined
  }
}
 GET /api/commands 200 in 3.9s (next.js: 3.8s, application-code: 140ms)
 GET /api/models 503 in 3.9s (next.js: 3.8s, application-code: 141ms)
[browser] ../../../../../Users/jaywest/Myeve/node_modules/@novnc/novnc/core/util/browser.js
The generated code contains 'async/await' because this module is using "topLevelAwait".
However, your target environment does not appear to support 'async/await'.
As a result, the code may not run as expected or may cause runtime errors.

Import trace for requested module:
../../../../../Users/jaywest/Myeve/node_modules/@novnc/novnc/core/util/browser.js
../../../../../Users/jaywest/Myeve/node_modules/@novnc/novnc/core/rfb.js
./components/computer-viewer.tsx
./components/computer-workspace.tsx
./app/chat.tsx
 GET /api/capabilities 200 in 3ms (next.js: 1.0ms, application-code: 2ms)
 GET /api/outcomes?limit=20 200 in 3.9s (next.js: 3.8s, application-code: 152ms)
 GET /api/agents 200 in 3.9s (next.js: 3.8s, application-code: 154ms)
 GET /api/commands 200 in 3ms (next.js: 0.6ms, application-code: 2ms)
Model catalog failed Error [GatewayAuthenticationError]: AI Gateway authentication failed: No authentication provided.

Option 1 - API key:
Create an API key: https://vercel.com/d?to=%2F%5Bteam%5D%2F%7E%2Fai%2Fapi-keys
Provide via 'apiKey' option or 'AI_GATEWAY_API_KEY' environment variable.

Option 2 - Vercel access token:
Pass a Vercel personal access token or Vercel app access token via the 'apiKey' option.

Option 3 - OIDC token:
Run 'npx vercel link' to link your project, then 'vc env pull' to fetch the token.
    at async GET (app/api/models/route.ts:11:24)
   9 |
  10 |   try {
> 11 |     const { models } = await gateway.getAvailableModels();
     |                        ^
  12 |     const language = models
  13 |       .filter((model) => (model.modelType ?? "language") === "language")
  14 |       .map((model) => ({ {
  statusCode: 401,
  generationId: undefined,
  isRetryable: false,
  type: 'authentication_error',
  [cause]: Error [VercelOidcTokenError]: The 'x-vercel-oidc-token' header is missing from the request. Do you have the OIDC option enabled in the Vercel project settings?
  Unable to find project root directory. Have you linked your project with `vc link?`
      at async GET (app/api/models/route.ts:11:24)
     9 |
    10 |   try {
  > 11 |     const { models } = await gateway.getAvailableModels();
       |                        ^
    12 |     const language = models
    13 |       .filter((model) => (model.modelType ?? "language") === "language")
    14 |       .map((model) => ({ {
    cause: undefined
  }
}
 GET /api/models 503 in 3ms (next.js: 0.4ms, application-code: 3ms)
 GET /api/reviews?kind=daily 200 in 3.9s (next.js: 3.8s, application-code: 173ms)
 GET /api/outcomes?limit=20 200 in 12ms (next.js: 0.8ms, application-code: 11ms)
 GET /api/threads 200 in 3.0s (next.js: 2.8s, application-code: 184ms)
 GET /api/agents 200 in 13ms (next.js: 0.5ms, application-code: 12ms)
 GET /api/reviews?kind=daily 200 in 8ms (next.js: 0.5ms, application-code: 8ms)
 GET /api/threads 200 in 2ms (next.js: 0.6ms, application-code: 1.9ms)
 GET /channels 200 in 212ms (next.js: 51ms, proxy.ts: 3ms, application-code: 159ms)
[browser] ../../../../../Users/jaywest/Myeve/node_modules/@novnc/novnc/core/util/browser.js
The generated code contains 'async/await' because this module is using "topLevelAwait".
However, your target environment does not appear to support 'async/await'.
As a result, the code may not run as expected or may cause runtime errors.
⚠ ../../../../../Users/jaywest/Myeve/node_modules/@novnc/novnc/core/util/browser.js
The generated code contains 'async/await' because this module is using "topLevelAwait".
However, your target environment does not appear to support 'async/await'.
As a result, the code may not run as expected or may cause runtime errors.

Import trace for requested module:
../../../../../Users/jaywest/Myeve/node_modules/@novnc/novnc/core/util/browser.js
../../../../../Users/jaywest/Myeve/node_modules/@novnc/novnc/core/rfb.js
./components/computer-viewer.tsx
./components/computer-workspace.tsx
./app/chat.tsx
[browser] ../../../../../Users/jaywest/Myeve/node_modules/@novnc/novnc/core/util/browser.js
The generated code contains 'async/await' because this module is using "topLevelAwait".
However, your target environment does not appear to support 'async/await'.
As a result, the code may not run as expected or may cause runtime errors.

Import trace for requested module:
../../../../../Users/jaywest/Myeve/node_modules/@novnc/novnc/core/util/browser.js
../../../../../Users/jaywest/Myeve/node_modules/@novnc/novnc/core/rfb.js
./components/computer-viewer.tsx
./components/computer-workspace.tsx
./app/chat.tsx
⚠ ../../../../../Users/jaywest/Myeve/node_modules/@novnc/novnc/core/util/browser.js
The generated code contains 'async/await' because this module is using "topLevelAwait".
However, your target environment does not appear to support 'async/await'.
As a result, the code may not run as expected or may cause runtime errors.

Import trace for requested module:
../../../../../Users/jaywest/Myeve/node_modules/@novnc/novnc/core/util/browser.js
../../../../../Users/jaywest/Myeve/node_modules/@novnc/novnc/core/rfb.js
./components/computer-viewer.tsx
./components/computer-workspace.tsx
./app/chat.tsx
Model catalog failed Error [GatewayAuthenticationError]: AI Gateway authentication failed: No authentication provided.

Option 1 - API key:
Create an API key: https://vercel.com/d?to=%2F%5Bteam%5D%2F%7E%2Fai%2Fapi-keys
Provide via 'apiKey' option or 'AI_GATEWAY_API_KEY' environment variable.

Option 2 - Vercel access token:
Pass a Vercel personal access token or Vercel app access token via the 'apiKey' option.

Option 3 - OIDC token:
Run 'npx vercel link' to link your project, then 'vc env pull' to fetch the token.
    at async GET (app/api/models/route.ts:11:24)
   9 |
  10 |   try {
> 11 |     const { models } = await gateway.getAvailableModels();
     |                        ^
  12 |     const language = models
  13 |       .filter((model) => (model.modelType ?? "language") === "language")
  14 |       .map((model) => ({ {
  statusCode: 401,
  generationId: undefined,
  isRetryable: false,
  type: 'authentication_error',
  [cause]: Error [VercelOidcTokenError]: The 'x-vercel-oidc-token' header is missing from the request. Do you have the OIDC option enabled in the Vercel project settings?
  Unable to find project root directory. Have you linked your project with `vc link?`
      at async GET (app/api/models/route.ts:11:24)
     9 |
    10 |   try {
  > 11 |     const { models } = await gateway.getAvailableModels();
       |                        ^
    12 |     const language = models
    13 |       .filter((model) => (model.modelType ?? "language") === "language")
    14 |       .map((model) => ({ {
    cause: undefined
  }
}
 GET /api/commands 200 in 10.6s (next.js: 10.4s, application-code: 222ms)
 GET /api/models 503 in 10.6s (next.js: 10.4s, application-code: 222ms)
[browser] ../../../../../Users/jaywest/Myeve/node_modules/@novnc/novnc/core/util/browser.js
The generated code contains 'async/await' because this module is using "topLevelAwait".
However, your target environment does not appear to support 'async/await'.
As a result, the code may not run as expected or may cause runtime errors.

Import trace for requested module:
../../../../../Users/jaywest/Myeve/node_modules/@novnc/novnc/core/util/browser.js
../../../../../Users/jaywest/Myeve/node_modules/@novnc/novnc/core/rfb.js
./components/computer-viewer.tsx
./components/computer-workspace.tsx
./app/chat.tsx
 GET /api/capabilities 200 in 2ms (next.js: 0.5ms, application-code: 1.7ms)
 GET /api/channels 200 in 10.7s (next.js: 10.4s, application-code: 289ms)
 GET /api/commands 200 in 1.8ms (next.js: 0.5ms, application-code: 1.3ms)
 GET /api/agents 200 in 10.9s (next.js: 10.4s, application-code: 460ms)
 GET /api/threads 200 in 10.9s (next.js: 10.4s, application-code: 494ms)
 GET /channels 200 in 208ms (next.js: 34ms, proxy.ts: 166ms, application-code: 8ms)
 GET /files 200 in 606ms (next.js: 47ms, proxy.ts: 346ms, application-code: 213ms)
[browser] ../../../../../Users/jaywest/Myeve/node_modules/@novnc/novnc/core/util/browser.js
The generated code contains 'async/await' because this module is using "topLevelAwait".
However, your target environment does not appear to support 'async/await'.
As a result, the code may not run as expected or may cause runtime errors.
⚠ ../../../../../Users/jaywest/Myeve/node_modules/@novnc/novnc/core/util/browser.js
The generated code contains 'async/await' because this module is using "topLevelAwait".
However, your target environment does not appear to support 'async/await'.
As a result, the code may not run as expected or may cause runtime errors.

Import trace for requested module:
../../../../../Users/jaywest/Myeve/node_modules/@novnc/novnc/core/util/browser.js
../../../../../Users/jaywest/Myeve/node_modules/@novnc/novnc/core/rfb.js
./components/computer-viewer.tsx
./components/computer-workspace.tsx
./app/chat.tsx
[browser] ../../../../../Users/jaywest/Myeve/node_modules/@novnc/novnc/core/util/browser.js
The generated code contains 'async/await' because this module is using "topLevelAwait".
However, your target environment does not appear to support 'async/await'.
As a result, the code may not run as expected or may cause runtime errors.

Import trace for requested module:
../../../../../Users/jaywest/Myeve/node_modules/@novnc/novnc/core/util/browser.js
../../../../../Users/jaywest/Myeve/node_modules/@novnc/novnc/core/rfb.js
./components/computer-viewer.tsx
./components/computer-workspace.tsx
./app/chat.tsx
⚠ ../../../../../Users/jaywest/Myeve/node_modules/@novnc/novnc/core/util/browser.js
The generated code contains 'async/await' because this module is using "topLevelAwait".
However, your target environment does not appear to support 'async/await'.
As a result, the code may not run as expected or may cause runtime errors.

Import trace for requested module:
../../../../../Users/jaywest/Myeve/node_modules/@novnc/novnc/core/util/browser.js
../../../../../Users/jaywest/Myeve/node_modules/@novnc/novnc/core/rfb.js
./components/computer-viewer.tsx
./components/computer-workspace.tsx
./app/chat.tsx
Model catalog failed Error [GatewayAuthenticationError]: AI Gateway authentication failed: No authentication provided.

Option 1 - API key:
Create an API key: https://vercel.com/d?to=%2F%5Bteam%5D%2F%7E%2Fai%2Fapi-keys
Provide via 'apiKey' option or 'AI_GATEWAY_API_KEY' environment variable.

Option 2 - Vercel access token:
Pass a Vercel personal access token or Vercel app access token via the 'apiKey' option.

Option 3 - OIDC token:
Run 'npx vercel link' to link your project, then 'vc env pull' to fetch the token.
    at async GET (app/api/models/route.ts:11:24)
   9 |
  10 |   try {
> 11 |     const { models } = await gateway.getAvailableModels();
     |                        ^
  12 |     const language = models
  13 |       .filter((model) => (model.modelType ?? "language") === "language")
  14 |       .map((model) => ({ {
  statusCode: 401,
  generationId: undefined,
  isRetryable: false,
  type: 'authentication_error',
  [cause]: Error [VercelOidcTokenError]: The 'x-vercel-oidc-token' header is missing from the request. Do you have the OIDC option enabled in the Vercel project settings?
  Unable to find project root directory. Have you linked your project with `vc link?`
      at async GET (app/api/models/route.ts:11:24)
     9 |
    10 |   try {
  > 11 |     const { models } = await gateway.getAvailableModels();
       |                        ^
    12 |     const language = models
    13 |       .filter((model) => (model.modelType ?? "language") === "language")
    14 |       .map((model) => ({ {
    cause: undefined
  }
}
 GET /api/commands 200 in 1822ms (next.js: 1687ms, application-code: 135ms)
 GET /api/models 503 in 1823ms (next.js: 1687ms, application-code: 136ms)
 GET /api/capabilities 200 in 1755ms (next.js: 1619ms, application-code: 136ms)
[browser] ../../../../../Users/jaywest/Myeve/node_modules/@novnc/novnc/core/util/browser.js
The generated code contains 'async/await' because this module is using "topLevelAwait".
However, your target environment does not appear to support 'async/await'.
As a result, the code may not run as expected or may cause runtime errors.

Import trace for requested module:
../../../../../Users/jaywest/Myeve/node_modules/@novnc/novnc/core/util/browser.js
../../../../../Users/jaywest/Myeve/node_modules/@novnc/novnc/core/rfb.js
./components/computer-viewer.tsx
./components/computer-workspace.tsx
./app/chat.tsx
 GET /api/commands 200 in 2ms (next.js: 0.6ms, application-code: 1.5ms)
 GET /api/agents 200 in 1833ms (next.js: 1687ms, application-code: 146ms)
Model catalog failed Error [GatewayAuthenticationError]: AI Gateway authentication failed: No authentication provided.

Option 1 - API key:
Create an API key: https://vercel.com/d?to=%2F%5Bteam%5D%2F%7E%2Fai%2Fapi-keys
Provide via 'apiKey' option or 'AI_GATEWAY_API_KEY' environment variable.

Option 2 - Vercel access token:
Pass a Vercel personal access token or Vercel app access token via the 'apiKey' option.

Option 3 - OIDC token:
Run 'npx vercel link' to link your project, then 'vc env pull' to fetch the token.
    at async GET (app/api/models/route.ts:11:24)
   9 |
  10 |   try {
> 11 |     const { models } = await gateway.getAvailableModels();
     |                        ^
  12 |     const language = models
  13 |       .filter((model) => (model.modelType ?? "language") === "language")
  14 |       .map((model) => ({ {
  statusCode: 401,
  generationId: undefined,
  isRetryable: false,
  type: 'authentication_error',
  [cause]: Error [VercelOidcTokenError]: The 'x-vercel-oidc-token' header is missing from the request. Do you have the OIDC option enabled in the Vercel project settings?
  Unable to find project root directory. Have you linked your project with `vc link?`
      at async GET (app/api/models/route.ts:11:24)
     9 |
    10 |   try {
  > 11 |     const { models } = await gateway.getAvailableModels();
       |                        ^
    12 |     const language = models
    13 |       .filter((model) => (model.modelType ?? "language") === "language")
    14 |       .map((model) => ({ {
    cause: undefined
  }
}
 GET /api/models 503 in 3ms (next.js: 0.5ms, application-code: 2ms)
 GET /api/threads 200 in 1880ms (next.js: 1686ms, application-code: 194ms)
 GET /api/files 200 in 1915ms (next.js: 1720ms, application-code: 195ms)
 GET /api/agents 200 in 21ms (next.js: 0.6ms, application-code: 20ms)
 GET /api/threads 200 in 5ms (next.js: 0.7ms, application-code: 4ms)
 GET /api/files 200 in 3ms (next.js: 0.4ms, application-code: 3ms)
 GET /files 200 in 62ms (next.js: 35ms, proxy.ts: 8ms, application-code: 20ms)
 GET /manage 200 in 198ms (next.js: 35ms, proxy.ts: 1.5ms, application-code: 162ms)
[browser] ../../../../../Users/jaywest/Myeve/node_modules/@novnc/novnc/core/util/browser.js
The generated code contains 'async/await' because this module is using "topLevelAwait".
However, your target environment does not appear to support 'async/await'.
As a result, the code may not run as expected or may cause runtime errors.
 GET /api/capabilities 200 in 3ms (next.js: 1.2ms, application-code: 1.8ms)
⚠ ../../../../../Users/jaywest/Myeve/node_modules/@novnc/novnc/core/util/browser.js
The generated code contains 'async/await' because this module is using "topLevelAwait".
However, your target environment does not appear to support 'async/await'.
As a result, the code may not run as expected or may cause runtime errors.

Import trace for requested module:
../../../../../Users/jaywest/Myeve/node_modules/@novnc/novnc/core/util/browser.js
../../../../../Users/jaywest/Myeve/node_modules/@novnc/novnc/core/rfb.js
./components/computer-viewer.tsx
./components/computer-workspace.tsx
./app/chat.tsx
[browser] ../../../../../Users/jaywest/Myeve/node_modules/@novnc/novnc/core/util/browser.js
The generated code contains 'async/await' because this module is using "topLevelAwait".
However, your target environment does not appear to support 'async/await'.
As a result, the code may not run as expected or may cause runtime errors.

Import trace for requested module:
../../../../../Users/jaywest/Myeve/node_modules/@novnc/novnc/core/util/browser.js
../../../../../Users/jaywest/Myeve/node_modules/@novnc/novnc/core/rfb.js
./components/computer-viewer.tsx
./components/computer-workspace.tsx
./app/chat.tsx
⚠ ../../../../../Users/jaywest/Myeve/node_modules/@novnc/novnc/core/util/browser.js
The generated code contains 'async/await' because this module is using "topLevelAwait".
However, your target environment does not appear to support 'async/await'.
As a result, the code may not run as expected or may cause runtime errors.

Import trace for requested module:
../../../../../Users/jaywest/Myeve/node_modules/@novnc/novnc/core/util/browser.js
../../../../../Users/jaywest/Myeve/node_modules/@novnc/novnc/core/rfb.js
./components/computer-viewer.tsx
./components/computer-workspace.tsx
./app/chat.tsx
Model catalog failed Error [GatewayAuthenticationError]: AI Gateway authentication failed: No authentication provided.

Option 1 - API key:
Create an API key: https://vercel.com/d?to=%2F%5Bteam%5D%2F%7E%2Fai%2Fapi-keys
Provide via 'apiKey' option or 'AI_GATEWAY_API_KEY' environment variable.

Option 2 - Vercel access token:
Pass a Vercel personal access token or Vercel app access token via the 'apiKey' option.

Option 3 - OIDC token:
Run 'npx vercel link' to link your project, then 'vc env pull' to fetch the token.
    at async GET (app/api/models/route.ts:11:24)
   9 |
  10 |   try {
> 11 |     const { models } = await gateway.getAvailableModels();
     |                        ^
  12 |     const language = models
  13 |       .filter((model) => (model.modelType ?? "language") === "language")
  14 |       .map((model) => ({ {
  statusCode: 401,
  generationId: undefined,
  isRetryable: false,
  type: 'authentication_error',
  [cause]: Error [VercelOidcTokenError]: The 'x-vercel-oidc-token' header is missing from the request. Do you have the OIDC option enabled in the Vercel project settings?
  Unable to find project root directory. Have you linked your project with `vc link?`
      at async GET (app/api/models/route.ts:11:24)
     9 |
    10 |   try {
  > 11 |     const { models } = await gateway.getAvailableModels();
       |                        ^
    12 |     const language = models
    13 |       .filter((model) => (model.modelType ?? "language") === "language")
    14 |       .map((model) => ({ {
    cause: undefined
  }
}
 GET /api/update-check 200 in 3.5s (next.js: 3.4s, application-code: 62ms)
 GET /api/commands 200 in 3.4s (next.js: 3.4s, application-code: 62ms)
 GET /api/models 503 in 3.4s (next.js: 3.4s, application-code: 63ms)
 GET /api/capabilities 200 in 3.4s (next.js: 3.3s, application-code: 63ms)
[browser] ../../../../../Users/jaywest/Myeve/node_modules/@novnc/novnc/core/util/browser.js
The generated code contains 'async/await' because this module is using "topLevelAwait".
However, your target environment does not appear to support 'async/await'.
As a result, the code may not run as expected or may cause runtime errors.

Import trace for requested module:
../../../../../Users/jaywest/Myeve/node_modules/@novnc/novnc/core/util/browser.js
../../../../../Users/jaywest/Myeve/node_modules/@novnc/novnc/core/rfb.js
./components/computer-viewer.tsx
./components/computer-workspace.tsx
./app/chat.tsx
⚠ ../../../../../Users/jaywest/Myeve/node_modules/@novnc/novnc/core/util/browser.js
The generated code contains 'async/await' because this module is using "topLevelAwait".
However, your target environment does not appear to support 'async/await'.
As a result, the code may not run as expected or may cause runtime errors.

Import trace for requested module:
../../../../../Users/jaywest/Myeve/node_modules/@novnc/novnc/core/util/browser.js
../../../../../Users/jaywest/Myeve/node_modules/@novnc/novnc/core/rfb.js
./components/computer-viewer.tsx
./components/computer-workspace.tsx
./app/chat.tsx
 GET /api/agents 200 in 3.5s (next.js: 3.4s, application-code: 78ms)
 GET /api/threads 200 in 3.5s (next.js: 3.4s, application-code: 79ms)
[browser] ../../../../../Users/jaywest/Myeve/node_modules/@novnc/novnc/core/util/browser.js
The generated code contains 'async/await' because this module is using "topLevelAwait".
However, your target environment does not appear to support 'async/await'.
As a result, the code may not run as expected or may cause runtime errors.

Import trace for requested module:
../../../../../Users/jaywest/Myeve/node_modules/@novnc/novnc/core/util/browser.js
../../../../../Users/jaywest/Myeve/node_modules/@novnc/novnc/core/rfb.js
./components/computer-viewer.tsx
./components/computer-workspace.tsx
./app/chat.tsx
⚠ ../../../../../Users/jaywest/Myeve/node_modules/@novnc/novnc/core/util/browser.js
The generated code contains 'async/await' because this module is using "topLevelAwait".
However, your target environment does not appear to support 'async/await'.
As a result, the code may not run as expected or may cause runtime errors.

Import trace for requested module:
../../../../../Users/jaywest/Myeve/node_modules/@novnc/novnc/core/util/browser.js
../../../../../Users/jaywest/Myeve/node_modules/@novnc/novnc/core/rfb.js
./components/computer-viewer.tsx
./components/computer-workspace.tsx
./app/chat.tsx
Model catalog failed Error [GatewayAuthenticationError]: AI Gateway authentication failed: No authentication provided.

Option 1 - API key:
Create an API key: https://vercel.com/d?to=%2F%5Bteam%5D%2F%7E%2Fai%2Fapi-keys
Provide via 'apiKey' option or 'AI_GATEWAY_API_KEY' environment variable.

Option 2 - Vercel access token:
Pass a Vercel personal access token or Vercel app access token via the 'apiKey' option.

Option 3 - OIDC token:
Run 'npx vercel link' to link your project, then 'vc env pull' to fetch the token.
    at async GET (app/api/models/route.ts:11:24)
   9 |
  10 |   try {
> 11 |     const { models } = await gateway.getAvailableModels();
     |                        ^
  12 |     const language = models
  13 |       .filter((model) => (model.modelType ?? "language") === "language")
  14 |       .map((model) => ({ {
  statusCode: 401,
  generationId: undefined,
  isRetryable: false,
  type: 'authentication_error',
  [cause]: Error [VercelOidcTokenError]: The 'x-vercel-oidc-token' header is missing from the request. Do you have the OIDC option enabled in the Vercel project settings?
  Unable to find project root directory. Have you linked your project with `vc link?`
      at async GET (app/api/models/route.ts:11:24)
     9 |
    10 |   try {
  > 11 |     const { models } = await gateway.getAvailableModels();
       |                        ^
    12 |     const language = models
    13 |       .filter((model) => (model.modelType ?? "language") === "language")
    14 |       .map((model) => ({ {
    cause: undefined
  }
}
 GET /api/update-check 200 in 4.3s (next.js: 4.2s, application-code: 122ms)
 GET /api/commands 200 in 4.3s (next.js: 4.2s, application-code: 122ms)
 GET /api/models 503 in 4.3s (next.js: 4.2s, application-code: 122ms)
 GET /api/capabilities 200 in 4.3s (next.js: 4.2s, application-code: 123ms)
[browser] ../../../../../Users/jaywest/Myeve/node_modules/@novnc/novnc/core/util/browser.js
The generated code contains 'async/await' because this module is using "topLevelAwait".
However, your target environment does not appear to support 'async/await'.
As a result, the code may not run as expected or may cause runtime errors.

Import trace for requested module:
../../../../../Users/jaywest/Myeve/node_modules/@novnc/novnc/core/util/browser.js
../../../../../Users/jaywest/Myeve/node_modules/@novnc/novnc/core/rfb.js
./components/computer-viewer.tsx
./components/computer-workspace.tsx
./app/chat.tsx
 GET /api/agents 200 in 4.3s (next.js: 4.1s, application-code: 150ms)
 GET /api/automations 200 in 4.3s (next.js: 4.2s, application-code: 152ms)
 GET /api/review-schedule 200 in 56ms (next.js: 0.6ms, application-code: 56ms)
 GET /api/automations 200 in 3ms (next.js: 0.5ms, application-code: 2ms)
 GET /api/threads 200 in 89ms (next.js: 7ms, application-code: 82ms)
 GET /manage 200 in 91ms (next.js: 50ms, proxy.ts: 20ms, application-code: 21ms)
 GET / 200 in 324ms (next.js: 12ms, proxy.ts: 2ms, application-code: 310ms)
[browser] ../../../../../Users/jaywest/Myeve/node_modules/@novnc/novnc/core/util/browser.js
The generated code contains 'async/await' because this module is using "topLevelAwait".
However, your target environment does not appear to support 'async/await'.
As a result, the code may not run as expected or may cause runtime errors.
⚠ ../../../../../Users/jaywest/Myeve/node_modules/@novnc/novnc/core/util/browser.js
The generated code contains 'async/await' because this module is using "topLevelAwait".
However, your target environment does not appear to support 'async/await'.
As a result, the code may not run as expected or may cause runtime errors.

Import trace for requested module:
../../../../../Users/jaywest/Myeve/node_modules/@novnc/novnc/core/util/browser.js
../../../../../Users/jaywest/Myeve/node_modules/@novnc/novnc/core/rfb.js
./components/computer-viewer.tsx
./components/computer-workspace.tsx
./app/chat.tsx
⚠ ../../../../../Users/jaywest/Myeve/node_modules/@novnc/novnc/core/util/browser.js
The generated code contains 'async/await' because this module is using "topLevelAwait".
However, your target environment does not appear to support 'async/await'.
As a result, the code may not run as expected or may cause runtime errors.

Import trace for requested module:
../../../../../Users/jaywest/Myeve/node_modules/@novnc/novnc/core/util/browser.js
../../../../../Users/jaywest/Myeve/node_modules/@novnc/novnc/core/rfb.js
./components/computer-viewer.tsx
./components/computer-workspace.tsx
./app/chat.tsx
[browser] ../../../../../Users/jaywest/Myeve/node_modules/@novnc/novnc/core/util/browser.js
The generated code contains 'async/await' because this module is using "topLevelAwait".
However, your target environment does not appear to support 'async/await'.
As a result, the code may not run as expected or may cause runtime errors.

Import trace for requested module:
../../../../../Users/jaywest/Myeve/node_modules/@novnc/novnc/core/util/browser.js
../../../../../Users/jaywest/Myeve/node_modules/@novnc/novnc/core/rfb.js
./components/computer-viewer.tsx
./components/computer-workspace.tsx
./app/chat.tsx
 GET /chat 200 in 7.1s (next.js: 6.9s, proxy.ts: 3ms, application-code: 238ms)
[browser] ../../../../../Users/jaywest/Myeve/node_modules/@novnc/novnc/core/util/browser.js
The generated code contains 'async/await' because this module is using "topLevelAwait".
However, your target environment does not appear to support 'async/await'.
As a result, the code may not run as expected or may cause runtime errors.
⚠ ../../../../../Users/jaywest/Myeve/node_modules/@novnc/novnc/core/util/browser.js
The generated code contains 'async/await' because this module is using "topLevelAwait".
However, your target environment does not appear to support 'async/await'.
As a result, the code may not run as expected or may cause runtime errors.

Import trace for requested module:
../../../../../Users/jaywest/Myeve/node_modules/@novnc/novnc/core/util/browser.js
../../../../../Users/jaywest/Myeve/node_modules/@novnc/novnc/core/rfb.js
./components/computer-viewer.tsx
./components/computer-workspace.tsx
./app/chat.tsx
[browser] ../../../../../Users/jaywest/Myeve/node_modules/@novnc/novnc/core/util/browser.js
The generated code contains 'async/await' because this module is using "topLevelAwait".
However, your target environment does not appear to support 'async/await'.
As a result, the code may not run as expected or may cause runtime errors.

Import trace for requested module:
../../../../../Users/jaywest/Myeve/node_modules/@novnc/novnc/core/util/browser.js
../../../../../Users/jaywest/Myeve/node_modules/@novnc/novnc/core/rfb.js
./components/computer-viewer.tsx
./components/computer-workspace.tsx
./app/chat.tsx
⚠ ../../../../../Users/jaywest/Myeve/node_modules/@novnc/novnc/core/util/browser.js
The generated code contains 'async/await' because this module is using "topLevelAwait".
However, your target environment does not appear to support 'async/await'.
As a result, the code may not run as expected or may cause runtime errors.

Import trace for requested module:
../../../../../Users/jaywest/Myeve/node_modules/@novnc/novnc/core/util/browser.js
../../../../../Users/jaywest/Myeve/node_modules/@novnc/novnc/core/rfb.js
./components/computer-viewer.tsx
./components/computer-workspace.tsx
./app/chat.tsx
Model catalog failed Error [GatewayAuthenticationError]: AI Gateway authentication failed: No authentication provided.

Option 1 - API key:
Create an API key: https://vercel.com/d?to=%2F%5Bteam%5D%2F%7E%2Fai%2Fapi-keys
Provide via 'apiKey' option or 'AI_GATEWAY_API_KEY' environment variable.

Option 2 - Vercel access token:
Pass a Vercel personal access token or Vercel app access token via the 'apiKey' option.

Option 3 - OIDC token:
Run 'npx vercel link' to link your project, then 'vc env pull' to fetch the token.
    at async GET (app/api/models/route.ts:11:24)
   9 |
  10 |   try {
> 11 |     const { models } = await gateway.getAvailableModels();
     |                        ^
  12 |     const language = models
  13 |       .filter((model) => (model.modelType ?? "language") === "language")
  14 |       .map((model) => ({ {
  statusCode: 401,
  generationId: undefined,
  isRetryable: false,
  type: 'authentication_error',
  [cause]: Error [VercelOidcTokenError]: The 'x-vercel-oidc-token' header is missing from the request. Do you have the OIDC option enabled in the Vercel project settings?
  Unable to find project root directory. Have you linked your project with `vc link?`
      at async GET (app/api/models/route.ts:11:24)
     9 |
    10 |   try {
  > 11 |     const { models } = await gateway.getAvailableModels();
       |                        ^
    12 |     const language = models
    13 |       .filter((model) => (model.modelType ?? "language") === "language")
    14 |       .map((model) => ({ {
    cause: undefined
  }
}
 GET /api/commands 200 in 6.4s (next.js: 6.3s, application-code: 121ms)
 GET /api/models 503 in 6.4s (next.js: 6.3s, application-code: 121ms)
[browser] ../../../../../Users/jaywest/Myeve/node_modules/@novnc/novnc/core/util/browser.js
The generated code contains 'async/await' because this module is using "topLevelAwait".
However, your target environment does not appear to support 'async/await'.
As a result, the code may not run as expected or may cause runtime errors.

Import trace for requested module:
../../../../../Users/jaywest/Myeve/node_modules/@novnc/novnc/core/util/browser.js
../../../../../Users/jaywest/Myeve/node_modules/@novnc/novnc/core/rfb.js
./components/computer-viewer.tsx
./components/computer-workspace.tsx
./app/chat.tsx
⚠ ../../../../../Users/jaywest/Myeve/node_modules/@novnc/novnc/core/util/browser.js
The generated code contains 'async/await' because this module is using "topLevelAwait".
However, your target environment does not appear to support 'async/await'.
As a result, the code may not run as expected or may cause runtime errors.

Import trace for requested module:
../../../../../Users/jaywest/Myeve/node_modules/@novnc/novnc/core/util/browser.js
../../../../../Users/jaywest/Myeve/node_modules/@novnc/novnc/core/rfb.js
./components/computer-viewer.tsx
./components/computer-workspace.tsx
./app/chat.tsx
 GET /api/task-runs?threadId=29d0b7ca-8399-40da-8fad-f33ec1aafa6d 200 in 6.6s (next.js: 6.4s, application-code: 168ms)
 GET /api/task-runs?threadId=29d0b7ca-8399-40da-8fad-f33ec1aafa6d 200 in 36ms (next.js: 0.4ms, application-code: 36ms)
 GET /api/agents 200 in 6.5s (next.js: 6.3s, application-code: 173ms)
 GET /api/threads 200 in 6.3s (next.js: 6.1s, application-code: 176ms)
[browser] ../../../../../Users/jaywest/Myeve/node_modules/@novnc/novnc/core/util/browser.js
The generated code contains 'async/await' because this module is using "topLevelAwait".
However, your target environment does not appear to support 'async/await'.
As a result, the code may not run as expected or may cause runtime errors.

Import trace for requested module:
../../../../../Users/jaywest/Myeve/node_modules/@novnc/novnc/core/util/browser.js
../../../../../Users/jaywest/Myeve/node_modules/@novnc/novnc/core/rfb.js
./components/computer-viewer.tsx
./components/computer-workspace.tsx
./app/chat.tsx
⚠ ../../../../../Users/jaywest/Myeve/node_modules/@novnc/novnc/core/util/browser.js
The generated code contains 'async/await' because this module is using "topLevelAwait".
However, your target environment does not appear to support 'async/await'.
As a result, the code may not run as expected or may cause runtime errors.

Import trace for requested module:
../../../../../Users/jaywest/Myeve/node_modules/@novnc/novnc/core/util/browser.js
../../../../../Users/jaywest/Myeve/node_modules/@novnc/novnc/core/rfb.js
./components/computer-viewer.tsx
./components/computer-workspace.tsx
./app/chat.tsx
Model catalog failed Error [GatewayAuthenticationError]: AI Gateway authentication failed: No authentication provided.

Option 1 - API key:
Create an API key: https://vercel.com/d?to=%2F%5Bteam%5D%2F%7E%2Fai%2Fapi-keys
Provide via 'apiKey' option or 'AI_GATEWAY_API_KEY' environment variable.

Option 2 - Vercel access token:
Pass a Vercel personal access token or Vercel app access token via the 'apiKey' option.

Option 3 - OIDC token:
Run 'npx vercel link' to link your project, then 'vc env pull' to fetch the token.
    at async GET (app/api/models/route.ts:11:24)
   9 |
  10 |   try {
> 11 |     const { models } = await gateway.getAvailableModels();
     |                        ^
  12 |     const language = models
  13 |       .filter((model) => (model.modelType ?? "language") === "language")
  14 |       .map((model) => ({ {
  statusCode: 401,
  generationId: undefined,
  isRetryable: false,
  type: 'authentication_error',
  [cause]: Error [VercelOidcTokenError]: The 'x-vercel-oidc-token' header is missing from the request. Do you have the OIDC option enabled in the Vercel project settings?
  Unable to find project root directory. Have you linked your project with `vc link?`
      at async GET (app/api/models/route.ts:11:24)
     9 |
    10 |   try {
  > 11 |     const { models } = await gateway.getAvailableModels();
       |                        ^
    12 |     const language = models
    13 |       .filter((model) => (model.modelType ?? "language") === "language")
    14 |       .map((model) => ({ {
    cause: undefined
  }
}
 GET /api/commands 200 in 1294ms (next.js: 1169ms, application-code: 125ms)
 GET /api/models 503 in 1293ms (next.js: 1169ms, application-code: 124ms)
 GET /api/capabilities 200 in 1307ms (next.js: 1181ms, application-code: 126ms)
[browser] ../../../../../Users/jaywest/Myeve/node_modules/@novnc/novnc/core/util/browser.js
The generated code contains 'async/await' because this module is using "topLevelAwait".
However, your target environment does not appear to support 'async/await'.
As a result, the code may not run as expected or may cause runtime errors.

Import trace for requested module:
../../../../../Users/jaywest/Myeve/node_modules/@novnc/novnc/core/util/browser.js
../../../../../Users/jaywest/Myeve/node_modules/@novnc/novnc/core/rfb.js
./components/computer-viewer.tsx
./components/computer-workspace.tsx
./app/chat.tsx
 GET /api/agents 200 in 1488ms (next.js: 1160ms, application-code: 328ms)
 GET /api/threads 200 in 1333ms (next.js: 1004ms, application-code: 328ms)
 GET /chat 200 in 1837ms (next.js: 1182ms, proxy.ts: 325ms, application-code: 330ms)
[browser] ../../../../../Users/jaywest/Myeve/node_modules/@novnc/novnc/core/util/browser.js
The generated code contains 'async/await' because this module is using "topLevelAwait".
However, your target environment does not appear to support 'async/await'.
As a result, the code may not run as expected or may cause runtime errors.
 GET /api/capabilities 200 in 2ms (next.js: 0.5ms, application-code: 1.8ms)
 GET /api/task-runs?threadId=29d0b7ca-8399-40da-8fad-f33ec1aafa6d 200 in 8ms (next.js: 1.7ms, application-code: 6ms)
Model catalog failed Error [GatewayAuthenticationError]: AI Gateway authentication failed: No authentication provided.

Option 1 - API key:
Create an API key: https://vercel.com/d?to=%2F%5Bteam%5D%2F%7E%2Fai%2Fapi-keys
Provide via 'apiKey' option or 'AI_GATEWAY_API_KEY' environment variable.

Option 2 - Vercel access token:
Pass a Vercel personal access token or Vercel app access token via the 'apiKey' option.

Option 3 - OIDC token:
Run 'npx vercel link' to link your project, then 'vc env pull' to fetch the token.
    at async GET (app/api/models/route.ts:11:24)
   9 |
  10 |   try {
> 11 |     const { models } = await gateway.getAvailableModels();
     |                        ^
  12 |     const language = models
  13 |       .filter((model) => (model.modelType ?? "language") === "language")
  14 |       .map((model) => ({ {
  statusCode: 401,
  generationId: undefined,
  isRetryable: false,
  type: 'authentication_error',
  [cause]: Error [VercelOidcTokenError]: The 'x-vercel-oidc-token' header is missing from the request. Do you have the OIDC option enabled in the Vercel project settings?
  Unable to find project root directory. Have you linked your project with `vc link?`
      at async GET (app/api/models/route.ts:11:24)
     9 |
    10 |   try {
  > 11 |     const { models } = await gateway.getAvailableModels();
       |                        ^
    12 |     const language = models
    13 |       .filter((model) => (model.modelType ?? "language") === "language")
    14 |       .map((model) => ({ {
    cause: undefined
  }
}
 GET /api/models 503 in 3ms (next.js: 0.5ms, application-code: 3ms)
 GET /api/commands 200 in 1.2ms (next.js: 0.2ms, application-code: 0.9ms)
 GET /api/task-runs?threadId=29d0b7ca-8399-40da-8fad-f33ec1aafa6d 200 in 2ms (next.js: 0.3ms, application-code: 2ms)
 GET /api/capabilities 200 in 1.7ms (next.js: 0.3ms, application-code: 1.4ms)
Model catalog failed Error [GatewayAuthenticationError]: AI Gateway authentication failed: No authentication provided.

Option 1 - API key:
Create an API key: https://vercel.com/d?to=%2F%5Bteam%5D%2F%7E%2Fai%2Fapi-keys
Provide via 'apiKey' option or 'AI_GATEWAY_API_KEY' environment variable.

Option 2 - Vercel access token:
Pass a Vercel personal access token or Vercel app access token via the 'apiKey' option.

Option 3 - OIDC token:
Run 'npx vercel link' to link your project, then 'vc env pull' to fetch the token.
    at async GET (app/api/models/route.ts:11:24)
   9 |
  10 |   try {
> 11 |     const { models } = await gateway.getAvailableModels();
     |                        ^
  12 |     const language = models
  13 |       .filter((model) => (model.modelType ?? "language") === "language")
  14 |       .map((model) => ({ {
  statusCode: 401,
  generationId: undefined,
  isRetryable: false,
  type: 'authentication_error',
  [cause]: Error [VercelOidcTokenError]: The 'x-vercel-oidc-token' header is missing from the request. Do you have the OIDC option enabled in the Vercel project settings?
  Unable to find project root directory. Have you linked your project with `vc link?`
      at async GET (app/api/models/route.ts:11:24)
     9 |
    10 |   try {
  > 11 |     const { models } = await gateway.getAvailableModels();
       |                        ^
    12 |     const language = models
    13 |       .filter((model) => (model.modelType ?? "language") === "language")
    14 |       .map((model) => ({ {
    cause: undefined
  }
}
 GET /api/models 503 in 3ms (next.js: 0.4ms, application-code: 2ms)
 GET /api/threads 200 in 8ms (next.js: 0.3ms, application-code: 8ms)
 GET /api/agents 200 in 14ms (next.js: 0.3ms, application-code: 14ms)
 GET /api/commands 200 in 2ms (next.js: 0.6ms, application-code: 1.5ms)
 GET /api/threads 200 in 3ms (next.js: 0.4ms, application-code: 3ms)
 GET /api/agents 200 in 5ms (next.js: 0.3ms, application-code: 5ms)
 GET /manage 200 in 55ms (next.js: 39ms, proxy.ts: 2ms, application-code: 14ms)
[browser] ../../../../../Users/jaywest/Myeve/node_modules/@novnc/novnc/core/util/browser.js
The generated code contains 'async/await' because this module is using "topLevelAwait".
However, your target environment does not appear to support 'async/await'.
As a result, the code may not run as expected or may cause runtime errors.
 GET /api/capabilities 200 in 3ms (next.js: 0.5ms, application-code: 2ms)
⚠ ../../../../../Users/jaywest/Myeve/node_modules/@novnc/novnc/core/util/browser.js
The generated code contains 'async/await' because this module is using "topLevelAwait".
However, your target environment does not appear to support 'async/await'.
As a result, the code may not run as expected or may cause runtime errors.

Import trace for requested module:
../../../../../Users/jaywest/Myeve/node_modules/@novnc/novnc/core/util/browser.js
../../../../../Users/jaywest/Myeve/node_modules/@novnc/novnc/core/rfb.js
./components/computer-viewer.tsx
./components/computer-workspace.tsx
./app/chat.tsx
[browser] ../../../../../Users/jaywest/Myeve/node_modules/@novnc/novnc/core/util/browser.js
The generated code contains 'async/await' because this module is using "topLevelAwait".
However, your target environment does not appear to support 'async/await'.
As a result, the code may not run as expected or may cause runtime errors.

Import trace for requested module:
../../../../../Users/jaywest/Myeve/node_modules/@novnc/novnc/core/util/browser.js
../../../../../Users/jaywest/Myeve/node_modules/@novnc/novnc/core/rfb.js
./components/computer-viewer.tsx
./components/computer-workspace.tsx
./app/chat.tsx
⚠ ../../../../../Users/jaywest/Myeve/node_modules/@novnc/novnc/core/util/browser.js
The generated code contains 'async/await' because this module is using "topLevelAwait".
However, your target environment does not appear to support 'async/await'.
As a result, the code may not run as expected or may cause runtime errors.

Import trace for requested module:
../../../../../Users/jaywest/Myeve/node_modules/@novnc/novnc/core/util/browser.js
../../../../../Users/jaywest/Myeve/node_modules/@novnc/novnc/core/rfb.js
./components/computer-viewer.tsx
./components/computer-workspace.tsx
./app/chat.tsx
Model catalog failed Error [GatewayAuthenticationError]: AI Gateway authentication failed: No authentication provided.

Option 1 - API key:
Create an API key: https://vercel.com/d?to=%2F%5Bteam%5D%2F%7E%2Fai%2Fapi-keys
Provide via 'apiKey' option or 'AI_GATEWAY_API_KEY' environment variable.

Option 2 - Vercel access token:
Pass a Vercel personal access token or Vercel app access token via the 'apiKey' option.

Option 3 - OIDC token:
Run 'npx vercel link' to link your project, then 'vc env pull' to fetch the token.
    at async GET (app/api/models/route.ts:11:24)
   9 |
  10 |   try {
> 11 |     const { models } = await gateway.getAvailableModels();
     |                        ^
  12 |     const language = models
  13 |       .filter((model) => (model.modelType ?? "language") === "language")
  14 |       .map((model) => ({ {
  statusCode: 401,
  generationId: undefined,
  isRetryable: false,
  type: 'authentication_error',
  [cause]: Error [VercelOidcTokenError]: The 'x-vercel-oidc-token' header is missing from the request. Do you have the OIDC option enabled in the Vercel project settings?
  Unable to find project root directory. Have you linked your project with `vc link?`
      at async GET (app/api/models/route.ts:11:24)
     9 |
    10 |   try {
  > 11 |     const { models } = await gateway.getAvailableModels();
       |                        ^
    12 |     const language = models
    13 |       .filter((model) => (model.modelType ?? "language") === "language")
    14 |       .map((model) => ({ {
    cause: undefined
  }
}
 GET /api/update-check 200 in 3.0s (next.js: 2.9s, application-code: 74ms)
 GET /api/commands 200 in 2.9s (next.js: 2.8s, application-code: 74ms)
 GET /api/models 503 in 2.9s (next.js: 2.8s, application-code: 74ms)
[browser] ../../../../../Users/jaywest/Myeve/node_modules/@novnc/novnc/core/util/browser.js
The generated code contains 'async/await' because this module is using "topLevelAwait".
However, your target environment does not appear to support 'async/await'.
As a result, the code may not run as expected or may cause runtime errors.

Import trace for requested module:
../../../../../Users/jaywest/Myeve/node_modules/@novnc/novnc/core/util/browser.js
../../../../../Users/jaywest/Myeve/node_modules/@novnc/novnc/core/rfb.js
./components/computer-viewer.tsx
./components/computer-workspace.tsx
./app/chat.tsx
 GET /api/capabilities 200 in 4ms (next.js: 2.0ms, application-code: 2ms)
⚠ ../../../../../Users/jaywest/Myeve/node_modules/@novnc/novnc/core/util/browser.js
The generated code contains 'async/await' because this module is using "topLevelAwait".
However, your target environment does not appear to support 'async/await'.
As a result, the code may not run as expected or may cause runtime errors.

Import trace for requested module:
../../../../../Users/jaywest/Myeve/node_modules/@novnc/novnc/core/util/browser.js
../../../../../Users/jaywest/Myeve/node_modules/@novnc/novnc/core/rfb.js
./components/computer-viewer.tsx
./components/computer-workspace.tsx
./app/chat.tsx
 GET /api/agents 200 in 2.9s (next.js: 2.8s, application-code: 92ms)
 GET /api/threads 200 in 2.9s (next.js: 2.8s, application-code: 93ms)
[browser] ../../../../../Users/jaywest/Myeve/node_modules/@novnc/novnc/core/util/browser.js
The generated code contains 'async/await' because this module is using "topLevelAwait".
However, your target environment does not appear to support 'async/await'.
As a result, the code may not run as expected or may cause runtime errors.

Import trace for requested module:
../../../../../Users/jaywest/Myeve/node_modules/@novnc/novnc/core/util/browser.js
../../../../../Users/jaywest/Myeve/node_modules/@novnc/novnc/core/rfb.js
./components/computer-viewer.tsx
./components/computer-workspace.tsx
./app/chat.tsx
⚠ ../../../../../Users/jaywest/Myeve/node_modules/@novnc/novnc/core/util/browser.js
The generated code contains 'async/await' because this module is using "topLevelAwait".
However, your target environment does not appear to support 'async/await'.
As a result, the code may not run as expected or may cause runtime errors.

Import trace for requested module:
../../../../../Users/jaywest/Myeve/node_modules/@novnc/novnc/core/util/browser.js
../../../../../Users/jaywest/Myeve/node_modules/@novnc/novnc/core/rfb.js
./components/computer-viewer.tsx
./components/computer-workspace.tsx
./app/chat.tsx
Model catalog failed Error [GatewayAuthenticationError]: AI Gateway authentication failed: No authentication provided.

Option 1 - API key:
Create an API key: https://vercel.com/d?to=%2F%5Bteam%5D%2F%7E%2Fai%2Fapi-keys
Provide via 'apiKey' option or 'AI_GATEWAY_API_KEY' environment variable.

Option 2 - Vercel access token:
Pass a Vercel personal access token or Vercel app access token via the 'apiKey' option.

Option 3 - OIDC token:
Run 'npx vercel link' to link your project, then 'vc env pull' to fetch the token.
    at async GET (app/api/models/route.ts:11:24)
   9 |
  10 |   try {
> 11 |     const { models } = await gateway.getAvailableModels();
     |                        ^
  12 |     const language = models
  13 |       .filter((model) => (model.modelType ?? "language") === "language")
  14 |       .map((model) => ({ {
  statusCode: 401,
  generationId: undefined,
  isRetryable: false,
  type: 'authentication_error',
  [cause]: Error [VercelOidcTokenError]: The 'x-vercel-oidc-token' header is missing from the request. Do you have the OIDC option enabled in the Vercel project settings?
  Unable to find project root directory. Have you linked your project with `vc link?`
      at async GET (app/api/models/route.ts:11:24)
     9 |
    10 |   try {
  > 11 |     const { models } = await gateway.getAvailableModels();
       |                        ^
    12 |     const language = models
    13 |       .filter((model) => (model.modelType ?? "language") === "language")
    14 |       .map((model) => ({ {
    cause: undefined
  }
}
 GET /api/update-check 200 in 4.9s (next.js: 4.8s, application-code: 103ms)
 GET /api/commands 200 in 4.9s (next.js: 4.8s, application-code: 103ms)
 GET /api/models 503 in 4.0s (next.js: 3.9s, application-code: 102ms)
 GET /api/capabilities 200 in 3.3s (next.js: 3.2s, application-code: 104ms)
[browser] ../../../../../Users/jaywest/Myeve/node_modules/@novnc/novnc/core/util/browser.js
The generated code contains 'async/await' because this module is using "topLevelAwait".
However, your target environment does not appear to support 'async/await'.
As a result, the code may not run as expected or may cause runtime errors.

Import trace for requested module:
../../../../../Users/jaywest/Myeve/node_modules/@novnc/novnc/core/util/browser.js
../../../../../Users/jaywest/Myeve/node_modules/@novnc/novnc/core/rfb.js
./components/computer-viewer.tsx
./components/computer-workspace.tsx
./app/chat.tsx
 GET /api/automations 200 in 5.1s (next.js: 4.8s, application-code: 284ms)
 GET /api/agents 200 in 25ms (next.js: 4ms, application-code: 21ms)
 GET /api/review-schedule 200 in 11ms (next.js: 0.5ms, application-code: 11ms)
 GET /api/automations 200 in 4ms (next.js: 0.5ms, application-code: 4ms)
 GET /computer 200 in 5.2s (next.js: 4.8s, proxy.ts: 100ms, application-code: 292ms)
 GET /api/threads 200 in 25ms (next.js: 5ms, application-code: 20ms)
[browser] ../../../../../Users/jaywest/Myeve/node_modules/@novnc/novnc/core/util/browser.js
The generated code contains 'async/await' because this module is using "topLevelAwait".
However, your target environment does not appear to support 'async/await'.
As a result, the code may not run as expected or may cause runtime errors.
⚠ ../../../../../Users/jaywest/Myeve/node_modules/@novnc/novnc/core/util/browser.js
The generated code contains 'async/await' because this module is using "topLevelAwait".
However, your target environment does not appear to support 'async/await'.
As a result, the code may not run as expected or may cause runtime errors.

Import trace for requested module:
../../../../../Users/jaywest/Myeve/node_modules/@novnc/novnc/core/util/browser.js
../../../../../Users/jaywest/Myeve/node_modules/@novnc/novnc/core/rfb.js
./components/computer-viewer.tsx
./components/computer-workspace.tsx
./app/chat.tsx
[browser] ../../../../../Users/jaywest/Myeve/node_modules/@novnc/novnc/core/util/browser.js
The generated code contains 'async/await' because this module is using "topLevelAwait".
However, your target environment does not appear to support 'async/await'.
As a result, the code may not run as expected or may cause runtime errors.

Import trace for requested module:
../../../../../Users/jaywest/Myeve/node_modules/@novnc/novnc/core/util/browser.js
../../../../../Users/jaywest/Myeve/node_modules/@novnc/novnc/core/rfb.js
./components/computer-viewer.tsx
./components/computer-workspace.tsx
./app/chat.tsx
⚠ ../../../../../Users/jaywest/Myeve/node_modules/@novnc/novnc/core/util/browser.js
The generated code contains 'async/await' because this module is using "topLevelAwait".
However, your target environment does not appear to support 'async/await'.
As a result, the code may not run as expected or may cause runtime errors.

Import trace for requested module:
../../../../../Users/jaywest/Myeve/node_modules/@novnc/novnc/core/util/browser.js
../../../../../Users/jaywest/Myeve/node_modules/@novnc/novnc/core/rfb.js
./components/computer-viewer.tsx
./components/computer-workspace.tsx
./app/chat.tsx
Model catalog failed Error [GatewayAuthenticationError]: AI Gateway authentication failed: No authentication provided.

Option 1 - API key:
Create an API key: https://vercel.com/d?to=%2F%5Bteam%5D%2F%7E%2Fai%2Fapi-keys
Provide via 'apiKey' option or 'AI_GATEWAY_API_KEY' environment variable.

Option 2 - Vercel access token:
Pass a Vercel personal access token or Vercel app access token via the 'apiKey' option.

Option 3 - OIDC token:
Run 'npx vercel link' to link your project, then 'vc env pull' to fetch the token.
    at async GET (app/api/models/route.ts:11:24)
   9 |
  10 |   try {
> 11 |     const { models } = await gateway.getAvailableModels();
     |                        ^
  12 |     const language = models
  13 |       .filter((model) => (model.modelType ?? "language") === "language")
  14 |       .map((model) => ({ {
  statusCode: 401,
  generationId: undefined,
  isRetryable: false,
  type: 'authentication_error',
  [cause]: Error [VercelOidcTokenError]: The 'x-vercel-oidc-token' header is missing from the request. Do you have the OIDC option enabled in the Vercel project settings?
  Unable to find project root directory. Have you linked your project with `vc link?`
      at async GET (app/api/models/route.ts:11:24)
     9 |
    10 |   try {
  > 11 |     const { models } = await gateway.getAvailableModels();
       |                        ^
    12 |     const language = models
    13 |       .filter((model) => (model.modelType ?? "language") === "language")
    14 |       .map((model) => ({ {
    cause: undefined
  }
}
 GET /api/commands 200 in 8.8s (next.js: 8.6s, application-code: 268ms)
 GET /api/models 503 in 8.9s (next.js: 8.7s, application-code: 267ms)
[browser] ../../../../../Users/jaywest/Myeve/node_modules/@novnc/novnc/core/util/browser.js
The generated code contains 'async/await' because this module is using "topLevelAwait".
However, your target environment does not appear to support 'async/await'.
As a result, the code may not run as expected or may cause runtime errors.

Import trace for requested module:
../../../../../Users/jaywest/Myeve/node_modules/@novnc/novnc/core/util/browser.js
../../../../../Users/jaywest/Myeve/node_modules/@novnc/novnc/core/rfb.js
./components/computer-viewer.tsx
./components/computer-workspace.tsx
./app/chat.tsx
 GET /api/capabilities 200 in 1.6ms (next.js: 0.3ms, application-code: 1.3ms)
 GET /api/agents 200 in 9.0s (next.js: 8.7s, application-code: 280ms)
 GET /api/computer-sessions 200 in 9.1s (next.js: 8.8s, application-code: 289ms)
 GET /api/threads 200 in 4.6s (next.js: 4.3s, application-code: 293ms)
 GET /api/computer-sessions 200 in 25ms (next.js: 0.7ms, application-code: 24ms)
 GET /api/commands 200 in 1.3ms (next.js: 0.3ms, application-code: 0.9ms)
Model catalog failed Error [GatewayAuthenticationError]: AI Gateway authentication failed: No authentication provided.

Option 1 - API key:
Create an API key: https://vercel.com/d?to=%2F%5Bteam%5D%2F%7E%2Fai%2Fapi-keys
Provide via 'apiKey' option or 'AI_GATEWAY_API_KEY' environment variable.

Option 2 - Vercel access token:
Pass a Vercel personal access token or Vercel app access token via the 'apiKey' option.

Option 3 - OIDC token:
Run 'npx vercel link' to link your project, then 'vc env pull' to fetch the token.
    at async GET (app/api/models/route.ts:11:24)
   9 |
  10 |   try {
> 11 |     const { models } = await gateway.getAvailableModels();
     |                        ^
  12 |     const language = models
  13 |       .filter((model) => (model.modelType ?? "language") === "language")
  14 |       .map((model) => ({ {
  statusCode: 401,
  generationId: undefined,
  isRetryable: false,
  type: 'authentication_error',
  [cause]: Error [VercelOidcTokenError]: The 'x-vercel-oidc-token' header is missing from the request. Do you have the OIDC option enabled in the Vercel project settings?
  Unable to find project root directory. Have you linked your project with `vc link?`
      at async GET (app/api/models/route.ts:11:24)
     9 |
    10 |   try {
  > 11 |     const { models } = await gateway.getAvailableModels();
       |                        ^
    12 |     const language = models
    13 |       .filter((model) => (model.modelType ?? "language") === "language")
    14 |       .map((model) => ({ {
    cause: undefined
  }
}
 GET /api/models 503 in 3ms (next.js: 0.5ms, application-code: 2ms)
 GET /api/computer-sessions 200 in 104ms (next.js: 0.4ms, application-code: 104ms)
 GET /api/threads 200 in 4ms (next.js: 0.5ms, application-code: 3ms)
 GET /api/agents 200 in 21ms (next.js: 0.3ms, application-code: 21ms)
 GET /computer 200 in 113ms (next.js: 53ms, proxy.ts: 40ms, application-code: 21ms)
 GET /api/computer 200 in 9.4s (next.js: 8.9s, application-code: 409ms)
 GET /api/computer 200 in 12ms (next.js: 0.6ms, application-code: 12ms)
 GET /api/computer?agentId=agent_66a1e235-c274-4052-a0aa-db757e9b3e6b 200 in 10ms (next.js: 0.7ms, application-code: 9ms)
 GET /goals 200 in 1753ms (next.js: 28ms, proxy.ts: 1.7ms, application-code: 1723ms)
 GET /api/computer-sessions 200 in 4ms (next.js: 0.8ms, application-code: 4ms)
[browser] ../../../../../Users/jaywest/Myeve/node_modules/@novnc/novnc/core/util/browser.js
The generated code contains 'async/await' because this module is using "topLevelAwait".
However, your target environment does not appear to support 'async/await'.
As a result, the code may not run as expected or may cause runtime errors.
⚠ ../../../../../Users/jaywest/Myeve/node_modules/@novnc/novnc/core/util/browser.js
The generated code contains 'async/await' because this module is using "topLevelAwait".
However, your target environment does not appear to support 'async/await'.
As a result, the code may not run as expected or may cause runtime errors.

Import trace for requested module:
../../../../../Users/jaywest/Myeve/node_modules/@novnc/novnc/core/util/browser.js
../../../../../Users/jaywest/Myeve/node_modules/@novnc/novnc/core/rfb.js
./components/computer-viewer.tsx
./components/computer-workspace.tsx
./app/chat.tsx
[browser] ../../../../../Users/jaywest/Myeve/node_modules/@novnc/novnc/core/util/browser.js
The generated code contains 'async/await' because this module is using "topLevelAwait".
However, your target environment does not appear to support 'async/await'.
As a result, the code may not run as expected or may cause runtime errors.

Import trace for requested module:
../../../../../Users/jaywest/Myeve/node_modules/@novnc/novnc/core/util/browser.js
../../../../../Users/jaywest/Myeve/node_modules/@novnc/novnc/core/rfb.js
./components/computer-viewer.tsx
./components/computer-workspace.tsx
./app/chat.tsx
⚠ ../../../../../Users/jaywest/Myeve/node_modules/@novnc/novnc/core/util/browser.js
The generated code contains 'async/await' because this module is using "topLevelAwait".
However, your target environment does not appear to support 'async/await'.
As a result, the code may not run as expected or may cause runtime errors.

Import trace for requested module:
../../../../../Users/jaywest/Myeve/node_modules/@novnc/novnc/core/util/browser.js
../../../../../Users/jaywest/Myeve/node_modules/@novnc/novnc/core/rfb.js
./components/computer-viewer.tsx
./components/computer-workspace.tsx
./app/chat.tsx
Model catalog failed Error [GatewayAuthenticationError]: AI Gateway authentication failed: No authentication provided.

Option 1 - API key:
Create an API key: https://vercel.com/d?to=%2F%5Bteam%5D%2F%7E%2Fai%2Fapi-keys
Provide via 'apiKey' option or 'AI_GATEWAY_API_KEY' environment variable.

Option 2 - Vercel access token:
Pass a Vercel personal access token or Vercel app access token via the 'apiKey' option.

Option 3 - OIDC token:
Run 'npx vercel link' to link your project, then 'vc env pull' to fetch the token.
    at async GET (app/api/models/route.ts:11:24)
   9 |
  10 |   try {
> 11 |     const { models } = await gateway.getAvailableModels();
     |                        ^
  12 |     const language = models
  13 |       .filter((model) => (model.modelType ?? "language") === "language")
  14 |       .map((model) => ({ {
  statusCode: 401,
  generationId: undefined,
  isRetryable: false,
  type: 'authentication_error',
  [cause]: Error [VercelOidcTokenError]: The 'x-vercel-oidc-token' header is missing from the request. Do you have the OIDC option enabled in the Vercel project settings?
  Unable to find project root directory. Have you linked your project with `vc link?`
      at async GET (app/api/models/route.ts:11:24)
     9 |
    10 |   try {
  > 11 |     const { models } = await gateway.getAvailableModels();
       |                        ^
    12 |     const language = models
    13 |       .filter((model) => (model.modelType ?? "language") === "language")
    14 |       .map((model) => ({ {
    cause: undefined
  }
}
 GET /api/commands 200 in 3.1s (next.js: 3.0s, application-code: 96ms)
 GET /api/models 503 in 3.2s (next.js: 3.1s, application-code: 96ms)
[browser] ../../../../../Users/jaywest/Myeve/node_modules/@novnc/novnc/core/util/browser.js
The generated code contains 'async/await' because this module is using "topLevelAwait".
However, your target environment does not appear to support 'async/await'.
As a result, the code may not run as expected or may cause runtime errors.

Import trace for requested module:
../../../../../Users/jaywest/Myeve/node_modules/@novnc/novnc/core/util/browser.js
../../../../../Users/jaywest/Myeve/node_modules/@novnc/novnc/core/rfb.js
./components/computer-viewer.tsx
./components/computer-workspace.tsx
./app/chat.tsx
 GET /api/goals 200 in 3.4s (next.js: 3.3s, application-code: 110ms)
 GET /api/capabilities 200 in 3ms (next.js: 1.2ms, application-code: 1.8ms)
 GET /api/agents 200 in 3.2s (next.js: 3.1s, application-code: 120ms)
 GET /api/commands 200 in 1.6ms (next.js: 0.4ms, application-code: 1.2ms)
Model catalog failed Error [GatewayAuthenticationError]: AI Gateway authentication failed: No authentication provided.

Option 1 - API key:
Create an API key: https://vercel.com/d?to=%2F%5Bteam%5D%2F%7E%2Fai%2Fapi-keys
Provide via 'apiKey' option or 'AI_GATEWAY_API_KEY' environment variable.

Option 2 - Vercel access token:
Pass a Vercel personal access token or Vercel app access token via the 'apiKey' option.

Option 3 - OIDC token:
Run 'npx vercel link' to link your project, then 'vc env pull' to fetch the token.
    at async GET (app/api/models/route.ts:11:24)
   9 |
  10 |   try {
> 11 |     const { models } = await gateway.getAvailableModels();
     |                        ^
  12 |     const language = models
  13 |       .filter((model) => (model.modelType ?? "language") === "language")
  14 |       .map((model) => ({ {
  statusCode: 401,
  generationId: undefined,
  isRetryable: false,
  type: 'authentication_error',
  [cause]: Error [VercelOidcTokenError]: The 'x-vercel-oidc-token' header is missing from the request. Do you have the OIDC option enabled in the Vercel project settings?
  Unable to find project root directory. Have you linked your project with `vc link?`
      at async GET (app/api/models/route.ts:11:24)
     9 |
    10 |   try {
  > 11 |     const { models } = await gateway.getAvailableModels();
       |                        ^
    12 |     const language = models
    13 |       .filter((model) => (model.modelType ?? "language") === "language")
    14 |       .map((model) => ({ {
    cause: undefined
  }
}
 GET /api/models 503 in 3ms (next.js: 0.3ms, application-code: 2ms)
 GET /api/threads 200 in 1725ms (next.js: 1598ms, application-code: 127ms)
 GET /api/goals 200 in 3ms (next.js: 0.4ms, application-code: 2ms)
 GET /api/goals/focus 200 in 3.4s (next.js: 3.3s, application-code: 134ms)
 GET /api/threads 200 in 13ms (next.js: 0.6ms, application-code: 13ms)
 GET /api/agents 200 in 23ms (next.js: 0.3ms, application-code: 23ms)
 GET /api/goals/focus 200 in 8ms (next.js: 0.5ms, application-code: 8ms)
⚠ ../../../../../Users/jaywest/Myeve/node_modules/@novnc/novnc/core/util/browser.js
The generated code contains 'async/await' because this module is using "topLevelAwait".
However, your target environment does not appear to support 'async/await'.
As a result, the code may not run as expected or may cause runtime errors.

Import trace for requested module:
../../../../../Users/jaywest/Myeve/node_modules/@novnc/novnc/core/util/browser.js
../../../../../Users/jaywest/Myeve/node_modules/@novnc/novnc/core/rfb.js
./components/computer-viewer.tsx
./components/computer-workspace.tsx
./app/chat.tsx
⚠ ../../../../../Users/jaywest/Myeve/node_modules/@novnc/novnc/core/util/browser.js
The generated code contains 'async/await' because this module is using "topLevelAwait".
However, your target environment does not appear to support 'async/await'.
As a result, the code may not run as expected or may cause runtime errors.

Import trace for requested module:
../../../../../Users/jaywest/Myeve/node_modules/@novnc/novnc/core/util/browser.js
../../../../../Users/jaywest/Myeve/node_modules/@novnc/novnc/core/rfb.js
./components/computer-viewer.tsx
./components/computer-workspace.tsx
./app/chat.tsx
[browser] ../../../../../Users/jaywest/Myeve/node_modules/@novnc/novnc/core/util/browser.js
The generated code contains 'async/await' because this module is using "topLevelAwait".
However, your target environment does not appear to support 'async/await'.
As a result, the code may not run as expected or may cause runtime errors.

Import trace for requested module:
../../../../../Users/jaywest/Myeve/node_modules/@novnc/novnc/core/util/browser.js
../../../../../Users/jaywest/Myeve/node_modules/@novnc/novnc/core/rfb.js
./components/computer-viewer.tsx
./components/computer-workspace.tsx
./app/chat.tsx
 GET /api/goals/goal_b96e7077-00db-43dd-913c-372f69f9301e 200 in 776ms (next.js: 757ms, application-code: 19ms)
 GET /api/threads 200 in 128ms (next.js: 40ms, application-code: 88ms)
