▲ Next.js 16.3.5 (webpack)
- Local:         http://127.0.0.1:3073
- Network:       http://127.0.0.1:3073
✓ Ready in 2.2s
✓ Running next.config.ts took 1994ms
[eve:dev] [PLUGIN_TIMINGS] Your build spent significant time in plugins. Here is a breakdown:
[eve:dev]   - eve-runtime-loader-package-boundary (46%)
[eve:dev]   - eve-authored-asset-import (40%)
[eve:dev] See https://rolldown.rs/reference/InputOptions.checks#plugintimings for more details.
[eve:dev] [PLUGIN_TIMINGS] Your build spent significant time in plugins. Here is a breakdown:
[eve:dev]   - eve-runtime-loader-package-boundary (46%)
[eve:dev]   - eve-authored-asset-import (40%)
[eve:dev] See https://rolldown.rs/reference/InputOptions.checks#plugintimings for more details.
[eve:dev] [PLUGIN_TIMINGS] Your build spent significant time in plugins. Here is a breakdown:
[eve:dev]   - eve-runtime-loader-package-boundary (46%)
[eve:dev]   - eve-authored-asset-import (41%)
[eve:dev] See https://rolldown.rs/reference/InputOptions.checks#plugintimings for more details.
[eve:dev] [PLUGIN_TIMINGS] Your build spent significant time in plugins. Here is a breakdown:
[eve:dev]   - eve-runtime-loader-package-boundary (42%)
[eve:dev]   - eve-authored-asset-import (39%)
[eve:dev] See https://rolldown.rs/reference/InputOptions.checks#plugintimings for more details.
[eve:dev] [PLUGIN_TIMINGS] Your build spent significant time in plugins. Here is a breakdown:
[eve:dev]   - eve-runtime-loader-package-boundary (37%)
[eve:dev]   - eve-authored-asset-import (37%)
[eve:dev] See https://rolldown.rs/reference/InputOptions.checks#plugintimings for more details.
[eve:dev] [PLUGIN_TIMINGS] Your build spent significant time in plugin `eve-runtime-loader-package-boundary`. See https://rolldown.rs/reference/InputOptions.checks#plugintimings for more details.
[eve:dev] [PLUGIN_TIMINGS] Your build spent significant time in plugin `eve-runtime-loader-package-boundary`. See https://rolldown.rs/reference/InputOptions.checks#plugintimings for more details.
[eve:dev] [PLUGIN_TIMINGS] Your build spent significant time in plugins. Here is a breakdown:
[eve:dev]   - eve-runtime-loader-package-boundary (51%)
[eve:dev]   - eve-authored-asset-import (27%)
[eve:dev] See https://rolldown.rs/reference/InputOptions.checks#plugintimings for more details.
[eve:dev] [PLUGIN_TIMINGS] Your build spent significant time in plugins. Here is a breakdown:
[eve:dev]   - eve-runtime-loader-package-boundary (54%)
[eve:dev]   - eve-authored-asset-import (28%)
[eve:dev] See https://rolldown.rs/reference/InputOptions.checks#plugintimings for more details.
[eve:dev] [PLUGIN_TIMINGS] Your build spent significant time in plugins. Here is a breakdown:
[eve:dev]   - eve-authored-asset-import (43%)
[eve:dev]   - eve-runtime-loader-package-boundary (31%)
[eve:dev] See https://rolldown.rs/reference/InputOptions.checks#plugintimings for more details.
[eve:dev] [PLUGIN_TIMINGS] Your build spent significant time in plugins. Here is a breakdown:
[eve:dev]   - eve-package-tsconfig-paths (36%)
[eve:dev]   - eve-authored-asset-import (29%)
[eve:dev]   - eve-runtime-loader-package-boundary (23%)
[eve:dev] See https://rolldown.rs/reference/InputOptions.checks#plugintimings for more details.
[eve:dev] [PLUGIN_TIMINGS] Your build spent significant time in plugins. Here is a breakdown:
[eve:dev]   - eve-authored-relative-extension-resolver (30%)
[eve:dev]   - eve-package-tsconfig-paths (28%)
[eve:dev]   - eve-authored-asset-import (21%)
[eve:dev] See https://rolldown.rs/reference/InputOptions.checks#plugintimings for more details.
[eve:dev] [PLUGIN_TIMINGS] Your build spent significant time in plugins. Here is a breakdown:
[eve:dev]   - eve-package-tsconfig-paths (41%)
[eve:dev]   - eve-authored-asset-import (26%)
[eve:dev] See https://rolldown.rs/reference/InputOptions.checks#plugintimings for more details.
[eve:dev] [PLUGIN_TIMINGS] Your build spent significant time in plugins. Here is a breakdown:
[eve:dev]   - eve-package-tsconfig-paths (39%)
[eve:dev]   - eve-authored-asset-import (23%)
[eve:dev] See https://rolldown.rs/reference/InputOptions.checks#plugintimings for more details.
[eve:dev] [PLUGIN_TIMINGS] Your build spent significant time in plugins. Here is a breakdown:
[eve:dev]   - eve-package-tsconfig-paths (33%)
[eve:dev]   - eve-authored-relative-extension-resolver (29%)
[eve:dev]   - eve-runtime-loader-package-boundary (24%)
[eve:dev] See https://rolldown.rs/reference/InputOptions.checks#plugintimings for more details.
[eve:dev] [PLUGIN_TIMINGS] Your build spent significant time in plugin `eve-authored-asset-import`. See https://rolldown.rs/reference/InputOptions.checks#plugintimings for more details.
[eve:dev] [PLUGIN_TIMINGS] Your build spent significant time in plugins. Here is a breakdown:
[eve:dev]   - eve-authored-asset-import (56%)
[eve:dev]   - eve-runtime-loader-package-boundary (24%)
[eve:dev] See https://rolldown.rs/reference/InputOptions.checks#plugintimings for more details.
[eve:dev] [PLUGIN_TIMINGS] Your build spent significant time in plugins. Here is a breakdown:
[eve:dev]   - eve-authored-asset-import (56%)
[eve:dev]   - eve-runtime-loader-package-boundary (25%)
[eve:dev] See https://rolldown.rs/reference/InputOptions.checks#plugintimings for more details.
[eve:dev] [PLUGIN_TIMINGS] Your build spent significant time in plugin `eve-authored-asset-import`. See https://rolldown.rs/reference/InputOptions.checks#plugintimings for more details.
[eve:dev] [PLUGIN_TIMINGS] Your build spent significant time in plugin `eve-authored-asset-import`. See https://rolldown.rs/reference/InputOptions.checks#plugintimings for more details.
[eve:dev] [PLUGIN_TIMINGS] Your build spent significant time in plugin `eve-authored-asset-import`. See https://rolldown.rs/reference/InputOptions.checks#plugintimings for more details.
[eve:dev] [PLUGIN_TIMINGS] Your build spent significant time in plugin `eve-authored-asset-import`. See https://rolldown.rs/reference/InputOptions.checks#plugintimings for more details.
[eve:dev] [PLUGIN_TIMINGS] Your build spent significant time in plugin `eve-authored-asset-import`. See https://rolldown.rs/reference/InputOptions.checks#plugintimings for more details.
[eve:dev] [PLUGIN_TIMINGS] Your build spent significant time in plugin `eve-authored-asset-import`. See https://rolldown.rs/reference/InputOptions.checks#plugintimings for more details.
[eve:dev] [PLUGIN_TIMINGS] Your build spent significant time in plugin `eve-authored-asset-import`. See https://rolldown.rs/reference/InputOptions.checks#plugintimings for more details.
[eve:dev] [PLUGIN_TIMINGS] Your build spent significant time in plugins. Here is a breakdown:
[eve:dev]   - eve-authored-asset-import (52%)
[eve:dev]   - eve-authored-relative-extension-resolver (25%)
[eve:dev] See https://rolldown.rs/reference/InputOptions.checks#plugintimings for more details.
[eve:dev] [PLUGIN_TIMINGS] Your build spent significant time in plugins. Here is a breakdown:
[eve:dev]   - eve-authored-asset-import (53%)
[eve:dev]   - eve-authored-relative-extension-resolver (26%)
[eve:dev] See https://rolldown.rs/reference/InputOptions.checks#plugintimings for more details.
[eve:dev] [PLUGIN_TIMINGS] Your build spent significant time in plugins. Here is a breakdown:
[eve:dev]   - eve-authored-asset-import (59%)
[eve:dev]   - eve-authored-relative-extension-resolver (25%)
[eve:dev] See https://rolldown.rs/reference/InputOptions.checks#plugintimings for more details.
[eve:dev] [PLUGIN_TIMINGS] Your build spent significant time in plugins. Here is a breakdown:
[eve:dev]   - eve-authored-relative-extension-resolver (46%)
[eve:dev]   - eve-runtime-loader-package-boundary (25%)
[eve:dev]   - eve-authored-asset-import (22%)
[eve:dev] See https://rolldown.rs/reference/InputOptions.checks#plugintimings for more details.
[eve:dev] [PLUGIN_TIMINGS] Your build spent significant time in plugin `eve-authored-asset-import`. See https://rolldown.rs/reference/InputOptions.checks#plugintimings for more details.
[eve:dev] [PLUGIN_TIMINGS] Your build spent significant time in plugins. Here is a breakdown:
[eve:dev]   - eve-authored-relative-extension-resolver (46%)
[eve:dev]   - eve-authored-asset-import (27%)
[eve:dev]   - eve-runtime-loader-package-boundary (25%)
[eve:dev] See https://rolldown.rs/reference/InputOptions.checks#plugintimings for more details.
[eve:dev] [PLUGIN_TIMINGS] Your build spent significant time in plugins. Here is a breakdown:
[eve:dev]   - eve-authored-relative-extension-resolver (47%)
[eve:dev]   - eve-runtime-loader-package-boundary (25%)
[eve:dev]   - eve-authored-asset-import (22%)
[eve:dev] See https://rolldown.rs/reference/InputOptions.checks#plugintimings for more details.
[eve:dev] [PLUGIN_TIMINGS] Your build spent significant time in plugins. Here is a breakdown:
[eve:dev]   - eve-authored-asset-import (44%)
[eve:dev]   - eve-runtime-loader-package-boundary (22%)
[eve:dev] See https://rolldown.rs/reference/InputOptions.checks#plugintimings for more details.
[eve:dev] ../../../../../Users/jaywest/Myeve/node_modules/@vercel/otel/dist/node/index.js (23:28893) [EVAL] Use of direct `eval` function is strongly discouraged as it poses security risks and may cause issues with minification.
[eve:dev]  - Use of direct `eval` here. in ../../../../../../../../../../../../Users/jaywest/Myeve/node_modules/@vercel/otel/dist/node/index.js at 254579..254583
[eve:dev]   │
[eve:dev]   │ Help: Consider using indirect eval. For more information, check the documentation: https://rolldown.rs/guide/troubleshooting#avoiding-direct-eval
[eve:dev] ../../../../../Users/jaywest/Myeve/node_modules/@vercel/otel/dist/node/index.js (23:28893) [EVAL] Use of direct `eval` function is strongly discouraged as it poses security risks and may cause issues with minification.
[eve:dev]  - Use of direct `eval` here. in ../../../../../../../../../../../../Users/jaywest/Myeve/node_modules/@vercel/otel/dist/node/index.js at 254579..254583
[eve:dev]   │
[eve:dev]   │ Help: Consider using indirect eval. For more information, check the documentation: https://rolldown.rs/guide/troubleshooting#avoiding-direct-eval
[eve:dev] (node:62331) [DEP0040] DeprecationWarning: The `punycode` module is deprecated. Please use a userland alternative instead.
[eve:dev] (Use `node --trace-deprecation ...` to show where the warning was created)
[eve:dev] server listening at http://127.0.0.1:62445/

○ Compiling /goals ...
⚠ ../../../../../Users/jaywest/Myeve/node_modules/@novnc/novnc/core/util/browser.js
The generated code contains 'async/await' because this module is using "topLevelAwait".
However, your target environment does not appear to support 'async/await'.
As a result, the code may not run as expected or may cause runtime errors.

Import trace for requested module:
../../../../../Users/jaywest/Myeve/node_modules/@novnc/novnc/core/util/browser.js
../../../../../Users/jaywest/Myeve/node_modules/@novnc/novnc/core/rfb.js
./components/computer-viewer.tsx
./components/computer-workspace.tsx
./app/chat.tsx
 GET /goals 200 in 14.4s (next.js: 13.9s, proxy.ts: 146ms, application-code: 357ms)
[browser] ../../../../../Users/jaywest/Myeve/node_modules/@novnc/novnc/core/util/browser.js
The generated code contains 'async/await' because this module is using "topLevelAwait".
However, your target environment does not appear to support 'async/await'.
As a result, the code may not run as expected or may cause runtime errors.
⚠ ../../../../../Users/jaywest/Myeve/node_modules/@novnc/novnc/core/util/browser.js
The generated code contains 'async/await' because this module is using "topLevelAwait".
However, your target environment does not appear to support 'async/await'.
As a result, the code may not run as expected or may cause runtime errors.

Import trace for requested module:
../../../../../Users/jaywest/Myeve/node_modules/@novnc/novnc/core/util/browser.js
../../../../../Users/jaywest/Myeve/node_modules/@novnc/novnc/core/rfb.js
./components/computer-viewer.tsx
./components/computer-workspace.tsx
./app/chat.tsx
[browser] ../../../../../Users/jaywest/Myeve/node_modules/@novnc/novnc/core/util/browser.js
The generated code contains 'async/await' because this module is using "topLevelAwait".
However, your target environment does not appear to support 'async/await'.
As a result, the code may not run as expected or may cause runtime errors.

Import trace for requested module:
../../../../../Users/jaywest/Myeve/node_modules/@novnc/novnc/core/util/browser.js
../../../../../Users/jaywest/Myeve/node_modules/@novnc/novnc/core/rfb.js
./components/computer-viewer.tsx
./components/computer-workspace.tsx
./app/chat.tsx
⚠ ../../../../../Users/jaywest/Myeve/node_modules/@novnc/novnc/core/util/browser.js
The generated code contains 'async/await' because this module is using "topLevelAwait".
However, your target environment does not appear to support 'async/await'.
As a result, the code may not run as expected or may cause runtime errors.

Import trace for requested module:
../../../../../Users/jaywest/Myeve/node_modules/@novnc/novnc/core/util/browser.js
../../../../../Users/jaywest/Myeve/node_modules/@novnc/novnc/core/rfb.js
./components/computer-viewer.tsx
./components/computer-workspace.tsx
./app/chat.tsx
Model catalog failed Error [GatewayAuthenticationError]: AI Gateway authentication failed: No authentication provided.

Option 1 - API key:
Create an API key: https://vercel.com/d?to=%2F%5Bteam%5D%2F%7E%2Fai%2Fapi-keys
Provide via 'apiKey' option or 'AI_GATEWAY_API_KEY' environment variable.

Option 2 - Vercel access token:
Pass a Vercel personal access token or Vercel app access token via the 'apiKey' option.

Option 3 - OIDC token:
Run 'npx vercel link' to link your project, then 'vc env pull' to fetch the token.
    at async GET (app/api/models/route.ts:11:24)
   9 |
  10 |   try {
> 11 |     const { models } = await gateway.getAvailableModels();
     |                        ^
  12 |     const language = models
  13 |       .filter((model) => (model.modelType ?? "language") === "language")
  14 |       .map((model) => ({ {
  statusCode: 401,
  generationId: undefined,
  isRetryable: false,
  type: 'authentication_error',
  [cause]: Error [VercelOidcTokenError]: The 'x-vercel-oidc-token' header is missing from the request. Do you have the OIDC option enabled in the Vercel project settings?
  Unable to find project root directory. Have you linked your project with `vc link?`
      at async GET (app/api/models/route.ts:11:24)
     9 |
    10 |   try {
  > 11 |     const { models } = await gateway.getAvailableModels();
       |                        ^
    12 |     const language = models
    13 |       .filter((model) => (model.modelType ?? "language") === "language")
    14 |       .map((model) => ({ {
    cause: undefined
  }
}
 GET /api/models 503 in 4.3s (next.js: 4.1s, application-code: 255ms)
 GET /api/commands 200 in 4.3s (next.js: 4.1s, application-code: 255ms)
[browser] ../../../../../Users/jaywest/Myeve/node_modules/@novnc/novnc/core/util/browser.js
The generated code contains 'async/await' because this module is using "topLevelAwait".
However, your target environment does not appear to support 'async/await'.
As a result, the code may not run as expected or may cause runtime errors.

Import trace for requested module:
../../../../../Users/jaywest/Myeve/node_modules/@novnc/novnc/core/util/browser.js
../../../../../Users/jaywest/Myeve/node_modules/@novnc/novnc/core/rfb.js
./components/computer-viewer.tsx
./components/computer-workspace.tsx
./app/chat.tsx
⚠ ../../../../../Users/jaywest/Myeve/node_modules/@novnc/novnc/core/util/browser.js
The generated code contains 'async/await' because this module is using "topLevelAwait".
However, your target environment does not appear to support 'async/await'.
As a result, the code may not run as expected or may cause runtime errors.

Import trace for requested module:
../../../../../Users/jaywest/Myeve/node_modules/@novnc/novnc/core/util/browser.js
../../../../../Users/jaywest/Myeve/node_modules/@novnc/novnc/core/rfb.js
./components/computer-viewer.tsx
./components/computer-workspace.tsx
./app/chat.tsx
 GET /api/goals 200 in 4.4s (next.js: 4.1s, application-code: 283ms)
 GET /api/agents 200 in 4.4s (next.js: 4.1s, application-code: 301ms)
 GET /api/threads 200 in 3.7s (next.js: 3.4s, application-code: 305ms)
 GET /api/goals/focus 200 in 4.4s (next.js: 4.1s, application-code: 320ms)
[browser] ../../../../../Users/jaywest/Myeve/node_modules/@novnc/novnc/core/util/browser.js
The generated code contains 'async/await' because this module is using "topLevelAwait".
However, your target environment does not appear to support 'async/await'.
As a result, the code may not run as expected or may cause runtime errors.

Import trace for requested module:
../../../../../Users/jaywest/Myeve/node_modules/@novnc/novnc/core/util/browser.js
../../../../../Users/jaywest/Myeve/node_modules/@novnc/novnc/core/rfb.js
./components/computer-viewer.tsx
./components/computer-workspace.tsx
./app/chat.tsx
⚠ ../../../../../Users/jaywest/Myeve/node_modules/@novnc/novnc/core/util/browser.js
The generated code contains 'async/await' because this module is using "topLevelAwait".
However, your target environment does not appear to support 'async/await'.
As a result, the code may not run as expected or may cause runtime errors.

Import trace for requested module:
../../../../../Users/jaywest/Myeve/node_modules/@novnc/novnc/core/util/browser.js
../../../../../Users/jaywest/Myeve/node_modules/@novnc/novnc/core/rfb.js
./components/computer-viewer.tsx
./components/computer-workspace.tsx
./app/chat.tsx
Model catalog failed Error [GatewayAuthenticationError]: AI Gateway authentication failed: No authentication provided.

Option 1 - API key:
Create an API key: https://vercel.com/d?to=%2F%5Bteam%5D%2F%7E%2Fai%2Fapi-keys
Provide via 'apiKey' option or 'AI_GATEWAY_API_KEY' environment variable.

Option 2 - Vercel access token:
Pass a Vercel personal access token or Vercel app access token via the 'apiKey' option.

Option 3 - OIDC token:
Run 'npx vercel link' to link your project, then 'vc env pull' to fetch the token.
    at async GET (app/api/models/route.ts:11:24)
   9 |
  10 |   try {
> 11 |     const { models } = await gateway.getAvailableModels();
     |                        ^
  12 |     const language = models
  13 |       .filter((model) => (model.modelType ?? "language") === "language")
  14 |       .map((model) => ({ {
  statusCode: 401,
  generationId: undefined,
  isRetryable: false,
  type: 'authentication_error',
  [cause]: Error [VercelOidcTokenError]: The 'x-vercel-oidc-token' header is missing from the request. Do you have the OIDC option enabled in the Vercel project settings?
  Unable to find project root directory. Have you linked your project with `vc link?`
      at async GET (app/api/models/route.ts:11:24)
     9 |
    10 |   try {
  > 11 |     const { models } = await gateway.getAvailableModels();
       |                        ^
    12 |     const language = models
    13 |       .filter((model) => (model.modelType ?? "language") === "language")
    14 |       .map((model) => ({ {
    cause: undefined
  }
}
 GET /api/models 503 in 1022ms (next.js: 853ms, application-code: 169ms)
 GET /api/commands 200 in 1011ms (next.js: 843ms, application-code: 169ms)
 GET /api/capabilities 200 in 1048ms (next.js: 886ms, application-code: 162ms)
[browser] ../../../../../Users/jaywest/Myeve/node_modules/@novnc/novnc/core/util/browser.js
The generated code contains 'async/await' because this module is using "topLevelAwait".
However, your target environment does not appear to support 'async/await'.
As a result, the code may not run as expected or may cause runtime errors.

Import trace for requested module:
../../../../../Users/jaywest/Myeve/node_modules/@novnc/novnc/core/util/browser.js
../../../../../Users/jaywest/Myeve/node_modules/@novnc/novnc/core/rfb.js
./components/computer-viewer.tsx
./components/computer-workspace.tsx
./app/chat.tsx
 GET /api/goals 200 in 986ms (next.js: 822ms, application-code: 165ms)
 GET /api/agents 200 in 101ms (next.js: 3ms, application-code: 98ms)
⚠ ../../../../../Users/jaywest/Myeve/node_modules/@novnc/novnc/core/util/browser.js
The generated code contains 'async/await' because this module is using "topLevelAwait".
However, your target environment does not appear to support 'async/await'.
As a result, the code may not run as expected or may cause runtime errors.

Import trace for requested module:
../../../../../Users/jaywest/Myeve/node_modules/@novnc/novnc/core/util/browser.js
../../../../../Users/jaywest/Myeve/node_modules/@novnc/novnc/core/rfb.js
./components/computer-viewer.tsx
./components/computer-workspace.tsx
./app/chat.tsx
 GET /api/goals/focus 200 in 95ms (next.js: 2ms, application-code: 93ms)
 GET /api/threads 200 in 105ms (next.js: 2ms, application-code: 103ms)
 GET /goals 200 in 323ms (next.js: 70ms, proxy.ts: 218ms, application-code: 36ms)
⚠ ../../../../../Users/jaywest/Myeve/node_modules/@novnc/novnc/core/util/browser.js
The generated code contains 'async/await' because this module is using "topLevelAwait".
However, your target environment does not appear to support 'async/await'.
As a result, the code may not run as expected or may cause runtime errors.

Import trace for requested module:
../../../../../Users/jaywest/Myeve/node_modules/@novnc/novnc/core/util/browser.js
../../../../../Users/jaywest/Myeve/node_modules/@novnc/novnc/core/rfb.js
./components/computer-viewer.tsx
./components/computer-workspace.tsx
./app/chat.tsx
[browser] ../../../../../Users/jaywest/Myeve/node_modules/@novnc/novnc/core/util/browser.js
The generated code contains 'async/await' because this module is using "topLevelAwait".
However, your target environment does not appear to support 'async/await'.
As a result, the code may not run as expected or may cause runtime errors.

Import trace for requested module:
../../../../../Users/jaywest/Myeve/node_modules/@novnc/novnc/core/util/browser.js
../../../../../Users/jaywest/Myeve/node_modules/@novnc/novnc/core/rfb.js
./components/computer-viewer.tsx
./components/computer-workspace.tsx
./app/chat.tsx
 GET /api/threads/981fbd7e-e23c-4070-a3e7-83260dd522ae 404 in 2.4s (next.js: 2.4s, application-code: 3ms)
 GET /api/goals/goal_b96e7077-00db-43dd-913c-372f69f9301e 200 in 1270ms (next.js: 1250ms, application-code: 21ms)
 GET /api/threads/981fbd7e-e23c-4070-a3e7-83260dd522ae 404 in 16ms (next.js: 4ms, application-code: 12ms)
 GET /api/threads/981fbd7e-e23c-4070-a3e7-83260dd522ae 404 in 2ms (next.js: 0.5ms, application-code: 1.6ms)
 GET /api/threads/981fbd7e-e23c-4070-a3e7-83260dd522ae 404 in 2ms (next.js: 0.6ms, application-code: 1.8ms)
⚠ ../../../../../Users/jaywest/Myeve/node_modules/@novnc/novnc/core/util/browser.js
The generated code contains 'async/await' because this module is using "topLevelAwait".
However, your target environment does not appear to support 'async/await'.
As a result, the code may not run as expected or may cause runtime errors.

Import trace for requested module:
../../../../../Users/jaywest/Myeve/node_modules/@novnc/novnc/core/util/browser.js
../../../../../Users/jaywest/Myeve/node_modules/@novnc/novnc/core/rfb.js
./components/computer-viewer.tsx
./components/computer-workspace.tsx
./app/chat.tsx
⚠ ../../../../../Users/jaywest/Myeve/node_modules/@novnc/novnc/core/util/browser.js
The generated code contains 'async/await' because this module is using "topLevelAwait".
However, your target environment does not appear to support 'async/await'.
As a result, the code may not run as expected or may cause runtime errors.

Import trace for requested module:
../../../../../Users/jaywest/Myeve/node_modules/@novnc/novnc/core/util/browser.js
../../../../../Users/jaywest/Myeve/node_modules/@novnc/novnc/core/rfb.js
./components/computer-viewer.tsx
./components/computer-workspace.tsx
./app/chat.tsx
 GET /chat 200 in 1990ms (next.js: 1592ms, proxy.ts: 4ms, application-code: 393ms)
[browser] ../../../../../Users/jaywest/Myeve/node_modules/@novnc/novnc/core/util/browser.js
The generated code contains 'async/await' because this module is using "topLevelAwait".
However, your target environment does not appear to support 'async/await'.
As a result, the code may not run as expected or may cause runtime errors.
Model catalog failed Error [GatewayAuthenticationError]: AI Gateway authentication failed: No authentication provided.

Option 1 - API key:
Create an API key: https://vercel.com/d?to=%2F%5Bteam%5D%2F%7E%2Fai%2Fapi-keys
Provide via 'apiKey' option or 'AI_GATEWAY_API_KEY' environment variable.

Option 2 - Vercel access token:
Pass a Vercel personal access token or Vercel app access token via the 'apiKey' option.

Option 3 - OIDC token:
Run 'npx vercel link' to link your project, then 'vc env pull' to fetch the token.
    at async GET (app/api/models/route.ts:11:24)
   9 |
  10 |   try {
> 11 |     const { models } = await gateway.getAvailableModels();
     |                        ^
  12 |     const language = models
  13 |       .filter((model) => (model.modelType ?? "language") === "language")
  14 |       .map((model) => ({ {
  statusCode: 401,
  generationId: undefined,
  isRetryable: false,
  type: 'authentication_error',
  [cause]: Error [VercelOidcTokenError]: The 'x-vercel-oidc-token' header is missing from the request. Do you have the OIDC option enabled in the Vercel project settings?
  Unable to find project root directory. Have you linked your project with `vc link?`
      at async GET (app/api/models/route.ts:11:24)
     9 |
    10 |   try {
  > 11 |     const { models } = await gateway.getAvailableModels();
       |                        ^
    12 |     const language = models
    13 |       .filter((model) => (model.modelType ?? "language") === "language")
    14 |       .map((model) => ({ {
    cause: undefined
  }
}
 GET /api/models 503 in 52ms (next.js: 1.8ms, application-code: 51ms)
 GET /api/commands 200 in 115ms (next.js: 3ms, application-code: 113ms)
 GET /api/capabilities 200 in 4ms (next.js: 2ms, application-code: 1.9ms)
Model catalog failed Error [GatewayAuthenticationError]: AI Gateway authentication failed: No authentication provided.

Option 1 - API key:
Create an API key: https://vercel.com/d?to=%2F%5Bteam%5D%2F%7E%2Fai%2Fapi-keys
Provide via 'apiKey' option or 'AI_GATEWAY_API_KEY' environment variable.

Option 2 - Vercel access token:
Pass a Vercel personal access token or Vercel app access token via the 'apiKey' option.

Option 3 - OIDC token:
Run 'npx vercel link' to link your project, then 'vc env pull' to fetch the token.
    at async GET (app/api/models/route.ts:11:24)
   9 |
  10 |   try {
> 11 |     const { models } = await gateway.getAvailableModels();
     |                        ^
  12 |     const language = models
  13 |       .filter((model) => (model.modelType ?? "language") === "language")
  14 |       .map((model) => ({ {
  statusCode: 401,
  generationId: undefined,
  isRetryable: false,
  type: 'authentication_error',
  [cause]: Error [VercelOidcTokenError]: The 'x-vercel-oidc-token' header is missing from the request. Do you have the OIDC option enabled in the Vercel project settings?
  Unable to find project root directory. Have you linked your project with `vc link?`
      at async GET (app/api/models/route.ts:11:24)
     9 |
    10 |   try {
  > 11 |     const { models } = await gateway.getAvailableModels();
       |                        ^
    12 |     const language = models
    13 |       .filter((model) => (model.modelType ?? "language") === "language")
    14 |       .map((model) => ({ {
    cause: undefined
  }
}
 GET /api/models 503 in 2ms (next.js: 0.3ms, application-code: 1.9ms)
 GET /api/agents 200 in 175ms (next.js: 4ms, application-code: 171ms)
 GET /api/commands 200 in 2ms (next.js: 0.4ms, application-code: 1.9ms)
 GET /api/agents 200 in 13ms (next.js: 0.4ms, application-code: 12ms)
 GET /api/threads/93da3666-4e60-4cb1-aee5-a27824cee946 404 in 131ms (next.js: 7ms, application-code: 124ms)
 GET /api/threads 200 in 111ms (next.js: 0.4ms, application-code: 111ms)
 GET /api/threads 200 in 154ms (next.js: 4ms, application-code: 150ms)
 GET /api/threads/93da3666-4e60-4cb1-aee5-a27824cee946 404 in 110ms (next.js: 0.4ms, application-code: 110ms)
 GET /api/threads/93da3666-4e60-4cb1-aee5-a27824cee946 404 in 3ms (next.js: 0.6ms, application-code: 2ms)
⚠ ../../../../../Users/jaywest/Myeve/node_modules/@novnc/novnc/core/util/browser.js
The generated code contains 'async/await' because this module is using "topLevelAwait".
However, your target environment does not appear to support 'async/await'.
As a result, the code may not run as expected or may cause runtime errors.

Import trace for requested module:
../../../../../Users/jaywest/Myeve/node_modules/@novnc/novnc/core/util/browser.js
../../../../../Users/jaywest/Myeve/node_modules/@novnc/novnc/core/rfb.js
./components/computer-viewer.tsx
./components/computer-workspace.tsx
./app/chat.tsx
[browser] ../../../../../Users/jaywest/Myeve/node_modules/@novnc/novnc/core/util/browser.js
The generated code contains 'async/await' because this module is using "topLevelAwait".
However, your target environment does not appear to support 'async/await'.
As a result, the code may not run as expected or may cause runtime errors.

Import trace for requested module:
../../../../../Users/jaywest/Myeve/node_modules/@novnc/novnc/core/util/browser.js
../../../../../Users/jaywest/Myeve/node_modules/@novnc/novnc/core/rfb.js
./components/computer-viewer.tsx
./components/computer-workspace.tsx
./app/chat.tsx
[browser] ../../../../../Users/jaywest/Myeve/node_modules/@novnc/novnc/core/util/browser.js
The generated code contains 'async/await' because this module is using "topLevelAwait".
However, your target environment does not appear to support 'async/await'.
As a result, the code may not run as expected or may cause runtime errors.

Import trace for requested module:
../../../../../Users/jaywest/Myeve/node_modules/@novnc/novnc/core/util/browser.js
../../../../../Users/jaywest/Myeve/node_modules/@novnc/novnc/core/rfb.js
./components/computer-viewer.tsx
./components/computer-workspace.tsx
./app/chat.tsx
⚠ ../../../../../Users/jaywest/Myeve/node_modules/@novnc/novnc/core/util/browser.js
The generated code contains 'async/await' because this module is using "topLevelAwait".
However, your target environment does not appear to support 'async/await'.
As a result, the code may not run as expected or may cause runtime errors.

Import trace for requested module:
../../../../../Users/jaywest/Myeve/node_modules/@novnc/novnc/core/util/browser.js
../../../../../Users/jaywest/Myeve/node_modules/@novnc/novnc/core/rfb.js
./components/computer-viewer.tsx
./components/computer-workspace.tsx
./app/chat.tsx
[browser] ../../../../../Users/jaywest/Myeve/node_modules/@novnc/novnc/core/util/browser.js
The generated code contains 'async/await' because this module is using "topLevelAwait".
However, your target environment does not appear to support 'async/await'.
As a result, the code may not run as expected or may cause runtime errors.

Import trace for requested module:
../../../../../Users/jaywest/Myeve/node_modules/@novnc/novnc/core/util/browser.js
../../../../../Users/jaywest/Myeve/node_modules/@novnc/novnc/core/rfb.js
./components/computer-viewer.tsx
./components/computer-workspace.tsx
./app/chat.tsx
 GET /api/task-runs?threadId=93da3666-4e60-4cb1-aee5-a27824cee946 200 in 3.9s (next.js: 3.6s, application-code: 294ms)
 GET /api/task-runs?threadId=93da3666-4e60-4cb1-aee5-a27824cee946 200 in 3.9s (next.js: 3.6s, application-code: 295ms)
 GET /api/task-runs?threadId=93da3666-4e60-4cb1-aee5-a27824cee946 200 in 3.9s (next.js: 3.6s, application-code: 295ms)
 GET /api/task-runs?threadId=93da3666-4e60-4cb1-aee5-a27824cee946 200 in 3.9s (next.js: 3.6s, application-code: 302ms)
 GET /api/files 200 in 3.4s (next.js: 3.1s, application-code: 303ms)
 GET /api/threads/93da3666-4e60-4cb1-aee5-a27824cee946 404 in 3.9s (next.js: 3.6s, application-code: 305ms)
 GET /api/threads/93da3666-4e60-4cb1-aee5-a27824cee946 404 in 3.4s (next.js: 3.1s, application-code: 306ms)
 PUT /api/threads/93da3666-4e60-4cb1-aee5-a27824cee946 200 in 9ms (next.js: 0.6ms, application-code: 8ms)
 GET /api/files 200 in 3ms (next.js: 0.6ms, application-code: 2ms)
 GET /api/files 200 in 3ms (next.js: 0.6ms, application-code: 1.9ms)
 GET /api/files 200 in 5ms (next.js: 1.5ms, application-code: 3ms)
 GET /api/files 200 in 3ms (next.js: 0.6ms, application-code: 2ms)
 GET /api/files 200 in 4ms (next.js: 1.6ms, application-code: 3ms)
 GET /api/files 200 in 3ms (next.js: 0.7ms, application-code: 2.0ms)
 GET /api/files 200 in 3ms (next.js: 0.8ms, application-code: 2ms)
 GET /api/files 200 in 2ms (next.js: 0.6ms, application-code: 1.9ms)
 GET /api/task-runs?threadId=93da3666-4e60-4cb1-aee5-a27824cee946 200 in 2ms (next.js: 0.6ms, application-code: 1.8ms)
 GET /api/files 200 in 5ms (next.js: 1.6ms, application-code: 4ms)
 GET /api/files 200 in 3ms (next.js: 0.7ms, application-code: 2ms)
 GET /api/files 200 in 5ms (next.js: 1.4ms, application-code: 4ms)
 GET /api/files 200 in 3ms (next.js: 0.7ms, application-code: 1.9ms)
 GET /api/files 200 in 4ms (next.js: 0.6ms, application-code: 3ms)
⚠ ../../../../../Users/jaywest/Myeve/node_modules/@novnc/novnc/core/util/browser.js
The generated code contains 'async/await' because this module is using "topLevelAwait".
However, your target environment does not appear to support 'async/await'.
As a result, the code may not run as expected or may cause runtime errors.

Import trace for requested module:
../../../../../Users/jaywest/Myeve/node_modules/@novnc/novnc/core/util/browser.js
../../../../../Users/jaywest/Myeve/node_modules/@novnc/novnc/core/rfb.js
./components/computer-viewer.tsx
./components/computer-workspace.tsx
./app/chat.tsx
 GET /goals 200 in 694ms (next.js: 109ms, proxy.ts: 96ms, application-code: 488ms)
[browser] ../../../../../Users/jaywest/Myeve/node_modules/@novnc/novnc/core/util/browser.js
The generated code contains 'async/await' because this module is using "topLevelAwait".
However, your target environment does not appear to support 'async/await'.
As a result, the code may not run as expected or may cause runtime errors.
⚠ ../../../../../Users/jaywest/Myeve/node_modules/@novnc/novnc/core/util/browser.js
The generated code contains 'async/await' because this module is using "topLevelAwait".
However, your target environment does not appear to support 'async/await'.
As a result, the code may not run as expected or may cause runtime errors.

Import trace for requested module:
../../../../../Users/jaywest/Myeve/node_modules/@novnc/novnc/core/util/browser.js
../../../../../Users/jaywest/Myeve/node_modules/@novnc/novnc/core/rfb.js
./components/computer-viewer.tsx
./components/computer-workspace.tsx
./app/chat.tsx
[browser] ../../../../../Users/jaywest/Myeve/node_modules/@novnc/novnc/core/util/browser.js
The generated code contains 'async/await' because this module is using "topLevelAwait".
However, your target environment does not appear to support 'async/await'.
As a result, the code may not run as expected or may cause runtime errors.

Import trace for requested module:
../../../../../Users/jaywest/Myeve/node_modules/@novnc/novnc/core/util/browser.js
../../../../../Users/jaywest/Myeve/node_modules/@novnc/novnc/core/rfb.js
./components/computer-viewer.tsx
./components/computer-workspace.tsx
./app/chat.tsx
[browser] ../../../../../Users/jaywest/Myeve/node_modules/@novnc/novnc/core/util/browser.js
The generated code contains 'async/await' because this module is using "topLevelAwait".
However, your target environment does not appear to support 'async/await'.
As a result, the code may not run as expected or may cause runtime errors.

Import trace for requested module:
../../../../../Users/jaywest/Myeve/node_modules/@novnc/novnc/core/util/browser.js
../../../../../Users/jaywest/Myeve/node_modules/@novnc/novnc/core/rfb.js
./components/computer-viewer.tsx
./components/computer-workspace.tsx
./app/chat.tsx
⚠ ../../../../../Users/jaywest/Myeve/node_modules/@novnc/novnc/core/util/browser.js
The generated code contains 'async/await' because this module is using "topLevelAwait".
However, your target environment does not appear to support 'async/await'.
As a result, the code may not run as expected or may cause runtime errors.

Import trace for requested module:
../../../../../Users/jaywest/Myeve/node_modules/@novnc/novnc/core/util/browser.js
../../../../../Users/jaywest/Myeve/node_modules/@novnc/novnc/core/rfb.js
./components/computer-viewer.tsx
./components/computer-workspace.tsx
./app/chat.tsx
Model catalog failed Error [GatewayAuthenticationError]: AI Gateway authentication failed: No authentication provided.

Option 1 - API key:
Create an API key: https://vercel.com/d?to=%2F%5Bteam%5D%2F%7E%2Fai%2Fapi-keys
Provide via 'apiKey' option or 'AI_GATEWAY_API_KEY' environment variable.

Option 2 - Vercel access token:
Pass a Vercel personal access token or Vercel app access token via the 'apiKey' option.

Option 3 - OIDC token:
Run 'npx vercel link' to link your project, then 'vc env pull' to fetch the token.
    at async GET (app/api/models/route.ts:11:24)
   9 |
  10 |   try {
> 11 |     const { models } = await gateway.getAvailableModels();
     |                        ^
  12 |     const language = models
  13 |       .filter((model) => (model.modelType ?? "language") === "language")
  14 |       .map((model) => ({ {
  statusCode: 401,
  generationId: undefined,
  isRetryable: false,
  type: 'authentication_error',
  [cause]: Error [VercelOidcTokenError]: The 'x-vercel-oidc-token' header is missing from the request. Do you have the OIDC option enabled in the Vercel project settings?
  Unable to find project root directory. Have you linked your project with `vc link?`
      at async GET (app/api/models/route.ts:11:24)
     9 |
    10 |   try {
  > 11 |     const { models } = await gateway.getAvailableModels();
       |                        ^
    12 |     const language = models
    13 |       .filter((model) => (model.modelType ?? "language") === "language")
    14 |       .map((model) => ({ {
    cause: undefined
  }
}
 GET /api/models 503 in 1551ms (next.js: 1367ms, application-code: 184ms)
 GET /api/commands 200 in 1549ms (next.js: 1365ms, application-code: 184ms)
[browser] ../../../../../Users/jaywest/Myeve/node_modules/@novnc/novnc/core/util/browser.js
The generated code contains 'async/await' because this module is using "topLevelAwait".
However, your target environment does not appear to support 'async/await'.
As a result, the code may not run as expected or may cause runtime errors.

Import trace for requested module:
../../../../../Users/jaywest/Myeve/node_modules/@novnc/novnc/core/util/browser.js
../../../../../Users/jaywest/Myeve/node_modules/@novnc/novnc/core/rfb.js
./components/computer-viewer.tsx
./components/computer-workspace.tsx
./app/chat.tsx
⚠ ../../../../../Users/jaywest/Myeve/node_modules/@novnc/novnc/core/util/browser.js
The generated code contains 'async/await' because this module is using "topLevelAwait".
However, your target environment does not appear to support 'async/await'.
As a result, the code may not run as expected or may cause runtime errors.

Import trace for requested module:
../../../../../Users/jaywest/Myeve/node_modules/@novnc/novnc/core/util/browser.js
../../../../../Users/jaywest/Myeve/node_modules/@novnc/novnc/core/rfb.js
./components/computer-viewer.tsx
./components/computer-workspace.tsx
./app/chat.tsx
 GET /api/goals 200 in 1575ms (next.js: 1377ms, application-code: 198ms)
 GET /api/agents 200 in 1572ms (next.js: 1366ms, application-code: 206ms)
 GET /api/threads 200 in 1258ms (next.js: 1051ms, application-code: 207ms)
 GET /api/goals/focus 200 in 1584ms (next.js: 1372ms, application-code: 212ms)
[browser] ../../../../../Users/jaywest/Myeve/node_modules/@novnc/novnc/core/util/browser.js
The generated code contains 'async/await' because this module is using "topLevelAwait".
However, your target environment does not appear to support 'async/await'.
As a result, the code may not run as expected or may cause runtime errors.

Import trace for requested module:
../../../../../Users/jaywest/Myeve/node_modules/@novnc/novnc/core/util/browser.js
../../../../../Users/jaywest/Myeve/node_modules/@novnc/novnc/core/rfb.js
./components/computer-viewer.tsx
./components/computer-workspace.tsx
./app/chat.tsx
⚠ ../../../../../Users/jaywest/Myeve/node_modules/@novnc/novnc/core/util/browser.js
The generated code contains 'async/await' because this module is using "topLevelAwait".
However, your target environment does not appear to support 'async/await'.
As a result, the code may not run as expected or may cause runtime errors.

Import trace for requested module:
../../../../../Users/jaywest/Myeve/node_modules/@novnc/novnc/core/util/browser.js
../../../../../Users/jaywest/Myeve/node_modules/@novnc/novnc/core/rfb.js
./components/computer-viewer.tsx
./components/computer-workspace.tsx
./app/chat.tsx
Model catalog failed Error [GatewayAuthenticationError]: AI Gateway authentication failed: No authentication provided.

Option 1 - API key:
Create an API key: https://vercel.com/d?to=%2F%5Bteam%5D%2F%7E%2Fai%2Fapi-keys
Provide via 'apiKey' option or 'AI_GATEWAY_API_KEY' environment variable.

Option 2 - Vercel access token:
Pass a Vercel personal access token or Vercel app access token via the 'apiKey' option.

Option 3 - OIDC token:
Run 'npx vercel link' to link your project, then 'vc env pull' to fetch the token.
    at async GET (app/api/models/route.ts:11:24)
   9 |
  10 |   try {
> 11 |     const { models } = await gateway.getAvailableModels();
     |                        ^
  12 |     const language = models
  13 |       .filter((model) => (model.modelType ?? "language") === "language")
  14 |       .map((model) => ({ {
  statusCode: 401,
  generationId: undefined,
  isRetryable: false,
  type: 'authentication_error',
  [cause]: Error [VercelOidcTokenError]: The 'x-vercel-oidc-token' header is missing from the request. Do you have the OIDC option enabled in the Vercel project settings?
  Unable to find project root directory. Have you linked your project with `vc link?`
      at async GET (app/api/models/route.ts:11:24)
     9 |
    10 |   try {
  > 11 |     const { models } = await gateway.getAvailableModels();
       |                        ^
    12 |     const language = models
    13 |       .filter((model) => (model.modelType ?? "language") === "language")
    14 |       .map((model) => ({ {
    cause: undefined
  }
}
 GET /api/models 503 in 999ms (next.js: 829ms, application-code: 170ms)
 GET /api/commands 200 in 997ms (next.js: 827ms, application-code: 170ms)
 GET /api/capabilities 200 in 1020ms (next.js: 850ms, application-code: 170ms)
[browser] ../../../../../Users/jaywest/Myeve/node_modules/@novnc/novnc/core/util/browser.js
The generated code contains 'async/await' because this module is using "topLevelAwait".
However, your target environment does not appear to support 'async/await'.
As a result, the code may not run as expected or may cause runtime errors.

Import trace for requested module:
../../../../../Users/jaywest/Myeve/node_modules/@novnc/novnc/core/util/browser.js
../../../../../Users/jaywest/Myeve/node_modules/@novnc/novnc/core/rfb.js
./components/computer-viewer.tsx
./components/computer-workspace.tsx
./app/chat.tsx
 GET /api/goals 200 in 993ms (next.js: 821ms, application-code: 172ms)
 GET /api/agents 200 in 896ms (next.js: 709ms, application-code: 187ms)
 GET /api/threads/0bb9983f-50e1-46b7-8a12-ba519249a229 404 in 1029ms (next.js: 843ms, application-code: 186ms)
 GET /api/threads 200 in 15ms (next.js: 5ms, application-code: 10ms)
⚠ ../../../../../Users/jaywest/Myeve/node_modules/@novnc/novnc/core/util/browser.js
The generated code contains 'async/await' because this module is using "topLevelAwait".
However, your target environment does not appear to support 'async/await'.
As a result, the code may not run as expected or may cause runtime errors.

Import trace for requested module:
../../../../../Users/jaywest/Myeve/node_modules/@novnc/novnc/core/util/browser.js
../../../../../Users/jaywest/Myeve/node_modules/@novnc/novnc/core/rfb.js
./components/computer-viewer.tsx
./components/computer-workspace.tsx
./app/chat.tsx
 GET /api/goals/focus 200 in 18ms (next.js: 1.9ms, application-code: 16ms)
[browser] ../../../../../Users/jaywest/Myeve/node_modules/@novnc/novnc/core/util/browser.js
The generated code contains 'async/await' because this module is using "topLevelAwait".
However, your target environment does not appear to support 'async/await'.
As a result, the code may not run as expected or may cause runtime errors.

Import trace for requested module:
../../../../../Users/jaywest/Myeve/node_modules/@novnc/novnc/core/util/browser.js
../../../../../Users/jaywest/Myeve/node_modules/@novnc/novnc/core/rfb.js
./components/computer-viewer.tsx
./components/computer-workspace.tsx
./app/chat.tsx
⚠ ../../../../../Users/jaywest/Myeve/node_modules/@novnc/novnc/core/util/browser.js
The generated code contains 'async/await' because this module is using "topLevelAwait".
However, your target environment does not appear to support 'async/await'.
As a result, the code may not run as expected or may cause runtime errors.

Import trace for requested module:
../../../../../Users/jaywest/Myeve/node_modules/@novnc/novnc/core/util/browser.js
../../../../../Users/jaywest/Myeve/node_modules/@novnc/novnc/core/rfb.js
./components/computer-viewer.tsx
./components/computer-workspace.tsx
./app/chat.tsx
[browser] ../../../../../Users/jaywest/Myeve/node_modules/@novnc/novnc/core/util/browser.js
The generated code contains 'async/await' because this module is using "topLevelAwait".
However, your target environment does not appear to support 'async/await'.
As a result, the code may not run as expected or may cause runtime errors.

Import trace for requested module:
../../../../../Users/jaywest/Myeve/node_modules/@novnc/novnc/core/util/browser.js
../../../../../Users/jaywest/Myeve/node_modules/@novnc/novnc/core/rfb.js
./components/computer-viewer.tsx
./components/computer-workspace.tsx
./app/chat.tsx
 GET /api/goals/goal_b96e7077-00db-43dd-913c-372f69f9301e 200 in 857ms (next.js: 827ms, application-code: 30ms)
 GET /api/threads/0bb9983f-50e1-46b7-8a12-ba519249a229 404 in 848ms (next.js: 817ms, application-code: 31ms)
 GET /api/threads/0bb9983f-50e1-46b7-8a12-ba519249a229 404 in 2ms (next.js: 0.6ms, application-code: 1.8ms)
 GET /api/threads/0bb9983f-50e1-46b7-8a12-ba519249a229 404 in 3ms (next.js: 0.7ms, application-code: 1.8ms)
⚠ ../../../../../Users/jaywest/Myeve/node_modules/@novnc/novnc/core/util/browser.js
The generated code contains 'async/await' because this module is using "topLevelAwait".
However, your target environment does not appear to support 'async/await'.
As a result, the code may not run as expected or may cause runtime errors.

Import trace for requested module:
../../../../../Users/jaywest/Myeve/node_modules/@novnc/novnc/core/util/browser.js
../../../../../Users/jaywest/Myeve/node_modules/@novnc/novnc/core/rfb.js
./components/computer-viewer.tsx
./components/computer-workspace.tsx
./app/chat.tsx
⚠ ../../../../../Users/jaywest/Myeve/node_modules/@novnc/novnc/core/util/browser.js
The generated code contains 'async/await' because this module is using "topLevelAwait".
However, your target environment does not appear to support 'async/await'.
As a result, the code may not run as expected or may cause runtime errors.

Import trace for requested module:
../../../../../Users/jaywest/Myeve/node_modules/@novnc/novnc/core/util/browser.js
../../../../../Users/jaywest/Myeve/node_modules/@novnc/novnc/core/rfb.js
./components/computer-viewer.tsx
./components/computer-workspace.tsx
./app/chat.tsx
[browser] ../../../../../Users/jaywest/Myeve/node_modules/@novnc/novnc/core/util/browser.js
The generated code contains 'async/await' because this module is using "topLevelAwait".
However, your target environment does not appear to support 'async/await'.
As a result, the code may not run as expected or may cause runtime errors.

Import trace for requested module:
../../../../../Users/jaywest/Myeve/node_modules/@novnc/novnc/core/util/browser.js
../../../../../Users/jaywest/Myeve/node_modules/@novnc/novnc/core/rfb.js
./components/computer-viewer.tsx
./components/computer-workspace.tsx
./app/chat.tsx
 GET /api/task-runs?threadId=0bb9983f-50e1-46b7-8a12-ba519249a229 200 in 447ms (next.js: 430ms, application-code: 17ms)
 GET /api/task-runs?threadId=0bb9983f-50e1-46b7-8a12-ba519249a229 200 in 443ms (next.js: 425ms, application-code: 18ms)
 GET /api/goals 200 in 15ms (next.js: 4ms, application-code: 11ms)
 GET /api/goals 200 in 4ms (next.js: 0.4ms, application-code: 4ms)
 GET /api/goals/focus 200 in 12ms (next.js: 1.8ms, application-code: 10ms)
 GET /api/goals/focus 200 in 8ms (next.js: 0.5ms, application-code: 8ms)
 GET /api/goals/goal_b96e7077-00db-43dd-913c-372f69f9301e 200 in 8ms (next.js: 4ms, application-code: 5ms)
⚠ ../../../../../Users/jaywest/Myeve/node_modules/@novnc/novnc/core/util/browser.js
The generated code contains 'async/await' because this module is using "topLevelAwait".
However, your target environment does not appear to support 'async/await'.
As a result, the code may not run as expected or may cause runtime errors.

Import trace for requested module:
../../../../../Users/jaywest/Myeve/node_modules/@novnc/novnc/core/util/browser.js
../../../../../Users/jaywest/Myeve/node_modules/@novnc/novnc/core/rfb.js
./components/computer-viewer.tsx
./components/computer-workspace.tsx
./app/chat.tsx
⚠ ../../../../../Users/jaywest/Myeve/node_modules/@novnc/novnc/core/util/browser.js
The generated code contains 'async/await' because this module is using "topLevelAwait".
However, your target environment does not appear to support 'async/await'.
As a result, the code may not run as expected or may cause runtime errors.

Import trace for requested module:
../../../../../Users/jaywest/Myeve/node_modules/@novnc/novnc/core/util/browser.js
../../../../../Users/jaywest/Myeve/node_modules/@novnc/novnc/core/rfb.js
./components/computer-viewer.tsx
./components/computer-workspace.tsx
./app/chat.tsx
[browser] ../../../../../Users/jaywest/Myeve/node_modules/@novnc/novnc/core/util/browser.js
The generated code contains 'async/await' because this module is using "topLevelAwait".
However, your target environment does not appear to support 'async/await'.
As a result, the code may not run as expected or may cause runtime errors.

Import trace for requested module:
../../../../../Users/jaywest/Myeve/node_modules/@novnc/novnc/core/util/browser.js
../../../../../Users/jaywest/Myeve/node_modules/@novnc/novnc/core/rfb.js
./components/computer-viewer.tsx
./components/computer-workspace.tsx
./app/chat.tsx
 GET /api/knowledge?type=decision 200 in 461ms (next.js: 441ms, application-code: 20ms)
⚠ ../../../../../Users/jaywest/Myeve/node_modules/@novnc/novnc/core/util/browser.js
The generated code contains 'async/await' because this module is using "topLevelAwait".
However, your target environment does not appear to support 'async/await'.
As a result, the code may not run as expected or may cause runtime errors.

Import trace for requested module:
../../../../../Users/jaywest/Myeve/node_modules/@novnc/novnc/core/util/browser.js
../../../../../Users/jaywest/Myeve/node_modules/@novnc/novnc/core/rfb.js
./components/computer-viewer.tsx
./components/computer-workspace.tsx
./app/chat.tsx
⚠ ../../../../../Users/jaywest/Myeve/node_modules/@novnc/novnc/core/util/browser.js
The generated code contains 'async/await' because this module is using "topLevelAwait".
However, your target environment does not appear to support 'async/await'.
As a result, the code may not run as expected or may cause runtime errors.

Import trace for requested module:
../../../../../Users/jaywest/Myeve/node_modules/@novnc/novnc/core/util/browser.js
../../../../../Users/jaywest/Myeve/node_modules/@novnc/novnc/core/rfb.js
./components/computer-viewer.tsx
./components/computer-workspace.tsx
./app/chat.tsx
[browser] ../../../../../Users/jaywest/Myeve/node_modules/@novnc/novnc/core/util/browser.js
The generated code contains 'async/await' because this module is using "topLevelAwait".
However, your target environment does not appear to support 'async/await'.
As a result, the code may not run as expected or may cause runtime errors.

Import trace for requested module:
../../../../../Users/jaywest/Myeve/node_modules/@novnc/novnc/core/util/browser.js
../../../../../Users/jaywest/Myeve/node_modules/@novnc/novnc/core/rfb.js
./components/computer-viewer.tsx
./components/computer-workspace.tsx
./app/chat.tsx
 GET /api/knowledge/knowledge_dd5729ca-a57e-405e-9f89-df668748aed7 200 in 738ms (next.js: 727ms, application-code: 11ms)
⚠ ../../../../../Users/jaywest/Myeve/node_modules/@novnc/novnc/core/util/browser.js
The generated code contains 'async/await' because this module is using "topLevelAwait".
However, your target environment does not appear to support 'async/await'.
As a result, the code may not run as expected or may cause runtime errors.

Import trace for requested module:
../../../../../Users/jaywest/Myeve/node_modules/@novnc/novnc/core/util/browser.js
../../../../../Users/jaywest/Myeve/node_modules/@novnc/novnc/core/rfb.js
./components/computer-viewer.tsx
./components/computer-workspace.tsx
./app/chat.tsx
⚠ ../../../../../Users/jaywest/Myeve/node_modules/@novnc/novnc/core/util/browser.js
The generated code contains 'async/await' because this module is using "topLevelAwait".
However, your target environment does not appear to support 'async/await'.
As a result, the code may not run as expected or may cause runtime errors.

Import trace for requested module:
../../../../../Users/jaywest/Myeve/node_modules/@novnc/novnc/core/util/browser.js
../../../../../Users/jaywest/Myeve/node_modules/@novnc/novnc/core/rfb.js
./components/computer-viewer.tsx
./components/computer-workspace.tsx
./app/chat.tsx
 GET /manage 200 in 1203ms (next.js: 753ms, proxy.ts: 6ms, application-code: 445ms)
[browser] ../../../../../Users/jaywest/Myeve/node_modules/@novnc/novnc/core/util/browser.js
The generated code contains 'async/await' because this module is using "topLevelAwait".
However, your target environment does not appear to support 'async/await'.
As a result, the code may not run as expected or may cause runtime errors.
 GET /api/capabilities 200 in 10ms (next.js: 3ms, application-code: 7ms)
⚠ ../../../../../Users/jaywest/Myeve/node_modules/@novnc/novnc/core/util/browser.js
The generated code contains 'async/await' because this module is using "topLevelAwait".
However, your target environment does not appear to support 'async/await'.
As a result, the code may not run as expected or may cause runtime errors.

Import trace for requested module:
../../../../../Users/jaywest/Myeve/node_modules/@novnc/novnc/core/util/browser.js
../../../../../Users/jaywest/Myeve/node_modules/@novnc/novnc/core/rfb.js
./components/computer-viewer.tsx
./components/computer-workspace.tsx
./app/chat.tsx
[browser] ../../../../../Users/jaywest/Myeve/node_modules/@novnc/novnc/core/util/browser.js
The generated code contains 'async/await' because this module is using "topLevelAwait".
However, your target environment does not appear to support 'async/await'.
As a result, the code may not run as expected or may cause runtime errors.

Import trace for requested module:
../../../../../Users/jaywest/Myeve/node_modules/@novnc/novnc/core/util/browser.js
../../../../../Users/jaywest/Myeve/node_modules/@novnc/novnc/core/rfb.js
./components/computer-viewer.tsx
./components/computer-workspace.tsx
./app/chat.tsx
⚠ ../../../../../Users/jaywest/Myeve/node_modules/@novnc/novnc/core/util/browser.js
The generated code contains 'async/await' because this module is using "topLevelAwait".
However, your target environment does not appear to support 'async/await'.
As a result, the code may not run as expected or may cause runtime errors.

Import trace for requested module:
../../../../../Users/jaywest/Myeve/node_modules/@novnc/novnc/core/util/browser.js
../../../../../Users/jaywest/Myeve/node_modules/@novnc/novnc/core/rfb.js
./components/computer-viewer.tsx
./components/computer-workspace.tsx
./app/chat.tsx
Model catalog failed Error [GatewayAuthenticationError]: AI Gateway authentication failed: No authentication provided.

Option 1 - API key:
Create an API key: https://vercel.com/d?to=%2F%5Bteam%5D%2F%7E%2Fai%2Fapi-keys
Provide via 'apiKey' option or 'AI_GATEWAY_API_KEY' environment variable.

Option 2 - Vercel access token:
Pass a Vercel personal access token or Vercel app access token via the 'apiKey' option.

Option 3 - OIDC token:
Run 'npx vercel link' to link your project, then 'vc env pull' to fetch the token.
    at async GET (app/api/models/route.ts:11:24)
   9 |
  10 |   try {
> 11 |     const { models } = await gateway.getAvailableModels();
     |                        ^
  12 |     const language = models
  13 |       .filter((model) => (model.modelType ?? "language") === "language")
  14 |       .map((model) => ({ {
  statusCode: 401,
  generationId: undefined,
  isRetryable: false,
  type: 'authentication_error',
  [cause]: Error [VercelOidcTokenError]: The 'x-vercel-oidc-token' header is missing from the request. Do you have the OIDC option enabled in the Vercel project settings?
  Unable to find project root directory. Have you linked your project with `vc link?`
      at async GET (app/api/models/route.ts:11:24)
     9 |
    10 |   try {
  > 11 |     const { models } = await gateway.getAvailableModels();
       |                        ^
    12 |     const language = models
    13 |       .filter((model) => (model.modelType ?? "language") === "language")
    14 |       .map((model) => ({ {
    cause: undefined
  }
}
 GET /api/update-check 200 in 1329ms (next.js: 1180ms, application-code: 150ms)
 GET /api/commands 200 in 1322ms (next.js: 1168ms, application-code: 153ms)
 GET /api/models 503 in 1322ms (next.js: 1173ms, application-code: 150ms)
[browser] ../../../../../Users/jaywest/Myeve/node_modules/@novnc/novnc/core/util/browser.js
The generated code contains 'async/await' because this module is using "topLevelAwait".
However, your target environment does not appear to support 'async/await'.
As a result, the code may not run as expected or may cause runtime errors.

Import trace for requested module:
../../../../../Users/jaywest/Myeve/node_modules/@novnc/novnc/core/util/browser.js
../../../../../Users/jaywest/Myeve/node_modules/@novnc/novnc/core/rfb.js
./components/computer-viewer.tsx
./components/computer-workspace.tsx
./app/chat.tsx
 GET /api/capabilities 200 in 9ms (next.js: 4ms, application-code: 5ms)
⚠ ../../../../../Users/jaywest/Myeve/node_modules/@novnc/novnc/core/util/browser.js
The generated code contains 'async/await' because this module is using "topLevelAwait".
However, your target environment does not appear to support 'async/await'.
As a result, the code may not run as expected or may cause runtime errors.

Import trace for requested module:
../../../../../Users/jaywest/Myeve/node_modules/@novnc/novnc/core/util/browser.js
../../../../../Users/jaywest/Myeve/node_modules/@novnc/novnc/core/rfb.js
./components/computer-viewer.tsx
./components/computer-workspace.tsx
./app/chat.tsx
 GET /api/agents 200 in 1353ms (next.js: 1169ms, application-code: 184ms)
 GET /api/threads/d4cd280c-6493-4dc5-b965-1b00db182671 404 in 1201ms (next.js: 1018ms, application-code: 183ms)
 GET /api/threads 200 in 1361ms (next.js: 1169ms, application-code: 192ms)
[browser] ../../../../../Users/jaywest/Myeve/node_modules/@novnc/novnc/core/util/browser.js
The generated code contains 'async/await' because this module is using "topLevelAwait".
However, your target environment does not appear to support 'async/await'.
As a result, the code may not run as expected or may cause runtime errors.

Import trace for requested module:
../../../../../Users/jaywest/Myeve/node_modules/@novnc/novnc/core/util/browser.js
../../../../../Users/jaywest/Myeve/node_modules/@novnc/novnc/core/rfb.js
./components/computer-viewer.tsx
./components/computer-workspace.tsx
./app/chat.tsx
⚠ ../../../../../Users/jaywest/Myeve/node_modules/@novnc/novnc/core/util/browser.js
The generated code contains 'async/await' because this module is using "topLevelAwait".
However, your target environment does not appear to support 'async/await'.
As a result, the code may not run as expected or may cause runtime errors.

Import trace for requested module:
../../../../../Users/jaywest/Myeve/node_modules/@novnc/novnc/core/util/browser.js
../../../../../Users/jaywest/Myeve/node_modules/@novnc/novnc/core/rfb.js
./components/computer-viewer.tsx
./components/computer-workspace.tsx
./app/chat.tsx
Model catalog failed Error [GatewayAuthenticationError]: AI Gateway authentication failed: No authentication provided.

Option 1 - API key:
Create an API key: https://vercel.com/d?to=%2F%5Bteam%5D%2F%7E%2Fai%2Fapi-keys
Provide via 'apiKey' option or 'AI_GATEWAY_API_KEY' environment variable.

Option 2 - Vercel access token:
Pass a Vercel personal access token or Vercel app access token via the 'apiKey' option.

Option 3 - OIDC token:
Run 'npx vercel link' to link your project, then 'vc env pull' to fetch the token.
    at async GET (app/api/models/route.ts:11:24)
   9 |
  10 |   try {
> 11 |     const { models } = await gateway.getAvailableModels();
     |                        ^
  12 |     const language = models
  13 |       .filter((model) => (model.modelType ?? "language") === "language")
  14 |       .map((model) => ({ {
  statusCode: 401,
  generationId: undefined,
  isRetryable: false,
  type: 'authentication_error',
  [cause]: Error [VercelOidcTokenError]: The 'x-vercel-oidc-token' header is missing from the request. Do you have the OIDC option enabled in the Vercel project settings?
  Unable to find project root directory. Have you linked your project with `vc link?`
      at async GET (app/api/models/route.ts:11:24)
     9 |
    10 |   try {
  > 11 |     const { models } = await gateway.getAvailableModels();
       |                        ^
    12 |     const language = models
    13 |       .filter((model) => (model.modelType ?? "language") === "language")
    14 |       .map((model) => ({ {
    cause: undefined
  }
}
 GET /api/update-check 200 in 2.6s (next.js: 2.5s, application-code: 140ms)
 GET /api/commands 200 in 2.6s (next.js: 2.5s, application-code: 140ms)
 GET /api/models 503 in 2.6s (next.js: 2.5s, application-code: 140ms)
 GET /api/capabilities 200 in 2.6s (next.js: 2.5s, application-code: 141ms)
[browser] ../../../../../Users/jaywest/Myeve/node_modules/@novnc/novnc/core/util/browser.js
The generated code contains 'async/await' because this module is using "topLevelAwait".
However, your target environment does not appear to support 'async/await'.
As a result, the code may not run as expected or may cause runtime errors.

Import trace for requested module:
../../../../../Users/jaywest/Myeve/node_modules/@novnc/novnc/core/util/browser.js
../../../../../Users/jaywest/Myeve/node_modules/@novnc/novnc/core/rfb.js
./components/computer-viewer.tsx
./components/computer-workspace.tsx
./app/chat.tsx
 GET /api/review-schedule 200 in 2.5s (next.js: 2.3s, application-code: 162ms)
 GET /api/automations 200 in 2.7s (next.js: 2.5s, application-code: 164ms)
 GET /api/automations 200 in 3ms (next.js: 0.5ms, application-code: 2ms)
 GET /api/agents 200 in 36ms (next.js: 3ms, application-code: 32ms)
 GET /api/threads 200 in 30ms (next.js: 5ms, application-code: 25ms)
 GET /api/threads/d4cd280c-6493-4dc5-b965-1b00db182671 404 in 15ms (next.js: 8ms, application-code: 7ms)
 GET /api/threads/d4cd280c-6493-4dc5-b965-1b00db182671 404 in 2ms (next.js: 0.8ms, application-code: 1.7ms)
 GET /api/threads/d4cd280c-6493-4dc5-b965-1b00db182671 404 in 2ms (next.js: 0.5ms, application-code: 2.0ms)
 GET /goals 200 in 634ms (next.js: 128ms, proxy.ts: 68ms, application-code: 437ms)
[browser] ../../../../../Users/jaywest/Myeve/node_modules/@novnc/novnc/core/util/browser.js
The generated code contains 'async/await' because this module is using "topLevelAwait".
However, your target environment does not appear to support 'async/await'.
As a result, the code may not run as expected or may cause runtime errors.
 GET /api/capabilities 200 in 3ms (next.js: 0.6ms, application-code: 2ms)
Model catalog failed Error [GatewayAuthenticationError]: AI Gateway authentication failed: No authentication provided.

Option 1 - API key:
Create an API key: https://vercel.com/d?to=%2F%5Bteam%5D%2F%7E%2Fai%2Fapi-keys
Provide via 'apiKey' option or 'AI_GATEWAY_API_KEY' environment variable.

Option 2 - Vercel access token:
Pass a Vercel personal access token or Vercel app access token via the 'apiKey' option.

Option 3 - OIDC token:
Run 'npx vercel link' to link your project, then 'vc env pull' to fetch the token.
    at async GET (app/api/models/route.ts:11:24)
   9 |
  10 |   try {
> 11 |     const { models } = await gateway.getAvailableModels();
     |                        ^
  12 |     const language = models
  13 |       .filter((model) => (model.modelType ?? "language") === "language")
  14 |       .map((model) => ({ {
  statusCode: 401,
  generationId: undefined,
  isRetryable: false,
  type: 'authentication_error',
  [cause]: Error [VercelOidcTokenError]: The 'x-vercel-oidc-token' header is missing from the request. Do you have the OIDC option enabled in the Vercel project settings?
  Unable to find project root directory. Have you linked your project with `vc link?`
      at async GET (app/api/models/route.ts:11:24)
     9 |
    10 |   try {
  > 11 |     const { models } = await gateway.getAvailableModels();
       |                        ^
    12 |     const language = models
    13 |       .filter((model) => (model.modelType ?? "language") === "language")
    14 |       .map((model) => ({ {
    cause: undefined
  }
}
 GET /api/models 503 in 5ms (next.js: 0.6ms, application-code: 4ms)
 GET /api/goals 200 in 24ms (next.js: 5ms, application-code: 19ms)
 GET /api/commands 200 in 3ms (next.js: 0.5ms, application-code: 3ms)
 GET /api/threads 200 in 9ms (next.js: 0.5ms, application-code: 8ms)
 GET /api/goals/focus 200 in 33ms (next.js: 4ms, application-code: 29ms)
 GET /api/agents 200 in 19ms (next.js: 0.6ms, application-code: 18ms)
 GET /api/capabilities 200 in 2ms (next.js: 0.5ms, application-code: 1.7ms)
 GET /api/threads/f81b30c6-fb37-4cc6-a67a-6281f5a1b74d 404 in 8ms (next.js: 1.8ms, application-code: 6ms)
Model catalog failed Error [GatewayAuthenticationError]: AI Gateway authentication failed: No authentication provided.

Option 1 - API key:
Create an API key: https://vercel.com/d?to=%2F%5Bteam%5D%2F%7E%2Fai%2Fapi-keys
Provide via 'apiKey' option or 'AI_GATEWAY_API_KEY' environment variable.

Option 2 - Vercel access token:
Pass a Vercel personal access token or Vercel app access token via the 'apiKey' option.

Option 3 - OIDC token:
Run 'npx vercel link' to link your project, then 'vc env pull' to fetch the token.
    at async GET (app/api/models/route.ts:11:24)
   9 |
  10 |   try {
> 11 |     const { models } = await gateway.getAvailableModels();
     |                        ^
  12 |     const language = models
  13 |       .filter((model) => (model.modelType ?? "language") === "language")
  14 |       .map((model) => ({ {
  statusCode: 401,
  generationId: undefined,
  isRetryable: false,
  type: 'authentication_error',
  [cause]: Error [VercelOidcTokenError]: The 'x-vercel-oidc-token' header is missing from the request. Do you have the OIDC option enabled in the Vercel project settings?
  Unable to find project root directory. Have you linked your project with `vc link?`
      at async GET (app/api/models/route.ts:11:24)
     9 |
    10 |   try {
  > 11 |     const { models } = await gateway.getAvailableModels();
       |                        ^
    12 |     const language = models
    13 |       .filter((model) => (model.modelType ?? "language") === "language")
    14 |       .map((model) => ({ {
    cause: undefined
  }
}
 GET /api/models 503 in 3ms (next.js: 0.5ms, application-code: 3ms)
 GET /api/commands 200 in 3ms (next.js: 0.8ms, application-code: 2ms)
 GET /api/goals 200 in 13ms (next.js: 0.5ms, application-code: 12ms)
 GET /api/threads 200 in 8ms (next.js: 0.5ms, application-code: 7ms)
 GET /api/goals/focus 200 in 16ms (next.js: 0.7ms, application-code: 16ms)
 GET /api/agents 200 in 16ms (next.js: 0.5ms, application-code: 15ms)
 GET /api/threads/f81b30c6-fb37-4cc6-a67a-6281f5a1b74d 404 in 4ms (next.js: 0.9ms, application-code: 3ms)
 GET /api/goals/goal_b96e7077-00db-43dd-913c-372f69f9301e 200 in 17ms (next.js: 5ms, application-code: 12ms)
 GET /api/threads/f81b30c6-fb37-4cc6-a67a-6281f5a1b74d 404 in 3ms (next.js: 0.7ms, application-code: 2ms)
 GET /api/threads/f81b30c6-fb37-4cc6-a67a-6281f5a1b74d 404 in 3ms (next.js: 0.6ms, application-code: 2ms)
⚠ ../../../../../Users/jaywest/Myeve/node_modules/@novnc/novnc/core/util/browser.js
The generated code contains 'async/await' because this module is using "topLevelAwait".
However, your target environment does not appear to support 'async/await'.
As a result, the code may not run as expected or may cause runtime errors.

Import trace for requested module:
../../../../../Users/jaywest/Myeve/node_modules/@novnc/novnc/core/util/browser.js
../../../../../Users/jaywest/Myeve/node_modules/@novnc/novnc/core/rfb.js
./components/computer-viewer.tsx
./components/computer-workspace.tsx
./app/chat.tsx
⚠ ../../../../../Users/jaywest/Myeve/node_modules/@novnc/novnc/core/util/browser.js
The generated code contains 'async/await' because this module is using "topLevelAwait".
However, your target environment does not appear to support 'async/await'.
As a result, the code may not run as expected or may cause runtime errors.

Import trace for requested module:
../../../../../Users/jaywest/Myeve/node_modules/@novnc/novnc/core/util/browser.js
../../../../../Users/jaywest/Myeve/node_modules/@novnc/novnc/core/rfb.js
./components/computer-viewer.tsx
./components/computer-workspace.tsx
./app/chat.tsx
 GET /api/owner-data?download=1 200 in 1317ms (next.js: 958ms, application-code: 359ms)
⚠ ../../../../../Users/jaywest/Myeve/node_modules/@novnc/novnc/core/util/browser.js
The generated code contains 'async/await' because this module is using "topLevelAwait".
However, your target environment does not appear to support 'async/await'.
As a result, the code may not run as expected or may cause runtime errors.

Import trace for requested module:
../../../../../Users/jaywest/Myeve/node_modules/@novnc/novnc/core/util/browser.js
../../../../../Users/jaywest/Myeve/node_modules/@novnc/novnc/core/rfb.js
./components/computer-viewer.tsx
./components/computer-workspace.tsx
./app/chat.tsx
⚠ ../../../../../Users/jaywest/Myeve/node_modules/@novnc/novnc/core/util/browser.js
The generated code contains 'async/await' because this module is using "topLevelAwait".
However, your target environment does not appear to support 'async/await'.
As a result, the code may not run as expected or may cause runtime errors.

Import trace for requested module:
../../../../../Users/jaywest/Myeve/node_modules/@novnc/novnc/core/util/browser.js
../../../../../Users/jaywest/Myeve/node_modules/@novnc/novnc/core/rfb.js
./components/computer-viewer.tsx
./components/computer-workspace.tsx
./app/chat.tsx
 GET /manage/data 200 in 1769ms (next.js: 1424ms, proxy.ts: 3ms, application-code: 342ms)
[browser] ../../../../../Users/jaywest/Myeve/node_modules/@novnc/novnc/core/util/browser.js
The generated code contains 'async/await' because this module is using "topLevelAwait".
However, your target environment does not appear to support 'async/await'.
As a result, the code may not run as expected or may cause runtime errors.
 GET /api/capabilities 200 in 23ms (next.js: 11ms, application-code: 12ms)
 GET /api/update-check 200 in 4ms (next.js: 3ms, application-code: 1.7ms)
Model catalog failed Error [GatewayAuthenticationError]: AI Gateway authentication failed: No authentication provided.

Option 1 - API key:
Create an API key: https://vercel.com/d?to=%2F%5Bteam%5D%2F%7E%2Fai%2Fapi-keys
Provide via 'apiKey' option or 'AI_GATEWAY_API_KEY' environment variable.

Option 2 - Vercel access token:
Pass a Vercel personal access token or Vercel app access token via the 'apiKey' option.

Option 3 - OIDC token:
Run 'npx vercel link' to link your project, then 'vc env pull' to fetch the token.
    at async GET (app/api/models/route.ts:11:24)
   9 |
  10 |   try {
> 11 |     const { models } = await gateway.getAvailableModels();
     |                        ^
  12 |     const language = models
  13 |       .filter((model) => (model.modelType ?? "language") === "language")
  14 |       .map((model) => ({ {
  statusCode: 401,
  generationId: undefined,
  isRetryable: false,
  type: 'authentication_error',
  [cause]: Error [VercelOidcTokenError]: The 'x-vercel-oidc-token' header is missing from the request. Do you have the OIDC option enabled in the Vercel project settings?
  Unable to find project root directory. Have you linked your project with `vc link?`
      at async GET (app/api/models/route.ts:11:24)
     9 |
    10 |   try {
  > 11 |     const { models } = await gateway.getAvailableModels();
       |                        ^
    12 |     const language = models
    13 |       .filter((model) => (model.modelType ?? "language") === "language")
    14 |       .map((model) => ({ {
    cause: undefined
  }
}
 GET /api/models 503 in 36ms (next.js: 5ms, application-code: 31ms)
 GET /api/commands 200 in 63ms (next.js: 4ms, application-code: 59ms)
 GET /api/capabilities 200 in 2.0ms (next.js: 0.5ms, application-code: 1.5ms)
 GET /api/update-check 200 in 1.2ms (next.js: 0.4ms, application-code: 0.8ms)
 GET /api/agents 200 in 111ms (next.js: 12ms, application-code: 98ms)
 GET /api/threads 200 in 74ms (next.js: 8ms, application-code: 65ms)
 GET /api/threads/8daf6a12-0788-440f-9892-99b17b68c3e1 404 in 46ms (next.js: 9ms, application-code: 37ms)
 GET /api/goals 200 in 33ms (next.js: 4ms, application-code: 29ms)
Model catalog failed Error [GatewayAuthenticationError]: AI Gateway authentication failed: No authentication provided.

Option 1 - API key:
Create an API key: https://vercel.com/d?to=%2F%5Bteam%5D%2F%7E%2Fai%2Fapi-keys
Provide via 'apiKey' option or 'AI_GATEWAY_API_KEY' environment variable.

Option 2 - Vercel access token:
Pass a Vercel personal access token or Vercel app access token via the 'apiKey' option.

Option 3 - OIDC token:
Run 'npx vercel link' to link your project, then 'vc env pull' to fetch the token.
    at async GET (app/api/models/route.ts:11:24)
   9 |
  10 |   try {
> 11 |     const { models } = await gateway.getAvailableModels();
     |                        ^
  12 |     const language = models
  13 |       .filter((model) => (model.modelType ?? "language") === "language")
  14 |       .map((model) => ({ {
  statusCode: 401,
  generationId: undefined,
  isRetryable: false,
  type: 'authentication_error',
  [cause]: Error [VercelOidcTokenError]: The 'x-vercel-oidc-token' header is missing from the request. Do you have the OIDC option enabled in the Vercel project settings?
  Unable to find project root directory. Have you linked your project with `vc link?`
      at async GET (app/api/models/route.ts:11:24)
     9 |
    10 |   try {
  > 11 |     const { models } = await gateway.getAvailableModels();
       |                        ^
    12 |     const language = models
    13 |       .filter((model) => (model.modelType ?? "language") === "language")
    14 |       .map((model) => ({ {
    cause: undefined
  }
}
 GET /api/models 503 in 3ms (next.js: 0.6ms, application-code: 3ms)
 GET /api/agents 200 in 47ms (next.js: 0.7ms, application-code: 47ms)
 GET /api/goals 200 in 8ms (next.js: 0.6ms, application-code: 7ms)
 GET /api/automations 200 in 39ms (next.js: 5ms, application-code: 34ms)
 GET /api/commands 200 in 3ms (next.js: 0.6ms, application-code: 2ms)
 GET /api/capabilities 200 in 2ms (next.js: 0.6ms, application-code: 1.7ms)
 GET /api/agents 200 in 78ms (next.js: 0.6ms, application-code: 77ms)
 GET /api/threads 200 in 5ms (next.js: 0.6ms, application-code: 5ms)
 GET /api/agents 200 in 21ms (next.js: 1.0ms, application-code: 20ms)
 GET /api/automations 200 in 6ms (next.js: 1.1ms, application-code: 5ms)
 GET /api/threads/8daf6a12-0788-440f-9892-99b17b68c3e1 404 in 3ms (next.js: 0.6ms, application-code: 2ms)
 GET /api/owner-data 200 in 83ms (next.js: 3ms, application-code: 80ms)
 GET /api/threads/8daf6a12-0788-440f-9892-99b17b68c3e1 404 in 3ms (next.js: 1.0ms, application-code: 2ms)
 GET /api/threads/8daf6a12-0788-440f-9892-99b17b68c3e1 404 in 5ms (next.js: 1.6ms, application-code: 3ms)
 POST /api/owner-data 200 in 33ms (next.js: 0.9ms, application-code: 32ms)
Owner archive validation failed
 POST /api/owner-data 400 in 8ms (next.js: 0.9ms, application-code: 7ms)
Owner archive validation failed
 POST /api/owner-data 400 in 4ms (next.js: 0.7ms, application-code: 3ms)
Owner archive validation failed
 POST /api/owner-data 400 in 9ms (next.js: 1.9ms, application-code: 7ms)
Owner archive validation failed
 POST /api/owner-data 400 in 7ms (next.js: 0.7ms, application-code: 6ms)
 GET /chat 200 in 42ms (next.js: 23ms, proxy.ts: 2ms, application-code: 17ms)
[browser] ../../../../../Users/jaywest/Myeve/node_modules/@novnc/novnc/core/util/browser.js
The generated code contains 'async/await' because this module is using "topLevelAwait".
However, your target environment does not appear to support 'async/await'.
As a result, the code may not run as expected or may cause runtime errors.
Model catalog failed Error [GatewayAuthenticationError]: AI Gateway authentication failed: No authentication provided.

Option 1 - API key:
Create an API key: https://vercel.com/d?to=%2F%5Bteam%5D%2F%7E%2Fai%2Fapi-keys
Provide via 'apiKey' option or 'AI_GATEWAY_API_KEY' environment variable.

Option 2 - Vercel access token:
Pass a Vercel personal access token or Vercel app access token via the 'apiKey' option.

Option 3 - OIDC token:
Run 'npx vercel link' to link your project, then 'vc env pull' to fetch the token.
    at async GET (app/api/models/route.ts:11:24)
   9 |
  10 |   try {
> 11 |     const { models } = await gateway.getAvailableModels();
     |                        ^
  12 |     const language = models
  13 |       .filter((model) => (model.modelType ?? "language") === "language")
  14 |       .map((model) => ({ {
  statusCode: 401,
  generationId: undefined,
  isRetryable: false,
  type: 'authentication_error',
  [cause]: Error [VercelOidcTokenError]: The 'x-vercel-oidc-token' header is missing from the request. Do you have the OIDC option enabled in the Vercel project settings?
  Unable to find project root directory. Have you linked your project with `vc link?`
      at async GET (app/api/models/route.ts:11:24)
     9 |
    10 |   try {
  > 11 |     const { models } = await gateway.getAvailableModels();
       |                        ^
    12 |     const language = models
    13 |       .filter((model) => (model.modelType ?? "language") === "language")
    14 |       .map((model) => ({ {
    cause: undefined
  }
}
 GET /api/models 503 in 4ms (next.js: 0.6ms, application-code: 3ms)
 GET /api/commands 200 in 2ms (next.js: 0.6ms, application-code: 1.7ms)
 GET /api/threads 200 in 4ms (next.js: 0.5ms, application-code: 4ms)
 GET /api/capabilities 200 in 2ms (next.js: 0.5ms, application-code: 1.8ms)
Model catalog failed Error [GatewayAuthenticationError]: AI Gateway authentication failed: No authentication provided.

Option 1 - API key:
Create an API key: https://vercel.com/d?to=%2F%5Bteam%5D%2F%7E%2Fai%2Fapi-keys
Provide via 'apiKey' option or 'AI_GATEWAY_API_KEY' environment variable.

Option 2 - Vercel access token:
Pass a Vercel personal access token or Vercel app access token via the 'apiKey' option.

Option 3 - OIDC token:
Run 'npx vercel link' to link your project, then 'vc env pull' to fetch the token.
    at async GET (app/api/models/route.ts:11:24)
   9 |
  10 |   try {
> 11 |     const { models } = await gateway.getAvailableModels();
     |                        ^
  12 |     const language = models
  13 |       .filter((model) => (model.modelType ?? "language") === "language")
  14 |       .map((model) => ({ {
  statusCode: 401,
  generationId: undefined,
  isRetryable: false,
  type: 'authentication_error',
  [cause]: Error [VercelOidcTokenError]: The 'x-vercel-oidc-token' header is missing from the request. Do you have the OIDC option enabled in the Vercel project settings?
  Unable to find project root directory. Have you linked your project with `vc link?`
      at async GET (app/api/models/route.ts:11:24)
     9 |
    10 |   try {
  > 11 |     const { models } = await gateway.getAvailableModels();
       |                        ^
    12 |     const language = models
    13 |       .filter((model) => (model.modelType ?? "language") === "language")
    14 |       .map((model) => ({ {
    cause: undefined
  }
}
 GET /api/models 503 in 3ms (next.js: 0.5ms, application-code: 3ms)
 GET /api/agents 200 in 22ms (next.js: 0.5ms, application-code: 22ms)
 GET /api/threads/3b3534a2-ef6c-4d1b-8065-738d28ff2cc9 404 in 7ms (next.js: 2ms, application-code: 4ms)
 GET /api/commands 200 in 3ms (next.js: 0.5ms, application-code: 2ms)
 GET /api/threads 200 in 4ms (next.js: 0.6ms, application-code: 3ms)
 GET /api/agents 200 in 12ms (next.js: 0.6ms, application-code: 11ms)
 GET /api/threads/3b3534a2-ef6c-4d1b-8065-738d28ff2cc9 404 in 9ms (next.js: 0.5ms, application-code: 8ms)
 GET /api/threads/3b3534a2-ef6c-4d1b-8065-738d28ff2cc9 404 in 2ms (next.js: 0.7ms, application-code: 1.7ms)
 GET /api/task-runs?threadId=3b3534a2-ef6c-4d1b-8065-738d28ff2cc9 200 in 11ms (next.js: 5ms, application-code: 6ms)
 GET /api/task-runs?threadId=3b3534a2-ef6c-4d1b-8065-738d28ff2cc9 200 in 3ms (next.js: 0.5ms, application-code: 2ms)
 GET /api/threads/3b3534a2-ef6c-4d1b-8065-738d28ff2cc9 404 in 2.0ms (next.js: 0.4ms, application-code: 1.5ms)
 GET /api/task-runs?threadId=3b3534a2-ef6c-4d1b-8065-738d28ff2cc9 200 in 4ms (next.js: 0.6ms, application-code: 3ms)
 GET /api/task-runs?threadId=3b3534a2-ef6c-4d1b-8065-738d28ff2cc9 200 in 1.9ms (next.js: 0.4ms, application-code: 1.4ms)
⚠ ../../../../../Users/jaywest/Myeve/node_modules/@novnc/novnc/core/util/browser.js
The generated code contains 'async/await' because this module is using "topLevelAwait".
However, your target environment does not appear to support 'async/await'.
As a result, the code may not run as expected or may cause runtime errors.

Import trace for requested module:
../../../../../Users/jaywest/Myeve/node_modules/@novnc/novnc/core/util/browser.js
../../../../../Users/jaywest/Myeve/node_modules/@novnc/novnc/core/rfb.js
./components/computer-viewer.tsx
./components/computer-workspace.tsx
./app/chat.tsx
[browser] ../../../../../Users/jaywest/Myeve/node_modules/@novnc/novnc/core/util/browser.js
The generated code contains 'async/await' because this module is using "topLevelAwait".
However, your target environment does not appear to support 'async/await'.
As a result, the code may not run as expected or may cause runtime errors.

Import trace for requested module:
../../../../../Users/jaywest/Myeve/node_modules/@novnc/novnc/core/util/browser.js
../../../../../Users/jaywest/Myeve/node_modules/@novnc/novnc/core/rfb.js
./components/computer-viewer.tsx
./components/computer-workspace.tsx
./app/chat.tsx
⚠ ../../../../../Users/jaywest/Myeve/node_modules/@novnc/novnc/core/util/browser.js
The generated code contains 'async/await' because this module is using "topLevelAwait".
However, your target environment does not appear to support 'async/await'.
As a result, the code may not run as expected or may cause runtime errors.

Import trace for requested module:
../../../../../Users/jaywest/Myeve/node_modules/@novnc/novnc/core/util/browser.js
../../../../../Users/jaywest/Myeve/node_modules/@novnc/novnc/core/rfb.js
./components/computer-viewer.tsx
./components/computer-workspace.tsx
./app/chat.tsx
onUploadCompleted provided but no callbackUrl could be determined. Please provide a callbackUrl in onBeforeGenerateToken or set the VERCEL_BLOB_CALLBACK_URL environment variable.
[browser] ../../../../../Users/jaywest/Myeve/node_modules/@novnc/novnc/core/util/browser.js
The generated code contains 'async/await' because this module is using "topLevelAwait".
However, your target environment does not appear to support 'async/await'.
As a result, the code may not run as expected or may cause runtime errors.

Import trace for requested module:
../../../../../Users/jaywest/Myeve/node_modules/@novnc/novnc/core/util/browser.js
../../../../../Users/jaywest/Myeve/node_modules/@novnc/novnc/core/rfb.js
./components/computer-viewer.tsx
./components/computer-workspace.tsx
./app/chat.tsx
 POST /api/files/upload 200 in 3.2s (next.js: 2.9s, application-code: 293ms)
 GET /chat 200 in 207ms (next.js: 147ms, proxy.ts: 42ms, application-code: 18ms)
 GET /api/files 200 in 4.8s (next.js: 2.9s, application-code: 1832ms)
 POST /api/files 200 in 1405ms (next.js: 0.8ms, application-code: 1404ms)
⚠ ../../../../../Users/jaywest/Myeve/node_modules/@novnc/novnc/core/util/browser.js
The generated code contains 'async/await' because this module is using "topLevelAwait".
However, your target environment does not appear to support 'async/await'.
As a result, the code may not run as expected or may cause runtime errors.

Import trace for requested module:
../../../../../Users/jaywest/Myeve/node_modules/@novnc/novnc/core/util/browser.js
../../../../../Users/jaywest/Myeve/node_modules/@novnc/novnc/core/rfb.js
./components/computer-viewer.tsx
./components/computer-workspace.tsx
./app/chat.tsx
[browser] ../../../../../Users/jaywest/Myeve/node_modules/@novnc/novnc/core/util/browser.js
The generated code contains 'async/await' because this module is using "topLevelAwait".
However, your target environment does not appear to support 'async/await'.
As a result, the code may not run as expected or may cause runtime errors.

Import trace for requested module:
../../../../../Users/jaywest/Myeve/node_modules/@novnc/novnc/core/util/browser.js
../../../../../Users/jaywest/Myeve/node_modules/@novnc/novnc/core/rfb.js
./components/computer-viewer.tsx
./components/computer-workspace.tsx
./app/chat.tsx
⚠ ../../../../../Users/jaywest/Myeve/node_modules/@novnc/novnc/core/util/browser.js
The generated code contains 'async/await' because this module is using "topLevelAwait".
However, your target environment does not appear to support 'async/await'.
As a result, the code may not run as expected or may cause runtime errors.

Import trace for requested module:
../../../../../Users/jaywest/Myeve/node_modules/@novnc/novnc/core/util/browser.js
../../../../../Users/jaywest/Myeve/node_modules/@novnc/novnc/core/rfb.js
./components/computer-viewer.tsx
./components/computer-workspace.tsx
./app/chat.tsx
[browser] ../../../../../Users/jaywest/Myeve/node_modules/@novnc/novnc/core/util/browser.js
The generated code contains 'async/await' because this module is using "topLevelAwait".
However, your target environment does not appear to support 'async/await'.
As a result, the code may not run as expected or may cause runtime errors.

Import trace for requested module:
../../../../../Users/jaywest/Myeve/node_modules/@novnc/novnc/core/util/browser.js
../../../../../Users/jaywest/Myeve/node_modules/@novnc/novnc/core/rfb.js
./components/computer-viewer.tsx
./components/computer-workspace.tsx
./app/chat.tsx
 GET /chat 200 in 43ms (next.js: 28ms, proxy.ts: 2ms, application-code: 13ms)
 GET /api/files 200 in 1946ms (next.js: 1620ms, application-code: 326ms)
 GET /api/files 200 in 3ms (next.js: 0.7ms, application-code: 2ms)
 GET /api/files/927fe5a9-5265-46e8-bcd3-6a9d52b757f7/content 500 in 2.3s (next.js: 2.3s, application-code: 5ms)
 GET /api/task-runs?threadId=3b3534a2-ef6c-4d1b-8065-738d28ff2cc9 200 in 9ms (next.js: 4ms, application-code: 5ms)
 GET /api/task-runs?threadId=3b3534a2-ef6c-4d1b-8065-738d28ff2cc9 200 in 6ms (next.js: 1.9ms, application-code: 4ms)
 GET /chat 200 in 313ms (next.js: 0.8ms, proxy.ts: 1.7ms, application-code: 310ms)
[browser] ../../../../../Users/jaywest/Myeve/node_modules/@novnc/novnc/core/util/browser.js
The generated code contains 'async/await' because this module is using "topLevelAwait".
However, your target environment does not appear to support 'async/await'.
As a result, the code may not run as expected or may cause runtime errors.
Model catalog failed Error [GatewayAuthenticationError]: AI Gateway authentication failed: No authentication provided.

Option 1 - API key:
Create an API key: https://vercel.com/d?to=%2F%5Bteam%5D%2F%7E%2Fai%2Fapi-keys
Provide via 'apiKey' option or 'AI_GATEWAY_API_KEY' environment variable.

Option 2 - Vercel access token:
Pass a Vercel personal access token or Vercel app access token via the 'apiKey' option.

Option 3 - OIDC token:
Run 'npx vercel link' to link your project, then 'vc env pull' to fetch the token.
    at async GET (app/api/models/route.ts:11:24)
   9 |
  10 |   try {
> 11 |     const { models } = await gateway.getAvailableModels();
     |                        ^
  12 |     const language = models
  13 |       .filter((model) => (model.modelType ?? "language") === "language")
  14 |       .map((model) => ({ {
  statusCode: 401,
  generationId: undefined,
  isRetryable: false,
  type: 'authentication_error',
  [cause]: Error [VercelOidcTokenError]: The 'x-vercel-oidc-token' header is missing from the request. Do you have the OIDC option enabled in the Vercel project settings?
  Unable to find project root directory. Have you linked your project with `vc link?`
      at async GET (app/api/models/route.ts:11:24)
     9 |
    10 |   try {
  > 11 |     const { models } = await gateway.getAvailableModels();
       |                        ^
    12 |     const language = models
    13 |       .filter((model) => (model.modelType ?? "language") === "language")
    14 |       .map((model) => ({ {
    cause: undefined
  }
}
 GET /api/models 503 in 12ms (next.js: 3ms, application-code: 9ms)
 GET /api/commands 200 in 6ms (next.js: 3ms, application-code: 3ms)
 GET /api/capabilities 200 in 7ms (next.js: 4ms, application-code: 3ms)
Model catalog failed Error [GatewayAuthenticationError]: AI Gateway authentication failed: No authentication provided.

Option 1 - API key:
Create an API key: https://vercel.com/d?to=%2F%5Bteam%5D%2F%7E%2Fai%2Fapi-keys
Provide via 'apiKey' option or 'AI_GATEWAY_API_KEY' environment variable.

Option 2 - Vercel access token:
Pass a Vercel personal access token or Vercel app access token via the 'apiKey' option.

Option 3 - OIDC token:
Run 'npx vercel link' to link your project, then 'vc env pull' to fetch the token.
    at async GET (app/api/models/route.ts:11:24)
   9 |
  10 |   try {
> 11 |     const { models } = await gateway.getAvailableModels();
     |                        ^
  12 |     const language = models
  13 |       .filter((model) => (model.modelType ?? "language") === "language")
  14 |       .map((model) => ({ {
  statusCode: 401,
  generationId: undefined,
  isRetryable: false,
  type: 'authentication_error',
  [cause]: Error [VercelOidcTokenError]: The 'x-vercel-oidc-token' header is missing from the request. Do you have the OIDC option enabled in the Vercel project settings?
  Unable to find project root directory. Have you linked your project with `vc link?`
      at async GET (app/api/models/route.ts:11:24)
     9 |
    10 |   try {
  > 11 |     const { models } = await gateway.getAvailableModels();
       |                        ^
    12 |     const language = models
    13 |       .filter((model) => (model.modelType ?? "language") === "language")
    14 |       .map((model) => ({ {
    cause: undefined
  }
}
 GET /api/models 503 in 3ms (next.js: 0.5ms, application-code: 2ms)
 GET /api/agents 200 in 49ms (next.js: 5ms, application-code: 44ms)
 GET /api/commands 200 in 2ms (next.js: 0.4ms, application-code: 1.8ms)
 GET /api/agents 200 in 9ms (next.js: 0.5ms, application-code: 9ms)
 GET /api/threads/9d58e9db-0f80-4104-9544-a48639e448ca 404 in 19ms (next.js: 4ms, application-code: 15ms)
 GET /api/threads 200 in 46ms (next.js: 6ms, application-code: 40ms)
 GET /api/threads/9d58e9db-0f80-4104-9544-a48639e448ca 404 in 2.0ms (next.js: 0.6ms, application-code: 1.4ms)
 GET /api/threads 200 in 10ms (next.js: 0.6ms, application-code: 10ms)
 GET /api/threads/9d58e9db-0f80-4104-9544-a48639e448ca 404 in 3ms (next.js: 0.7ms, application-code: 1.8ms)
 GET /api/task-runs?threadId=9d58e9db-0f80-4104-9544-a48639e448ca 200 in 3ms (next.js: 0.5ms, application-code: 3ms)
 GET /api/task-runs?threadId=9d58e9db-0f80-4104-9544-a48639e448ca 200 in 2ms (next.js: 0.5ms, application-code: 1.7ms)
 GET /api/threads/9d58e9db-0f80-4104-9544-a48639e448ca 404 in 2ms (next.js: 0.6ms, application-code: 1.9ms)
 GET /api/task-runs?threadId=9d58e9db-0f80-4104-9544-a48639e448ca 200 in 3ms (next.js: 0.5ms, application-code: 2ms)
 GET /api/task-runs?threadId=9d58e9db-0f80-4104-9544-a48639e448ca 200 in 1.8ms (next.js: 0.4ms, application-code: 1.4ms)
 GET /api/task-runs?threadId=9d58e9db-0f80-4104-9544-a48639e448ca 200 in 3ms (next.js: 0.5ms, application-code: 2ms)
 GET /api/task-runs?threadId=9d58e9db-0f80-4104-9544-a48639e448ca 200 in 1.8ms (next.js: 0.3ms, application-code: 1.5ms)
 GET /api/files 200 in 3ms (next.js: 0.8ms, application-code: 2ms)
⚠ ../../../../../Users/jaywest/Myeve/node_modules/@novnc/novnc/core/util/browser.js
The generated code contains 'async/await' because this module is using "topLevelAwait".
However, your target environment does not appear to support 'async/await'.
As a result, the code may not run as expected or may cause runtime errors.

Import trace for requested module:
../../../../../Users/jaywest/Myeve/node_modules/@novnc/novnc/core/util/browser.js
../../../../../Users/jaywest/Myeve/node_modules/@novnc/novnc/core/rfb.js
./components/computer-viewer.tsx
./components/computer-workspace.tsx
./app/chat.tsx

▲ Next.js 16.3.5 (webpack)
- Local:         http://127.0.0.1:3073
- Network:       http://127.0.0.1:3073
✓ Ready in 352ms
✓ Running next.config.ts took 193ms
[eve:dev] ../../../../../Users/jaywest/Myeve/node_modules/@vercel/otel/dist/node/index.js (23:28893) [EVAL] Use of direct `eval` function is strongly discouraged as it poses security risks and may cause issues with minification.
[eve:dev]  - Use of direct `eval` here. in ../../../../../../../../../../../../Users/jaywest/Myeve/node_modules/@vercel/otel/dist/node/index.js at 254579..254583
[eve:dev]   │
[eve:dev]   │ Help: Consider using indirect eval. For more information, check the documentation: https://rolldown.rs/guide/troubleshooting#avoiding-direct-eval
[eve:dev] ../../../../../Users/jaywest/Myeve/node_modules/@vercel/otel/dist/node/index.js (23:28893) [EVAL] Use of direct `eval` function is strongly discouraged as it poses security risks and may cause issues with minification.
[eve:dev]  - Use of direct `eval` here. in ../../../../../../../../../../../../Users/jaywest/Myeve/node_modules/@vercel/otel/dist/node/index.js at 254579..254583
[eve:dev]   │
[eve:dev]   │ Help: Consider using indirect eval. For more information, check the documentation: https://rolldown.rs/guide/troubleshooting#avoiding-direct-eval
[eve:dev] (node:72343) [DEP0040] DeprecationWarning: The `punycode` module is deprecated. Please use a userland alternative instead.
[eve:dev] (Use `node --trace-deprecation ...` to show where the warning was created)
[eve:dev] (node:72343) [DEP0040] DeprecationWarning: The `punycode` module is deprecated. Please use a userland alternative instead.
[eve:dev] (Use `node --trace-deprecation ...` to show where the warning was created)
[eve:dev] server listening at http://127.0.0.1:65312/

○ Compiling /goals ...
⚠ ../../../../../Users/jaywest/Myeve/node_modules/@novnc/novnc/core/util/browser.js
The generated code contains 'async/await' because this module is using "topLevelAwait".
However, your target environment does not appear to support 'async/await'.
As a result, the code may not run as expected or may cause runtime errors.

Import trace for requested module:
../../../../../Users/jaywest/Myeve/node_modules/@novnc/novnc/core/util/browser.js
../../../../../Users/jaywest/Myeve/node_modules/@novnc/novnc/core/rfb.js
./components/computer-viewer.tsx
./components/computer-workspace.tsx
./app/chat.tsx
 GET /goals 200 in 6.4s (next.js: 5.8s, proxy.ts: 117ms, application-code: 447ms)
⚠ ../../../../../Users/jaywest/Myeve/node_modules/@novnc/novnc/core/util/browser.js
The generated code contains 'async/await' because this module is using "topLevelAwait".
However, your target environment does not appear to support 'async/await'.
As a result, the code may not run as expected or may cause runtime errors.

Import trace for requested module:
../../../../../Users/jaywest/Myeve/node_modules/@novnc/novnc/core/util/browser.js
../../../../../Users/jaywest/Myeve/node_modules/@novnc/novnc/core/rfb.js
./components/computer-viewer.tsx
./components/computer-workspace.tsx
./app/chat.tsx
[browser] ../../../../../Users/jaywest/Myeve/node_modules/@novnc/novnc/core/util/browser.js
The generated code contains 'async/await' because this module is using "topLevelAwait".
However, your target environment does not appear to support 'async/await'.
As a result, the code may not run as expected or may cause runtime errors.
[browser] ../../../../../Users/jaywest/Myeve/node_modules/@novnc/novnc/core/util/browser.js
The generated code contains 'async/await' because this module is using "topLevelAwait".
However, your target environment does not appear to support 'async/await'.
As a result, the code may not run as expected or may cause runtime errors.

Import trace for requested module:
../../../../../Users/jaywest/Myeve/node_modules/@novnc/novnc/core/util/browser.js
../../../../../Users/jaywest/Myeve/node_modules/@novnc/novnc/core/rfb.js
./components/computer-viewer.tsx
./components/computer-workspace.tsx
./app/chat.tsx
⚠ ../../../../../Users/jaywest/Myeve/node_modules/@novnc/novnc/core/util/browser.js
The generated code contains 'async/await' because this module is using "topLevelAwait".
However, your target environment does not appear to support 'async/await'.
As a result, the code may not run as expected or may cause runtime errors.

Import trace for requested module:
../../../../../Users/jaywest/Myeve/node_modules/@novnc/novnc/core/util/browser.js
../../../../../Users/jaywest/Myeve/node_modules/@novnc/novnc/core/rfb.js
./components/computer-viewer.tsx
./components/computer-workspace.tsx
./app/chat.tsx
Model catalog failed Error [GatewayAuthenticationError]: AI Gateway authentication failed: No authentication provided.

Option 1 - API key:
Create an API key: https://vercel.com/d?to=%2F%5Bteam%5D%2F%7E%2Fai%2Fapi-keys
Provide via 'apiKey' option or 'AI_GATEWAY_API_KEY' environment variable.

Option 2 - Vercel access token:
Pass a Vercel personal access token or Vercel app access token via the 'apiKey' option.

Option 3 - OIDC token:
Run 'npx vercel link' to link your project, then 'vc env pull' to fetch the token.
    at async GET (app/api/models/route.ts:11:24)
   9 |
  10 |   try {
> 11 |     const { models } = await gateway.getAvailableModels();
     |                        ^
  12 |     const language = models
  13 |       .filter((model) => (model.modelType ?? "language") === "language")
  14 |       .map((model) => ({ {
  statusCode: 401,
  generationId: undefined,
  isRetryable: false,
  type: 'authentication_error',
  [cause]: Error [VercelOidcTokenError]: The 'x-vercel-oidc-token' header is missing from the request. Do you have the OIDC option enabled in the Vercel project settings?
  Unable to find project root directory. Have you linked your project with `vc link?`
      at async GET (app/api/models/route.ts:11:24)
     9 |
    10 |   try {
  > 11 |     const { models } = await gateway.getAvailableModels();
       |                        ^
    12 |     const language = models
    13 |       .filter((model) => (model.modelType ?? "language") === "language")
    14 |       .map((model) => ({ {
    cause: undefined
  }
}
 GET /api/models 503 in 3.3s (next.js: 3.1s, application-code: 245ms)
 GET /api/commands 200 in 3.3s (next.js: 3.0s, application-code: 245ms)
[browser] ../../../../../Users/jaywest/Myeve/node_modules/@novnc/novnc/core/util/browser.js
The generated code contains 'async/await' because this module is using "topLevelAwait".
However, your target environment does not appear to support 'async/await'.
As a result, the code may not run as expected or may cause runtime errors.

Import trace for requested module:
../../../../../Users/jaywest/Myeve/node_modules/@novnc/novnc/core/util/browser.js
../../../../../Users/jaywest/Myeve/node_modules/@novnc/novnc/core/rfb.js
./components/computer-viewer.tsx
./components/computer-workspace.tsx
./app/chat.tsx
⚠ ../../../../../Users/jaywest/Myeve/node_modules/@novnc/novnc/core/util/browser.js
The generated code contains 'async/await' because this module is using "topLevelAwait".
However, your target environment does not appear to support 'async/await'.
As a result, the code may not run as expected or may cause runtime errors.

Import trace for requested module:
../../../../../Users/jaywest/Myeve/node_modules/@novnc/novnc/core/util/browser.js
../../../../../Users/jaywest/Myeve/node_modules/@novnc/novnc/core/rfb.js
./components/computer-viewer.tsx
./components/computer-workspace.tsx
./app/chat.tsx
 GET /api/goals 200 in 3.4s (next.js: 3.1s, application-code: 268ms)
 GET /api/threads 200 in 2.7s (next.js: 2.5s, application-code: 274ms)
 GET /api/agents 200 in 3.4s (next.js: 3.1s, application-code: 275ms)
 GET /api/goals/focus 200 in 3.4s (next.js: 3.1s, application-code: 290ms)
[browser] ../../../../../Users/jaywest/Myeve/node_modules/@novnc/novnc/core/util/browser.js
The generated code contains 'async/await' because this module is using "topLevelAwait".
However, your target environment does not appear to support 'async/await'.
As a result, the code may not run as expected or may cause runtime errors.

Import trace for requested module:
../../../../../Users/jaywest/Myeve/node_modules/@novnc/novnc/core/util/browser.js
../../../../../Users/jaywest/Myeve/node_modules/@novnc/novnc/core/rfb.js
./components/computer-viewer.tsx
./components/computer-workspace.tsx
./app/chat.tsx
⚠ ../../../../../Users/jaywest/Myeve/node_modules/@novnc/novnc/core/util/browser.js
The generated code contains 'async/await' because this module is using "topLevelAwait".
However, your target environment does not appear to support 'async/await'.
As a result, the code may not run as expected or may cause runtime errors.

Import trace for requested module:
../../../../../Users/jaywest/Myeve/node_modules/@novnc/novnc/core/util/browser.js
../../../../../Users/jaywest/Myeve/node_modules/@novnc/novnc/core/rfb.js
./components/computer-viewer.tsx
./components/computer-workspace.tsx
./app/chat.tsx
Model catalog failed Error [GatewayAuthenticationError]: AI Gateway authentication failed: No authentication provided.

Option 1 - API key:
Create an API key: https://vercel.com/d?to=%2F%5Bteam%5D%2F%7E%2Fai%2Fapi-keys
Provide via 'apiKey' option or 'AI_GATEWAY_API_KEY' environment variable.

Option 2 - Vercel access token:
Pass a Vercel personal access token or Vercel app access token via the 'apiKey' option.

Option 3 - OIDC token:
Run 'npx vercel link' to link your project, then 'vc env pull' to fetch the token.
    at async GET (app/api/models/route.ts:11:24)
   9 |
  10 |   try {
> 11 |     const { models } = await gateway.getAvailableModels();
     |                        ^
  12 |     const language = models
  13 |       .filter((model) => (model.modelType ?? "language") === "language")
  14 |       .map((model) => ({ {
  statusCode: 401,
  generationId: undefined,
  isRetryable: false,
  type: 'authentication_error',
  [cause]: Error [VercelOidcTokenError]: The 'x-vercel-oidc-token' header is missing from the request. Do you have the OIDC option enabled in the Vercel project settings?
  Unable to find project root directory. Have you linked your project with `vc link?`
      at async GET (app/api/models/route.ts:11:24)
     9 |
    10 |   try {
  > 11 |     const { models } = await gateway.getAvailableModels();
       |                        ^
    12 |     const language = models
    13 |       .filter((model) => (model.modelType ?? "language") === "language")
    14 |       .map((model) => ({ {
    cause: undefined
  }
}
 GET /api/models 503 in 944ms (next.js: 776ms, application-code: 167ms)
 GET /api/commands 200 in 942ms (next.js: 775ms, application-code: 167ms)
 GET /api/capabilities 200 in 968ms (next.js: 800ms, application-code: 168ms)
[browser] ../../../../../Users/jaywest/Myeve/node_modules/@novnc/novnc/core/util/browser.js
The generated code contains 'async/await' because this module is using "topLevelAwait".
However, your target environment does not appear to support 'async/await'.
As a result, the code may not run as expected or may cause runtime errors.

Import trace for requested module:
../../../../../Users/jaywest/Myeve/node_modules/@novnc/novnc/core/util/browser.js
../../../../../Users/jaywest/Myeve/node_modules/@novnc/novnc/core/rfb.js
./components/computer-viewer.tsx
./components/computer-workspace.tsx
./app/chat.tsx
 GET /api/goals 200 in 843ms (next.js: 679ms, application-code: 164ms)
⚠ ../../../../../Users/jaywest/Myeve/node_modules/@novnc/novnc/core/util/browser.js
The generated code contains 'async/await' because this module is using "topLevelAwait".
However, your target environment does not appear to support 'async/await'.
As a result, the code may not run as expected or may cause runtime errors.

Import trace for requested module:
../../../../../Users/jaywest/Myeve/node_modules/@novnc/novnc/core/util/browser.js
../../../../../Users/jaywest/Myeve/node_modules/@novnc/novnc/core/rfb.js
./components/computer-viewer.tsx
./components/computer-workspace.tsx
./app/chat.tsx
 GET /api/agents 200 in 99ms (next.js: 2ms, application-code: 96ms)
 GET /api/threads 200 in 116ms (next.js: 3ms, application-code: 113ms)
 GET /api/goals/focus 200 in 100ms (next.js: 2ms, application-code: 98ms)
 GET /goals 200 in 327ms (next.js: 66ms, proxy.ts: 223ms, application-code: 39ms)
 GET /api/threads/60fd5b2a-48c0-49df-8073-159051706e02 404 in 1326ms (next.js: 1322ms, application-code: 4ms)
[browser] ../../../../../Users/jaywest/Myeve/node_modules/@novnc/novnc/core/util/browser.js
The generated code contains 'async/await' because this module is using "topLevelAwait".
However, your target environment does not appear to support 'async/await'.
As a result, the code may not run as expected or may cause runtime errors.

Import trace for requested module:
../../../../../Users/jaywest/Myeve/node_modules/@novnc/novnc/core/util/browser.js
../../../../../Users/jaywest/Myeve/node_modules/@novnc/novnc/core/rfb.js
./components/computer-viewer.tsx
./components/computer-workspace.tsx
./app/chat.tsx
⚠ ../../../../../Users/jaywest/Myeve/node_modules/@novnc/novnc/core/util/browser.js
The generated code contains 'async/await' because this module is using "topLevelAwait".
However, your target environment does not appear to support 'async/await'.
As a result, the code may not run as expected or may cause runtime errors.

Import trace for requested module:
../../../../../Users/jaywest/Myeve/node_modules/@novnc/novnc/core/util/browser.js
../../../../../Users/jaywest/Myeve/node_modules/@novnc/novnc/core/rfb.js
./components/computer-viewer.tsx
./components/computer-workspace.tsx
./app/chat.tsx
[browser] ../../../../../Users/jaywest/Myeve/node_modules/@novnc/novnc/core/util/browser.js
The generated code contains 'async/await' because this module is using "topLevelAwait".
However, your target environment does not appear to support 'async/await'.
As a result, the code may not run as expected or may cause runtime errors.

Import trace for requested module:
../../../../../Users/jaywest/Myeve/node_modules/@novnc/novnc/core/util/browser.js
../../../../../Users/jaywest/Myeve/node_modules/@novnc/novnc/core/rfb.js
./components/computer-viewer.tsx
./components/computer-workspace.tsx
./app/chat.tsx
 GET /api/threads/60fd5b2a-48c0-49df-8073-159051706e02 404 in 534ms (next.js: 508ms, application-code: 26ms)
 GET /api/threads/60fd5b2a-48c0-49df-8073-159051706e02 404 in 3ms (next.js: 0.6ms, application-code: 2ms)
 GET /api/threads/60fd5b2a-48c0-49df-8073-159051706e02 404 in 2ms (next.js: 0.6ms, application-code: 1.8ms)
⚠ ../../../../../Users/jaywest/Myeve/node_modules/@novnc/novnc/core/util/browser.js
The generated code contains 'async/await' because this module is using "topLevelAwait".
However, your target environment does not appear to support 'async/await'.
As a result, the code may not run as expected or may cause runtime errors.

Import trace for requested module:
../../../../../Users/jaywest/Myeve/node_modules/@novnc/novnc/core/util/browser.js
../../../../../Users/jaywest/Myeve/node_modules/@novnc/novnc/core/rfb.js
./components/computer-viewer.tsx
./components/computer-workspace.tsx
./app/chat.tsx
 GET /api/goals/goal_b96e7077-00db-43dd-913c-372f69f9301e 200 in 1070ms (next.js: 1058ms, application-code: 12ms)
⚠ ../../../../../Users/jaywest/Myeve/node_modules/@novnc/novnc/core/util/browser.js
The generated code contains 'async/await' because this module is using "topLevelAwait".
However, your target environment does not appear to support 'async/await'.
As a result, the code may not run as expected or may cause runtime errors.

Import trace for requested module:
../../../../../Users/jaywest/Myeve/node_modules/@novnc/novnc/core/util/browser.js
../../../../../Users/jaywest/Myeve/node_modules/@novnc/novnc/core/rfb.js
./components/computer-viewer.tsx
./components/computer-workspace.tsx
./app/chat.tsx
[browser] ../../../../../Users/jaywest/Myeve/node_modules/@novnc/novnc/core/util/browser.js
The generated code contains 'async/await' because this module is using "topLevelAwait".
However, your target environment does not appear to support 'async/await'.
As a result, the code may not run as expected or may cause runtime errors.

Import trace for requested module:
../../../../../Users/jaywest/Myeve/node_modules/@novnc/novnc/core/util/browser.js
../../../../../Users/jaywest/Myeve/node_modules/@novnc/novnc/core/rfb.js
./components/computer-viewer.tsx
./components/computer-workspace.tsx
./app/chat.tsx
 GET /api/task-runs?threadId=60fd5b2a-48c0-49df-8073-159051706e02 200 in 411ms (next.js: 394ms, application-code: 17ms)
 GET /api/task-runs?threadId=60fd5b2a-48c0-49df-8073-159051706e02 200 in 417ms (next.js: 399ms, application-code: 17ms)
 GET /api/goals 200 in 12ms (next.js: 2.0ms, application-code: 10ms)
 GET /api/goals 200 in 3ms (next.js: 0.5ms, application-code: 3ms)
 GET /api/goals/focus 200 in 13ms (next.js: 1.9ms, application-code: 11ms)
 GET /api/goals/focus 200 in 8ms (next.js: 0.5ms, application-code: 8ms)
 GET /api/goals/goal_b96e7077-00db-43dd-913c-372f69f9301e 200 in 8ms (next.js: 3ms, application-code: 5ms)
⚠ ../../../../../Users/jaywest/Myeve/node_modules/@novnc/novnc/core/util/browser.js
The generated code contains 'async/await' because this module is using "topLevelAwait".
However, your target environment does not appear to support 'async/await'.
As a result, the code may not run as expected or may cause runtime errors.

Import trace for requested module:
../../../../../Users/jaywest/Myeve/node_modules/@novnc/novnc/core/util/browser.js
../../../../../Users/jaywest/Myeve/node_modules/@novnc/novnc/core/rfb.js
./components/computer-viewer.tsx
./components/computer-workspace.tsx
./app/chat.tsx
[browser] ../../../../../Users/jaywest/Myeve/node_modules/@novnc/novnc/core/util/browser.js
The generated code contains 'async/await' because this module is using "topLevelAwait".
However, your target environment does not appear to support 'async/await'.
As a result, the code may not run as expected or may cause runtime errors.

Import trace for requested module:
../../../../../Users/jaywest/Myeve/node_modules/@novnc/novnc/core/util/browser.js
../../../../../Users/jaywest/Myeve/node_modules/@novnc/novnc/core/rfb.js
./components/computer-viewer.tsx
./components/computer-workspace.tsx
./app/chat.tsx
[browser] ../../../../../Users/jaywest/Myeve/node_modules/@novnc/novnc/core/util/browser.js
The generated code contains 'async/await' because this module is using "topLevelAwait".
However, your target environment does not appear to support 'async/await'.
As a result, the code may not run as expected or may cause runtime errors.

Import trace for requested module:
../../../../../Users/jaywest/Myeve/node_modules/@novnc/novnc/core/util/browser.js
../../../../../Users/jaywest/Myeve/node_modules/@novnc/novnc/core/rfb.js
./components/computer-viewer.tsx
./components/computer-workspace.tsx
./app/chat.tsx
⚠ ../../../../../Users/jaywest/Myeve/node_modules/@novnc/novnc/core/util/browser.js
The generated code contains 'async/await' because this module is using "topLevelAwait".
However, your target environment does not appear to support 'async/await'.
As a result, the code may not run as expected or may cause runtime errors.

Import trace for requested module:
../../../../../Users/jaywest/Myeve/node_modules/@novnc/novnc/core/util/browser.js
../../../../../Users/jaywest/Myeve/node_modules/@novnc/novnc/core/rfb.js
./components/computer-viewer.tsx
./components/computer-workspace.tsx
./app/chat.tsx
[browser] ../../../../../Users/jaywest/Myeve/node_modules/@novnc/novnc/core/util/browser.js
The generated code contains 'async/await' because this module is using "topLevelAwait".
However, your target environment does not appear to support 'async/await'.
As a result, the code may not run as expected or may cause runtime errors.

Import trace for requested module:
../../../../../Users/jaywest/Myeve/node_modules/@novnc/novnc/core/util/browser.js
../../../../../Users/jaywest/Myeve/node_modules/@novnc/novnc/core/rfb.js
./components/computer-viewer.tsx
./components/computer-workspace.tsx
./app/chat.tsx
 GET /api/outcomes?limit=100 200 in 2.7s (next.js: 2.3s, application-code: 392ms)
 GET /api/computer-sessions 200 in 2.3s (next.js: 1934ms, application-code: 392ms)
 GET /api/computer-sessions 200 in 2.3s (next.js: 1933ms, application-code: 392ms)
 GET /api/computer 200 in 2.3s (next.js: 1935ms, application-code: 392ms)
 GET /api/outcomes?limit=100 200 in 2.7s (next.js: 2.3s, application-code: 392ms)
 GET /api/knowledge?type=decision 200 in 3.0s (next.js: 2.6s, application-code: 392ms)
⚠ ../../../../../Users/jaywest/Myeve/node_modules/@novnc/novnc/core/util/browser.js
The generated code contains 'async/await' because this module is using "topLevelAwait".
However, your target environment does not appear to support 'async/await'.
As a result, the code may not run as expected or may cause runtime errors.

Import trace for requested module:
../../../../../Users/jaywest/Myeve/node_modules/@novnc/novnc/core/util/browser.js
../../../../../Users/jaywest/Myeve/node_modules/@novnc/novnc/core/rfb.js
./components/computer-viewer.tsx
./components/computer-workspace.tsx
./app/chat.tsx
⚠ ../../../../../Users/jaywest/Myeve/node_modules/@novnc/novnc/core/util/browser.js
The generated code contains 'async/await' because this module is using "topLevelAwait".
However, your target environment does not appear to support 'async/await'.
As a result, the code may not run as expected or may cause runtime errors.

Import trace for requested module:
../../../../../Users/jaywest/Myeve/node_modules/@novnc/novnc/core/util/browser.js
../../../../../Users/jaywest/Myeve/node_modules/@novnc/novnc/core/rfb.js
./components/computer-viewer.tsx
./components/computer-workspace.tsx
./app/chat.tsx
 GET /manage 200 in 1150ms (next.js: 637ms, proxy.ts: 43ms, application-code: 471ms)
[browser] ../../../../../Users/jaywest/Myeve/node_modules/@novnc/novnc/core/util/browser.js
The generated code contains 'async/await' because this module is using "topLevelAwait".
However, your target environment does not appear to support 'async/await'.
As a result, the code may not run as expected or may cause runtime errors.
 GET /api/capabilities 200 in 11ms (next.js: 4ms, application-code: 7ms)
⚠ ../../../../../Users/jaywest/Myeve/node_modules/@novnc/novnc/core/util/browser.js
The generated code contains 'async/await' because this module is using "topLevelAwait".
However, your target environment does not appear to support 'async/await'.
As a result, the code may not run as expected or may cause runtime errors.

Import trace for requested module:
../../../../../Users/jaywest/Myeve/node_modules/@novnc/novnc/core/util/browser.js
../../../../../Users/jaywest/Myeve/node_modules/@novnc/novnc/core/rfb.js
./components/computer-viewer.tsx
./components/computer-workspace.tsx
./app/chat.tsx
[browser] ../../../../../Users/jaywest/Myeve/node_modules/@novnc/novnc/core/util/browser.js
The generated code contains 'async/await' because this module is using "topLevelAwait".
However, your target environment does not appear to support 'async/await'.
As a result, the code may not run as expected or may cause runtime errors.

Import trace for requested module:
../../../../../Users/jaywest/Myeve/node_modules/@novnc/novnc/core/util/browser.js
../../../../../Users/jaywest/Myeve/node_modules/@novnc/novnc/core/rfb.js
./components/computer-viewer.tsx
./components/computer-workspace.tsx
./app/chat.tsx
⚠ ../../../../../Users/jaywest/Myeve/node_modules/@novnc/novnc/core/util/browser.js
The generated code contains 'async/await' because this module is using "topLevelAwait".
However, your target environment does not appear to support 'async/await'.
As a result, the code may not run as expected or may cause runtime errors.

Import trace for requested module:
../../../../../Users/jaywest/Myeve/node_modules/@novnc/novnc/core/util/browser.js
../../../../../Users/jaywest/Myeve/node_modules/@novnc/novnc/core/rfb.js
./components/computer-viewer.tsx
./components/computer-workspace.tsx
./app/chat.tsx
Model catalog failed Error [GatewayAuthenticationError]: AI Gateway authentication failed: No authentication provided.

Option 1 - API key:
Create an API key: https://vercel.com/d?to=%2F%5Bteam%5D%2F%7E%2Fai%2Fapi-keys
Provide via 'apiKey' option or 'AI_GATEWAY_API_KEY' environment variable.

Option 2 - Vercel access token:
Pass a Vercel personal access token or Vercel app access token via the 'apiKey' option.

Option 3 - OIDC token:
Run 'npx vercel link' to link your project, then 'vc env pull' to fetch the token.
    at async GET (app/api/models/route.ts:11:24)
   9 |
  10 |   try {
> 11 |     const { models } = await gateway.getAvailableModels();
     |                        ^
  12 |     const language = models
  13 |       .filter((model) => (model.modelType ?? "language") === "language")
  14 |       .map((model) => ({ {
  statusCode: 401,
  generationId: undefined,
  isRetryable: false,
  type: 'authentication_error',
  [cause]: Error [VercelOidcTokenError]: The 'x-vercel-oidc-token' header is missing from the request. Do you have the OIDC option enabled in the Vercel project settings?
  Unable to find project root directory. Have you linked your project with `vc link?`
      at async GET (app/api/models/route.ts:11:24)
     9 |
    10 |   try {
  > 11 |     const { models } = await gateway.getAvailableModels();
       |                        ^
    12 |     const language = models
    13 |       .filter((model) => (model.modelType ?? "language") === "language")
    14 |       .map((model) => ({ {
    cause: undefined
  }
}
 GET /api/update-check 200 in 1224ms (next.js: 1084ms, application-code: 140ms)
 GET /api/commands 200 in 1216ms (next.js: 1074ms, application-code: 141ms)
 GET /api/models 503 in 1216ms (next.js: 1077ms, application-code: 139ms)
[browser] ../../../../../Users/jaywest/Myeve/node_modules/@novnc/novnc/core/util/browser.js
The generated code contains 'async/await' because this module is using "topLevelAwait".
However, your target environment does not appear to support 'async/await'.
As a result, the code may not run as expected or may cause runtime errors.

Import trace for requested module:
../../../../../Users/jaywest/Myeve/node_modules/@novnc/novnc/core/util/browser.js
../../../../../Users/jaywest/Myeve/node_modules/@novnc/novnc/core/rfb.js
./components/computer-viewer.tsx
./components/computer-workspace.tsx
./app/chat.tsx
 GET /api/capabilities 200 in 3ms (next.js: 1.6ms, application-code: 1.7ms)
⚠ ../../../../../Users/jaywest/Myeve/node_modules/@novnc/novnc/core/util/browser.js
The generated code contains 'async/await' because this module is using "topLevelAwait".
However, your target environment does not appear to support 'async/await'.
As a result, the code may not run as expected or may cause runtime errors.

Import trace for requested module:
../../../../../Users/jaywest/Myeve/node_modules/@novnc/novnc/core/util/browser.js
../../../../../Users/jaywest/Myeve/node_modules/@novnc/novnc/core/rfb.js
./components/computer-viewer.tsx
./components/computer-workspace.tsx
./app/chat.tsx
 GET /api/agents 200 in 1234ms (next.js: 1075ms, application-code: 159ms)
 GET /api/threads/d7189cba-24eb-4f0c-985d-75b8b44736c0 404 in 1189ms (next.js: 1025ms, application-code: 164ms)
 GET /api/threads 200 in 1241ms (next.js: 1074ms, application-code: 167ms)
[browser] ../../../../../Users/jaywest/Myeve/node_modules/@novnc/novnc/core/util/browser.js
The generated code contains 'async/await' because this module is using "topLevelAwait".
However, your target environment does not appear to support 'async/await'.
As a result, the code may not run as expected or may cause runtime errors.

Import trace for requested module:
../../../../../Users/jaywest/Myeve/node_modules/@novnc/novnc/core/util/browser.js
../../../../../Users/jaywest/Myeve/node_modules/@novnc/novnc/core/rfb.js
./components/computer-viewer.tsx
./components/computer-workspace.tsx
./app/chat.tsx
⚠ ../../../../../Users/jaywest/Myeve/node_modules/@novnc/novnc/core/util/browser.js
The generated code contains 'async/await' because this module is using "topLevelAwait".
However, your target environment does not appear to support 'async/await'.
As a result, the code may not run as expected or may cause runtime errors.

Import trace for requested module:
../../../../../Users/jaywest/Myeve/node_modules/@novnc/novnc/core/util/browser.js
../../../../../Users/jaywest/Myeve/node_modules/@novnc/novnc/core/rfb.js
./components/computer-viewer.tsx
./components/computer-workspace.tsx
./app/chat.tsx

../../../../../Users/jaywest/Myeve/node_modules/eve/dist/src/internal/application/optional-package-install.js
Critical dependency: the request of a dependency is an expression

Import trace for requested module:
../../../../../Users/jaywest/Myeve/node_modules/eve/dist/src/internal/application/optional-package-install.js
../../../../../Users/jaywest/Myeve/node_modules/eve/dist/src/execution/sandbox/bash-tool.js
../../../../../Users/jaywest/Myeve/node_modules/eve/dist/src/public/tools/define-bash-tool.js
../../../../../Users/jaywest/Myeve/node_modules/eve/dist/src/public/tools/index.js
../../../../../Users/jaywest/Myeve/node_modules/@agent-browser/eve/dist/extension/tools/click.mjs
../../../../../Users/jaywest/Myeve/node_modules/@agent-browser/eve/dist/tools/index.mjs
./lib/readiness.ts
./app/api/readiness/route.ts
 GET /goals 200 in 783ms (next.js: 68ms, proxy.ts: 292ms, application-code: 423ms)
[browser] ../../../../../Users/jaywest/Myeve/node_modules/@novnc/novnc/core/util/browser.js
The generated code contains 'async/await' because this module is using "topLevelAwait".
However, your target environment does not appear to support 'async/await'.
As a result, the code may not run as expected or may cause runtime errors.
 GET /api/goals 200 in 18ms (next.js: 5ms, application-code: 13ms)
Model catalog failed Error [GatewayAuthenticationError]: AI Gateway authentication failed: No authentication provided.

Option 1 - API key:
Create an API key: https://vercel.com/d?to=%2F%5Bteam%5D%2F%7E%2Fai%2Fapi-keys
Provide via 'apiKey' option or 'AI_GATEWAY_API_KEY' environment variable.

Option 2 - Vercel access token:
Pass a Vercel personal access token or Vercel app access token via the 'apiKey' option.

Option 3 - OIDC token:
Run 'npx vercel link' to link your project, then 'vc env pull' to fetch the token.
    at async GET (app/api/models/route.ts:11:24)
   9 |
  10 |   try {
> 11 |     const { models } = await gateway.getAvailableModels();
     |                        ^
  12 |     const language = models
  13 |       .filter((model) => (model.modelType ?? "language") === "language")
  14 |       .map((model) => ({ {
  statusCode: 401,
  generationId: undefined,
  isRetryable: false,
  type: 'authentication_error',
  [cause]: Error [VercelOidcTokenError]: The 'x-vercel-oidc-token' header is missing from the request. Do you have the OIDC option enabled in the Vercel project settings?
  Unable to find project root directory. Have you linked your project with `vc link?`
      at async GET (app/api/models/route.ts:11:24)
     9 |
    10 |   try {
  > 11 |     const { models } = await gateway.getAvailableModels();
       |                        ^
    12 |     const language = models
    13 |       .filter((model) => (model.modelType ?? "language") === "language")
    14 |       .map((model) => ({ {
    cause: undefined
  }
}
 GET /api/models 503 in 8ms (next.js: 1.2ms, application-code: 7ms)
 GET /api/commands 200 in 5ms (next.js: 3ms, application-code: 3ms)
 GET /api/capabilities 200 in 1.8ms (next.js: 0.5ms, application-code: 1.3ms)
 GET /api/agents 200 in 31ms (next.js: 5ms, application-code: 26ms)
 GET /api/goals/focus 200 in 55ms (next.js: 4ms, application-code: 51ms)
Model catalog failed Error [GatewayAuthenticationError]: AI Gateway authentication failed: No authentication provided.

Option 1 - API key:
Create an API key: https://vercel.com/d?to=%2F%5Bteam%5D%2F%7E%2Fai%2Fapi-keys
Provide via 'apiKey' option or 'AI_GATEWAY_API_KEY' environment variable.

Option 2 - Vercel access token:
Pass a Vercel personal access token or Vercel app access token via the 'apiKey' option.

Option 3 - OIDC token:
Run 'npx vercel link' to link your project, then 'vc env pull' to fetch the token.
    at async GET (app/api/models/route.ts:11:24)
   9 |
  10 |   try {
> 11 |     const { models } = await gateway.getAvailableModels();
     |                        ^
  12 |     const language = models
  13 |       .filter((model) => (model.modelType ?? "language") === "language")
  14 |       .map((model) => ({ {
  statusCode: 401,
  generationId: undefined,
  isRetryable: false,
  type: 'authentication_error',
  [cause]: Error [VercelOidcTokenError]: The 'x-vercel-oidc-token' header is missing from the request. Do you have the OIDC option enabled in the Vercel project settings?
  Unable to find project root directory. Have you linked your project with `vc link?`
      at async GET (app/api/models/route.ts:11:24)
     9 |
    10 |   try {
  > 11 |     const { models } = await gateway.getAvailableModels();
       |                        ^
    12 |     const language = models
    13 |       .filter((model) => (model.modelType ?? "language") === "language")
    14 |       .map((model) => ({ {
    cause: undefined
  }
}
 GET /api/models 503 in 2ms (next.js: 0.3ms, application-code: 2ms)
 GET /api/threads 200 in 26ms (next.js: 2ms, application-code: 23ms)
 GET /api/commands 200 in 2ms (next.js: 0.5ms, application-code: 1.8ms)
 GET /api/threads/992e0fa1-f0a9-4cee-a993-9386d71c6996 404 in 13ms (next.js: 3ms, application-code: 10ms)
 GET /api/goals 200 in 8ms (next.js: 0.3ms, application-code: 8ms)
 GET /api/threads 200 in 2ms (next.js: 0.3ms, application-code: 1.9ms)
 GET /api/agents 200 in 12ms (next.js: 0.4ms, application-code: 12ms)
 GET /api/threads/992e0fa1-f0a9-4cee-a993-9386d71c6996 404 in 4ms (next.js: 0.6ms, application-code: 3ms)
 GET /api/goals/focus 200 in 12ms (next.js: 0.3ms, application-code: 11ms)
 GET /api/threads/992e0fa1-f0a9-4cee-a993-9386d71c6996 404 in 3ms (next.js: 0.8ms, application-code: 2ms)
⚠ ../../../../../Users/jaywest/Myeve/node_modules/@novnc/novnc/core/util/browser.js
The generated code contains 'async/await' because this module is using "topLevelAwait".
However, your target environment does not appear to support 'async/await'.
As a result, the code may not run as expected or may cause runtime errors.

Import trace for requested module:
../../../../../Users/jaywest/Myeve/node_modules/@novnc/novnc/core/util/browser.js
../../../../../Users/jaywest/Myeve/node_modules/@novnc/novnc/core/rfb.js
./components/computer-viewer.tsx
./components/computer-workspace.tsx
./app/chat.tsx

../../../../../Users/jaywest/Myeve/node_modules/eve/dist/src/internal/application/optional-package-install.js
Critical dependency: the request of a dependency is an expression

Import trace for requested module:
../../../../../Users/jaywest/Myeve/node_modules/eve/dist/src/internal/application/optional-package-install.js
../../../../../Users/jaywest/Myeve/node_modules/eve/dist/src/execution/sandbox/bash-tool.js
../../../../../Users/jaywest/Myeve/node_modules/eve/dist/src/public/tools/define-bash-tool.js
../../../../../Users/jaywest/Myeve/node_modules/eve/dist/src/public/tools/index.js
../../../../../Users/jaywest/Myeve/node_modules/@agent-browser/eve/dist/extension/tools/click.mjs
../../../../../Users/jaywest/Myeve/node_modules/@agent-browser/eve/dist/tools/index.mjs
./lib/readiness.ts
./app/api/readiness/route.ts
⚠ ../../../../../Users/jaywest/Myeve/node_modules/@novnc/novnc/core/util/browser.js
The generated code contains 'async/await' because this module is using "topLevelAwait".
However, your target environment does not appear to support 'async/await'.
As a result, the code may not run as expected or may cause runtime errors.

Import trace for requested module:
../../../../../Users/jaywest/Myeve/node_modules/@novnc/novnc/core/util/browser.js
../../../../../Users/jaywest/Myeve/node_modules/@novnc/novnc/core/rfb.js
./components/computer-viewer.tsx
./components/computer-workspace.tsx
./app/chat.tsx

../../../../../Users/jaywest/Myeve/node_modules/eve/dist/src/internal/application/optional-package-install.js
Critical dependency: the request of a dependency is an expression

Import trace for requested module:
../../../../../Users/jaywest/Myeve/node_modules/eve/dist/src/internal/application/optional-package-install.js
../../../../../Users/jaywest/Myeve/node_modules/eve/dist/src/execution/sandbox/bash-tool.js
../../../../../Users/jaywest/Myeve/node_modules/eve/dist/src/public/tools/define-bash-tool.js
../../../../../Users/jaywest/Myeve/node_modules/eve/dist/src/public/tools/index.js
../../../../../Users/jaywest/Myeve/node_modules/@agent-browser/eve/dist/extension/tools/click.mjs
../../../../../Users/jaywest/Myeve/node_modules/@agent-browser/eve/dist/tools/index.mjs
./lib/readiness.ts
./app/api/readiness/route.ts
 GET /api/owner-data?download=1 200 in 951ms (next.js: 792ms, application-code: 159ms)
⚠ ../../../../../Users/jaywest/Myeve/node_modules/@novnc/novnc/core/util/browser.js
The generated code contains 'async/await' because this module is using "topLevelAwait".
However, your target environment does not appear to support 'async/await'.
As a result, the code may not run as expected or may cause runtime errors.

Import trace for requested module:
../../../../../Users/jaywest/Myeve/node_modules/@novnc/novnc/core/util/browser.js
../../../../../Users/jaywest/Myeve/node_modules/@novnc/novnc/core/rfb.js
./components/computer-viewer.tsx
./components/computer-workspace.tsx
./app/chat.tsx

../../../../../Users/jaywest/Myeve/node_modules/eve/dist/src/internal/application/optional-package-install.js
Critical dependency: the request of a dependency is an expression

Import trace for requested module:
../../../../../Users/jaywest/Myeve/node_modules/eve/dist/src/internal/application/optional-package-install.js
../../../../../Users/jaywest/Myeve/node_modules/eve/dist/src/execution/sandbox/bash-tool.js
../../../../../Users/jaywest/Myeve/node_modules/eve/dist/src/public/tools/define-bash-tool.js
../../../../../Users/jaywest/Myeve/node_modules/eve/dist/src/public/tools/index.js
../../../../../Users/jaywest/Myeve/node_modules/@agent-browser/eve/dist/extension/tools/click.mjs
../../../../../Users/jaywest/Myeve/node_modules/@agent-browser/eve/dist/tools/index.mjs
./lib/readiness.ts
./app/api/readiness/route.ts
⚠ ../../../../../Users/jaywest/Myeve/node_modules/@novnc/novnc/core/util/browser.js
The generated code contains 'async/await' because this module is using "topLevelAwait".
However, your target environment does not appear to support 'async/await'.
As a result, the code may not run as expected or may cause runtime errors.

Import trace for requested module:
../../../../../Users/jaywest/Myeve/node_modules/@novnc/novnc/core/util/browser.js
../../../../../Users/jaywest/Myeve/node_modules/@novnc/novnc/core/rfb.js
./components/computer-viewer.tsx
./components/computer-workspace.tsx
./app/chat.tsx

../../../../../Users/jaywest/Myeve/node_modules/eve/dist/src/internal/application/optional-package-install.js
Critical dependency: the request of a dependency is an expression

Import trace for requested module:
../../../../../Users/jaywest/Myeve/node_modules/eve/dist/src/internal/application/optional-package-install.js
../../../../../Users/jaywest/Myeve/node_modules/eve/dist/src/execution/sandbox/bash-tool.js
../../../../../Users/jaywest/Myeve/node_modules/eve/dist/src/public/tools/define-bash-tool.js
../../../../../Users/jaywest/Myeve/node_modules/eve/dist/src/public/tools/index.js
../../../../../Users/jaywest/Myeve/node_modules/@agent-browser/eve/dist/extension/tools/click.mjs
../../../../../Users/jaywest/Myeve/node_modules/@agent-browser/eve/dist/tools/index.mjs
./lib/readiness.ts
./app/api/readiness/route.ts
 GET /manage/data 200 in 1674ms (next.js: 1309ms, proxy.ts: 1.7ms, application-code: 363ms)
[browser] ../../../../../Users/jaywest/Myeve/node_modules/@novnc/novnc/core/util/browser.js
The generated code contains 'async/await' because this module is using "topLevelAwait".
However, your target environment does not appear to support 'async/await'.
As a result, the code may not run as expected or may cause runtime errors.
 GET /api/capabilities 200 in 13ms (next.js: 2ms, application-code: 11ms)
 GET /api/update-check 200 in 4ms (next.js: 2ms, application-code: 1.8ms)
Model catalog failed Error [GatewayAuthenticationError]: AI Gateway authentication failed: No authentication provided.

Option 1 - API key:
Create an API key: https://vercel.com/d?to=%2F%5Bteam%5D%2F%7E%2Fai%2Fapi-keys
Provide via 'apiKey' option or 'AI_GATEWAY_API_KEY' environment variable.

Option 2 - Vercel access token:
Pass a Vercel personal access token or Vercel app access token via the 'apiKey' option.

Option 3 - OIDC token:
Run 'npx vercel link' to link your project, then 'vc env pull' to fetch the token.
    at async GET (app/api/models/route.ts:11:24)
   9 |
  10 |   try {
> 11 |     const { models } = await gateway.getAvailableModels();
     |                        ^
  12 |     const language = models
  13 |       .filter((model) => (model.modelType ?? "language") === "language")
  14 |       .map((model) => ({ {
  statusCode: 401,
  generationId: undefined,
  isRetryable: false,
  type: 'authentication_error',
  [cause]: Error [VercelOidcTokenError]: The 'x-vercel-oidc-token' header is missing from the request. Do you have the OIDC option enabled in the Vercel project settings?
  Unable to find project root directory. Have you linked your project with `vc link?`
      at async GET (app/api/models/route.ts:11:24)
     9 |
    10 |   try {
  > 11 |     const { models } = await gateway.getAvailableModels();
       |                        ^
    12 |     const language = models
    13 |       .filter((model) => (model.modelType ?? "language") === "language")
    14 |       .map((model) => ({ {
    cause: undefined
  }
}
 GET /api/models 503 in 30ms (next.js: 1.4ms, application-code: 28ms)
 GET /api/commands 200 in 66ms (next.js: 1.7ms, application-code: 64ms)
 GET /api/capabilities 200 in 2ms (next.js: 0.6ms, application-code: 1.6ms)
 GET /api/update-check 200 in 1.4ms (next.js: 0.4ms, application-code: 1.0ms)
 GET /api/agents 200 in 98ms (next.js: 1.8ms, application-code: 96ms)
 GET /api/goals 200 in 10ms (next.js: 1.8ms, application-code: 8ms)
 GET /api/threads 200 in 55ms (next.js: 3ms, application-code: 53ms)
 GET /api/threads/dd4f8a1b-6588-441d-a8aa-7f5bf5ddd120 404 in 40ms (next.js: 3ms, application-code: 37ms)
 GET /api/agents 200 in 35ms (next.js: 0.5ms, application-code: 35ms)
Model catalog failed Error [GatewayAuthenticationError]: AI Gateway authentication failed: No authentication provided.

Option 1 - API key:
Create an API key: https://vercel.com/d?to=%2F%5Bteam%5D%2F%7E%2Fai%2Fapi-keys
Provide via 'apiKey' option or 'AI_GATEWAY_API_KEY' environment variable.

Option 2 - Vercel access token:
Pass a Vercel personal access token or Vercel app access token via the 'apiKey' option.

Option 3 - OIDC token:
Run 'npx vercel link' to link your project, then 'vc env pull' to fetch the token.
    at async GET (app/api/models/route.ts:11:24)
   9 |
  10 |   try {
> 11 |     const { models } = await gateway.getAvailableModels();
     |                        ^
  12 |     const language = models
  13 |       .filter((model) => (model.modelType ?? "language") === "language")
  14 |       .map((model) => ({ {
  statusCode: 401,
  generationId: undefined,
  isRetryable: false,
  type: 'authentication_error',
  [cause]: Error [VercelOidcTokenError]: The 'x-vercel-oidc-token' header is missing from the request. Do you have the OIDC option enabled in the Vercel project settings?
  Unable to find project root directory. Have you linked your project with `vc link?`
      at async GET (app/api/models/route.ts:11:24)
     9 |
    10 |   try {
  > 11 |     const { models } = await gateway.getAvailableModels();
       |                        ^
    12 |     const language = models
    13 |       .filter((model) => (model.modelType ?? "language") === "language")
    14 |       .map((model) => ({ {
    cause: undefined
  }
}
 GET /api/models 503 in 3ms (next.js: 0.3ms, application-code: 3ms)
 GET /api/goals 200 in 5ms (next.js: 0.5ms, application-code: 5ms)
 GET /api/automations 200 in 68ms (next.js: 2ms, application-code: 66ms)
 GET /api/commands 200 in 2ms (next.js: 0.5ms, application-code: 1.9ms)
 GET /api/capabilities 200 in 3ms (next.js: 0.5ms, application-code: 2ms)
 GET /api/agents 200 in 63ms (next.js: 0.7ms, application-code: 63ms)
 GET /api/threads 200 in 4ms (next.js: 0.6ms, application-code: 3ms)
 GET /api/automations 200 in 3ms (next.js: 0.5ms, application-code: 2ms)
 GET /api/agents 200 in 21ms (next.js: 0.5ms, application-code: 21ms)
 GET /api/owner-data 200 in 74ms (next.js: 3ms, application-code: 70ms)
 GET /api/threads/dd4f8a1b-6588-441d-a8aa-7f5bf5ddd120 404 in 4ms (next.js: 0.4ms, application-code: 4ms)
 GET /api/threads/dd4f8a1b-6588-441d-a8aa-7f5bf5ddd120 404 in 2ms (next.js: 0.5ms, application-code: 1.9ms)
 GET /api/threads/dd4f8a1b-6588-441d-a8aa-7f5bf5ddd120 404 in 2ms (next.js: 0.6ms, application-code: 1.7ms)
 POST /api/owner-data 200 in 22ms (next.js: 0.5ms, application-code: 21ms)
Owner archive validation failed
 POST /api/owner-data 400 in 3ms (next.js: 0.8ms, application-code: 1.9ms)
Owner archive validation failed
 POST /api/owner-data 400 in 3ms (next.js: 0.6ms, application-code: 2ms)
Owner archive validation failed
 POST /api/owner-data 400 in 4ms (next.js: 0.6ms, application-code: 4ms)
Owner archive validation failed
 POST /api/owner-data 400 in 9ms (next.js: 0.5ms, application-code: 8ms)
⚠ ../../../../../Users/jaywest/Myeve/node_modules/@novnc/novnc/core/util/browser.js
The generated code contains 'async/await' because this module is using "topLevelAwait".
However, your target environment does not appear to support 'async/await'.
As a result, the code may not run as expected or may cause runtime errors.

Import trace for requested module:
../../../../../Users/jaywest/Myeve/node_modules/@novnc/novnc/core/util/browser.js
../../../../../Users/jaywest/Myeve/node_modules/@novnc/novnc/core/rfb.js
./components/computer-viewer.tsx
./components/computer-workspace.tsx
./app/chat.tsx

../../../../../Users/jaywest/Myeve/node_modules/eve/dist/src/internal/application/optional-package-install.js
Critical dependency: the request of a dependency is an expression

Import trace for requested module:
../../../../../Users/jaywest/Myeve/node_modules/eve/dist/src/internal/application/optional-package-install.js
../../../../../Users/jaywest/Myeve/node_modules/eve/dist/src/execution/sandbox/bash-tool.js
../../../../../Users/jaywest/Myeve/node_modules/eve/dist/src/public/tools/define-bash-tool.js
../../../../../Users/jaywest/Myeve/node_modules/eve/dist/src/public/tools/index.js
../../../../../Users/jaywest/Myeve/node_modules/@agent-browser/eve/dist/extension/tools/click.mjs
../../../../../Users/jaywest/Myeve/node_modules/@agent-browser/eve/dist/tools/index.mjs
./lib/readiness.ts
./app/api/readiness/route.ts
⚠ ../../../../../Users/jaywest/Myeve/node_modules/@novnc/novnc/core/util/browser.js
The generated code contains 'async/await' because this module is using "topLevelAwait".
However, your target environment does not appear to support 'async/await'.
As a result, the code may not run as expected or may cause runtime errors.

Import trace for requested module:
../../../../../Users/jaywest/Myeve/node_modules/@novnc/novnc/core/util/browser.js
../../../../../Users/jaywest/Myeve/node_modules/@novnc/novnc/core/rfb.js
./components/computer-viewer.tsx
./components/computer-workspace.tsx
./app/chat.tsx

../../../../../Users/jaywest/Myeve/node_modules/eve/dist/src/internal/application/optional-package-install.js
Critical dependency: the request of a dependency is an expression

Import trace for requested module:
../../../../../Users/jaywest/Myeve/node_modules/eve/dist/src/internal/application/optional-package-install.js
../../../../../Users/jaywest/Myeve/node_modules/eve/dist/src/execution/sandbox/bash-tool.js
../../../../../Users/jaywest/Myeve/node_modules/eve/dist/src/public/tools/define-bash-tool.js
../../../../../Users/jaywest/Myeve/node_modules/eve/dist/src/public/tools/index.js
../../../../../Users/jaywest/Myeve/node_modules/@agent-browser/eve/dist/extension/tools/click.mjs
../../../../../Users/jaywest/Myeve/node_modules/@agent-browser/eve/dist/tools/index.mjs
./lib/readiness.ts
./app/api/readiness/route.ts
 GET /chat 200 in 1122ms (next.js: 763ms, proxy.ts: 2ms, application-code: 356ms)
[browser] ../../../../../Users/jaywest/Myeve/node_modules/@novnc/novnc/core/util/browser.js
The generated code contains 'async/await' because this module is using "topLevelAwait".
However, your target environment does not appear to support 'async/await'.
As a result, the code may not run as expected or may cause runtime errors.
Model catalog failed Error [GatewayAuthenticationError]: AI Gateway authentication failed: No authentication provided.

Option 1 - API key:
Create an API key: https://vercel.com/d?to=%2F%5Bteam%5D%2F%7E%2Fai%2Fapi-keys
Provide via 'apiKey' option or 'AI_GATEWAY_API_KEY' environment variable.

Option 2 - Vercel access token:
Pass a Vercel personal access token or Vercel app access token via the 'apiKey' option.

Option 3 - OIDC token:
Run 'npx vercel link' to link your project, then 'vc env pull' to fetch the token.
    at async GET (app/api/models/route.ts:11:24)
   9 |
  10 |   try {
> 11 |     const { models } = await gateway.getAvailableModels();
     |                        ^
  12 |     const language = models
  13 |       .filter((model) => (model.modelType ?? "language") === "language")
  14 |       .map((model) => ({ {
  statusCode: 401,
  generationId: undefined,
  isRetryable: false,
  type: 'authentication_error',
  [cause]: Error [VercelOidcTokenError]: The 'x-vercel-oidc-token' header is missing from the request. Do you have the OIDC option enabled in the Vercel project settings?
  Unable to find project root directory. Have you linked your project with `vc link?`
      at async GET (app/api/models/route.ts:11:24)
     9 |
    10 |   try {
  > 11 |     const { models } = await gateway.getAvailableModels();
       |                        ^
    12 |     const language = models
    13 |       .filter((model) => (model.modelType ?? "language") === "language")
    14 |       .map((model) => ({ {
    cause: undefined
  }
}
 GET /api/models 503 in 30ms (next.js: 2ms, application-code: 28ms)
 GET /api/commands 200 in 75ms (next.js: 1.9ms, application-code: 73ms)
 GET /api/capabilities 200 in 3ms (next.js: 1.6ms, application-code: 1.8ms)
Model catalog failed Error [GatewayAuthenticationError]: AI Gateway authentication failed: No authentication provided.

Option 1 - API key:
Create an API key: https://vercel.com/d?to=%2F%5Bteam%5D%2F%7E%2Fai%2Fapi-keys
Provide via 'apiKey' option or 'AI_GATEWAY_API_KEY' environment variable.

Option 2 - Vercel access token:
Pass a Vercel personal access token or Vercel app access token via the 'apiKey' option.

Option 3 - OIDC token:
Run 'npx vercel link' to link your project, then 'vc env pull' to fetch the token.
    at async GET (app/api/models/route.ts:11:24)
   9 |
  10 |   try {
> 11 |     const { models } = await gateway.getAvailableModels();
     |                        ^
  12 |     const language = models
  13 |       .filter((model) => (model.modelType ?? "language") === "language")
  14 |       .map((model) => ({ {
  statusCode: 401,
  generationId: undefined,
  isRetryable: false,
  type: 'authentication_error',
  [cause]: Error [VercelOidcTokenError]: The 'x-vercel-oidc-token' header is missing from the request. Do you have the OIDC option enabled in the Vercel project settings?
  Unable to find project root directory. Have you linked your project with `vc link?`
      at async GET (app/api/models/route.ts:11:24)
     9 |
    10 |   try {
  > 11 |     const { models } = await gateway.getAvailableModels();
       |                        ^
    12 |     const language = models
    13 |       .filter((model) => (model.modelType ?? "language") === "language")
    14 |       .map((model) => ({ {
    cause: undefined
  }
}
 GET /api/models 503 in 3ms (next.js: 0.4ms, application-code: 2ms)
 GET /api/agents 200 in 113ms (next.js: 1.9ms, application-code: 111ms)
 GET /api/threads 200 in 28ms (next.js: 3ms, application-code: 26ms)
 GET /api/threads/fb14a8b7-6099-45a0-9bc7-bc0f9111619b 404 in 9ms (next.js: 4ms, application-code: 6ms)
 GET /api/commands 200 in 1.7ms (next.js: 0.4ms, application-code: 1.4ms)
 GET /api/agents 200 in 8ms (next.js: 0.4ms, application-code: 8ms)
 GET /api/threads 200 in 3ms (next.js: 0.5ms, application-code: 3ms)
 GET /api/threads/fb14a8b7-6099-45a0-9bc7-bc0f9111619b 404 in 1.9ms (next.js: 0.4ms, application-code: 1.5ms)
 GET /api/threads/fb14a8b7-6099-45a0-9bc7-bc0f9111619b 404 in 3ms (next.js: 0.7ms, application-code: 1.9ms)
 GET /api/task-runs?threadId=fb14a8b7-6099-45a0-9bc7-bc0f9111619b 200 in 9ms (next.js: 3ms, application-code: 5ms)
 GET /api/task-runs?threadId=fb14a8b7-6099-45a0-9bc7-bc0f9111619b 200 in 2ms (next.js: 0.6ms, application-code: 1.7ms)
 GET /api/threads/fb14a8b7-6099-45a0-9bc7-bc0f9111619b 404 in 2ms (next.js: 0.6ms, application-code: 1.9ms)
 GET /api/task-runs?threadId=fb14a8b7-6099-45a0-9bc7-bc0f9111619b 200 in 3ms (next.js: 0.4ms, application-code: 2ms)
 GET /api/task-runs?threadId=fb14a8b7-6099-45a0-9bc7-bc0f9111619b 200 in 1.9ms (next.js: 0.3ms, application-code: 1.6ms)
 GET /api/task-runs?threadId=fb14a8b7-6099-45a0-9bc7-bc0f9111619b 200 in 4ms (next.js: 0.6ms, application-code: 3ms)
 GET /api/task-runs?threadId=fb14a8b7-6099-45a0-9bc7-bc0f9111619b 200 in 2ms (next.js: 0.6ms, application-code: 1.8ms)
⚠ ../../../../../Users/jaywest/Myeve/node_modules/@novnc/novnc/core/util/browser.js
The generated code contains 'async/await' because this module is using "topLevelAwait".
However, your target environment does not appear to support 'async/await'.
As a result, the code may not run as expected or may cause runtime errors.

Import trace for requested module:
../../../../../Users/jaywest/Myeve/node_modules/@novnc/novnc/core/util/browser.js
../../../../../Users/jaywest/Myeve/node_modules/@novnc/novnc/core/rfb.js
./components/computer-viewer.tsx
./components/computer-workspace.tsx
./app/chat.tsx

../../../../../Users/jaywest/Myeve/node_modules/eve/dist/src/internal/application/optional-package-install.js
Critical dependency: the request of a dependency is an expression

Import trace for requested module:
../../../../../Users/jaywest/Myeve/node_modules/eve/dist/src/internal/application/optional-package-install.js
../../../../../Users/jaywest/Myeve/node_modules/eve/dist/src/execution/sandbox/bash-tool.js
../../../../../Users/jaywest/Myeve/node_modules/eve/dist/src/public/tools/define-bash-tool.js
../../../../../Users/jaywest/Myeve/node_modules/eve/dist/src/public/tools/index.js
../../../../../Users/jaywest/Myeve/node_modules/@agent-browser/eve/dist/extension/tools/click.mjs
../../../../../Users/jaywest/Myeve/node_modules/@agent-browser/eve/dist/tools/index.mjs
./lib/readiness.ts
./app/api/readiness/route.ts
[browser] ../../../../../Users/jaywest/Myeve/node_modules/@novnc/novnc/core/util/browser.js
The generated code contains 'async/await' because this module is using "topLevelAwait".
However, your target environment does not appear to support 'async/await'.
As a result, the code may not run as expected or may cause runtime errors.

Import trace for requested module:
../../../../../Users/jaywest/Myeve/node_modules/@novnc/novnc/core/util/browser.js
../../../../../Users/jaywest/Myeve/node_modules/@novnc/novnc/core/rfb.js
./components/computer-viewer.tsx
./components/computer-workspace.tsx
./app/chat.tsx
⚠ ../../../../../Users/jaywest/Myeve/node_modules/@novnc/novnc/core/util/browser.js
The generated code contains 'async/await' because this module is using "topLevelAwait".
However, your target environment does not appear to support 'async/await'.
As a result, the code may not run as expected or may cause runtime errors.

Import trace for requested module:
../../../../../Users/jaywest/Myeve/node_modules/@novnc/novnc/core/util/browser.js
../../../../../Users/jaywest/Myeve/node_modules/@novnc/novnc/core/rfb.js
./components/computer-viewer.tsx
./components/computer-workspace.tsx
./app/chat.tsx

../../../../../Users/jaywest/Myeve/node_modules/eve/dist/src/internal/application/optional-package-install.js
Critical dependency: the request of a dependency is an expression

Import trace for requested module:
../../../../../Users/jaywest/Myeve/node_modules/eve/dist/src/internal/application/optional-package-install.js
../../../../../Users/jaywest/Myeve/node_modules/eve/dist/src/execution/sandbox/bash-tool.js
../../../../../Users/jaywest/Myeve/node_modules/eve/dist/src/public/tools/define-bash-tool.js
../../../../../Users/jaywest/Myeve/node_modules/eve/dist/src/public/tools/index.js
../../../../../Users/jaywest/Myeve/node_modules/@agent-browser/eve/dist/extension/tools/click.mjs
../../../../../Users/jaywest/Myeve/node_modules/@agent-browser/eve/dist/tools/index.mjs
./lib/readiness.ts
./app/api/readiness/route.ts
onUploadCompleted provided but no callbackUrl could be determined. Please provide a callbackUrl in onBeforeGenerateToken or set the VERCEL_BLOB_CALLBACK_URL environment variable.
[browser] ../../../../../Users/jaywest/Myeve/node_modules/@novnc/novnc/core/util/browser.js
The generated code contains 'async/await' because this module is using "topLevelAwait".
However, your target environment does not appear to support 'async/await'.
As a result, the code may not run as expected or may cause runtime errors.

Import trace for requested module:
../../../../../Users/jaywest/Myeve/node_modules/@novnc/novnc/core/util/browser.js
../../../../../Users/jaywest/Myeve/node_modules/@novnc/novnc/core/rfb.js
./components/computer-viewer.tsx
./components/computer-workspace.tsx
./app/chat.tsx
 POST /api/files/upload 200 in 1895ms (next.js: 1583ms, application-code: 313ms)
 GET /api/files 200 in 1893ms (next.js: 1575ms, application-code: 319ms)
 POST /api/files 200 in 6ms (next.js: 0.9ms, application-code: 5ms)
⚠ ../../../../../Users/jaywest/Myeve/node_modules/@novnc/novnc/core/util/browser.js
The generated code contains 'async/await' because this module is using "topLevelAwait".
However, your target environment does not appear to support 'async/await'.
As a result, the code may not run as expected or may cause runtime errors.

Import trace for requested module:
../../../../../Users/jaywest/Myeve/node_modules/@novnc/novnc/core/util/browser.js
../../../../../Users/jaywest/Myeve/node_modules/@novnc/novnc/core/rfb.js
./components/computer-viewer.tsx
./components/computer-workspace.tsx
./app/chat.tsx

../../../../../Users/jaywest/Myeve/node_modules/eve/dist/src/internal/application/optional-package-install.js
Critical dependency: the request of a dependency is an expression

Import trace for requested module:
../../../../../Users/jaywest/Myeve/node_modules/eve/dist/src/internal/application/optional-package-install.js
../../../../../Users/jaywest/Myeve/node_modules/eve/dist/src/execution/sandbox/bash-tool.js
../../../../../Users/jaywest/Myeve/node_modules/eve/dist/src/public/tools/define-bash-tool.js
../../../../../Users/jaywest/Myeve/node_modules/eve/dist/src/public/tools/index.js
../../../../../Users/jaywest/Myeve/node_modules/@agent-browser/eve/dist/extension/tools/click.mjs
../../../../../Users/jaywest/Myeve/node_modules/@agent-browser/eve/dist/tools/index.mjs
./lib/readiness.ts
./app/api/readiness/route.ts
[browser] ../../../../../Users/jaywest/Myeve/node_modules/@novnc/novnc/core/util/browser.js
The generated code contains 'async/await' because this module is using "topLevelAwait".
However, your target environment does not appear to support 'async/await'.
As a result, the code may not run as expected or may cause runtime errors.

Import trace for requested module:
../../../../../Users/jaywest/Myeve/node_modules/@novnc/novnc/core/util/browser.js
../../../../../Users/jaywest/Myeve/node_modules/@novnc/novnc/core/rfb.js
./components/computer-viewer.tsx
./components/computer-workspace.tsx
./app/chat.tsx
⚠ ../../../../../Users/jaywest/Myeve/node_modules/@novnc/novnc/core/util/browser.js
The generated code contains 'async/await' because this module is using "topLevelAwait".
However, your target environment does not appear to support 'async/await'.
As a result, the code may not run as expected or may cause runtime errors.

Import trace for requested module:
../../../../../Users/jaywest/Myeve/node_modules/@novnc/novnc/core/util/browser.js
../../../../../Users/jaywest/Myeve/node_modules/@novnc/novnc/core/rfb.js
./components/computer-viewer.tsx
./components/computer-workspace.tsx
./app/chat.tsx

../../../../../Users/jaywest/Myeve/node_modules/eve/dist/src/internal/application/optional-package-install.js
Critical dependency: the request of a dependency is an expression

Import trace for requested module:
../../../../../Users/jaywest/Myeve/node_modules/eve/dist/src/internal/application/optional-package-install.js
../../../../../Users/jaywest/Myeve/node_modules/eve/dist/src/execution/sandbox/bash-tool.js
../../../../../Users/jaywest/Myeve/node_modules/eve/dist/src/public/tools/define-bash-tool.js
../../../../../Users/jaywest/Myeve/node_modules/eve/dist/src/public/tools/index.js
../../../../../Users/jaywest/Myeve/node_modules/@agent-browser/eve/dist/extension/tools/click.mjs
../../../../../Users/jaywest/Myeve/node_modules/@agent-browser/eve/dist/tools/index.mjs
./lib/readiness.ts
./app/api/readiness/route.ts
[browser] ../../../../../Users/jaywest/Myeve/node_modules/@novnc/novnc/core/util/browser.js
The generated code contains 'async/await' because this module is using "topLevelAwait".
However, your target environment does not appear to support 'async/await'.
As a result, the code may not run as expected or may cause runtime errors.

Import trace for requested module:
../../../../../Users/jaywest/Myeve/node_modules/@novnc/novnc/core/util/browser.js
../../../../../Users/jaywest/Myeve/node_modules/@novnc/novnc/core/rfb.js
./components/computer-viewer.tsx
./components/computer-workspace.tsx
./app/chat.tsx
 GET /api/files 200 in 1375ms (next.js: 1148ms, application-code: 227ms)
 GET /api/files 200 in 3ms (next.js: 0.6ms, application-code: 2.0ms)
 GET /api/files/cd147460-f5f6-4c43-886c-67d3d2de414f/content 500 in 1956ms (next.js: 1950ms, application-code: 5ms)
[eve:dev] [eve:dev] change detected (1 event: change agent/lib/effect/chat-files.ts), rebuilding authored artifacts...
[browser] ../../../../../Users/jaywest/Myeve/node_modules/@novnc/novnc/core/util/browser.js
The generated code contains 'async/await' because this module is using "topLevelAwait".
However, your target environment does not appear to support 'async/await'.
As a result, the code may not run as expected or may cause runtime errors.

Import trace for requested module:
../../../../../Users/jaywest/Myeve/node_modules/@novnc/novnc/core/util/browser.js
../../../../../Users/jaywest/Myeve/node_modules/@novnc/novnc/core/rfb.js
./components/computer-viewer.tsx
./components/computer-workspace.tsx
./app/chat.tsx
⚠ ../../../../../Users/jaywest/Myeve/node_modules/@novnc/novnc/core/util/browser.js
The generated code contains 'async/await' because this module is using "topLevelAwait".
However, your target environment does not appear to support 'async/await'.
As a result, the code may not run as expected or may cause runtime errors.

Import trace for requested module:
../../../../../Users/jaywest/Myeve/node_modules/@novnc/novnc/core/util/browser.js
../../../../../Users/jaywest/Myeve/node_modules/@novnc/novnc/core/rfb.js
./components/computer-viewer.tsx
./components/computer-workspace.tsx
./app/chat.tsx

../../../../../Users/jaywest/Myeve/node_modules/eve/dist/src/internal/application/optional-package-install.js
Critical dependency: the request of a dependency is an expression

Import trace for requested module:
../../../../../Users/jaywest/Myeve/node_modules/eve/dist/src/internal/application/optional-package-install.js
../../../../../Users/jaywest/Myeve/node_modules/eve/dist/src/execution/sandbox/bash-tool.js
../../../../../Users/jaywest/Myeve/node_modules/eve/dist/src/public/tools/define-bash-tool.js
../../../../../Users/jaywest/Myeve/node_modules/eve/dist/src/public/tools/index.js
../../../../../Users/jaywest/Myeve/node_modules/@agent-browser/eve/dist/extension/tools/click.mjs
../../../../../Users/jaywest/Myeve/node_modules/@agent-browser/eve/dist/tools/index.mjs
./lib/readiness.ts
./app/api/readiness/route.ts
[browser] ../../../../../Users/jaywest/Myeve/node_modules/@novnc/novnc/core/util/browser.js
The generated code contains 'async/await' because this module is using "topLevelAwait".
However, your target environment does not appear to support 'async/await'.
As a result, the code may not run as expected or may cause runtime errors.

Import trace for requested module:
../../../../../Users/jaywest/Myeve/node_modules/@novnc/novnc/core/util/browser.js
../../../../../Users/jaywest/Myeve/node_modules/@novnc/novnc/core/rfb.js
./components/computer-viewer.tsx
./components/computer-workspace.tsx
./app/chat.tsx
 GET /chat 200 in 64ms (next.js: 49ms, proxy.ts: 1.9ms, application-code: 13ms)
[eve:dev] ../../../../../Users/jaywest/Myeve/node_modules/@vercel/otel/dist/node/index.js (23:28893) [EVAL] Use of direct `eval` function is strongly discouraged as it poses security risks and may cause issues with minification.
[eve:dev]  - Use of direct `eval` here. in ../../../../../../../../../../../../Users/jaywest/Myeve/node_modules/@vercel/otel/dist/node/index.js at 254579..254583
[eve:dev]   │
[eve:dev]   │ Help: Consider using indirect eval. For more information, check the documentation: https://rolldown.rs/guide/troubleshooting#avoiding-direct-eval
[eve:dev] ../../../../../Users/jaywest/Myeve/node_modules/@vercel/otel/dist/node/index.js (23:28893) [EVAL] Use of direct `eval` function is strongly discouraged as it poses security risks and may cause issues with minification.
[eve:dev]  - Use of direct `eval` here. in ../../../../../../../../../../../../Users/jaywest/Myeve/node_modules/@vercel/otel/dist/node/index.js at 254579..254583
[eve:dev]   │
[eve:dev]   │ Help: Consider using indirect eval. For more information, check the documentation: https://rolldown.rs/guide/troubleshooting#avoiding-direct-eval
 GET /api/task-runs?threadId=fb14a8b7-6099-45a0-9bc7-bc0f9111619b 200 in 12ms (next.js: 2ms, application-code: 10ms)
[eve:dev] [eve:dev] authored artifacts updated.
 GET /chat 200 in 519ms (next.js: 7ms, proxy.ts: 2ms, application-code: 510ms)
[browser] ../../../../../Users/jaywest/Myeve/node_modules/@novnc/novnc/core/util/browser.js
The generated code contains 'async/await' because this module is using "topLevelAwait".
However, your target environment does not appear to support 'async/await'.
As a result, the code may not run as expected or may cause runtime errors.
Model catalog failed Error [GatewayAuthenticationError]: AI Gateway authentication failed: No authentication provided.

Option 1 - API key:
Create an API key: https://vercel.com/d?to=%2F%5Bteam%5D%2F%7E%2Fai%2Fapi-keys
Provide via 'apiKey' option or 'AI_GATEWAY_API_KEY' environment variable.

Option 2 - Vercel access token:
Pass a Vercel personal access token or Vercel app access token via the 'apiKey' option.

Option 3 - OIDC token:
Run 'npx vercel link' to link your project, then 'vc env pull' to fetch the token.
    at async GET (app/api/models/route.ts:11:24)
   9 |
  10 |   try {
> 11 |     const { models } = await gateway.getAvailableModels();
     |                        ^
  12 |     const language = models
  13 |       .filter((model) => (model.modelType ?? "language") === "language")
  14 |       .map((model) => ({ {
  statusCode: 401,
  generationId: undefined,
  isRetryable: false,
  type: 'authentication_error',
  [cause]: Error [VercelOidcTokenError]: The 'x-vercel-oidc-token' header is missing from the request. Do you have the OIDC option enabled in the Vercel project settings?
  Unable to find project root directory. Have you linked your project with `vc link?`
      at async GET (app/api/models/route.ts:11:24)
     9 |
    10 |   try {
  > 11 |     const { models } = await gateway.getAvailableModels();
       |                        ^
    12 |     const language = models
    13 |       .filter((model) => (model.modelType ?? "language") === "language")
    14 |       .map((model) => ({ {
    cause: undefined
  }
}
 GET /api/models 503 in 36ms (next.js: 4ms, application-code: 32ms)
 GET /api/commands 200 in 68ms (next.js: 4ms, application-code: 65ms)
 GET /api/capabilities 200 in 5ms (next.js: 3ms, application-code: 2ms)
Model catalog failed Error [GatewayAuthenticationError]: AI Gateway authentication failed: No authentication provided.

Option 1 - API key:
Create an API key: https://vercel.com/d?to=%2F%5Bteam%5D%2F%7E%2Fai%2Fapi-keys
Provide via 'apiKey' option or 'AI_GATEWAY_API_KEY' environment variable.

Option 2 - Vercel access token:
Pass a Vercel personal access token or Vercel app access token via the 'apiKey' option.

Option 3 - OIDC token:
Run 'npx vercel link' to link your project, then 'vc env pull' to fetch the token.
    at async GET (app/api/models/route.ts:11:24)
   9 |
  10 |   try {
> 11 |     const { models } = await gateway.getAvailableModels();
     |                        ^
  12 |     const language = models
  13 |       .filter((model) => (model.modelType ?? "language") === "language")
  14 |       .map((model) => ({ {
  statusCode: 401,
  generationId: undefined,
  isRetryable: false,
  type: 'authentication_error',
  [cause]: Error [VercelOidcTokenError]: The 'x-vercel-oidc-token' header is missing from the request. Do you have the OIDC option enabled in the Vercel project settings?
  Unable to find project root directory. Have you linked your project with `vc link?`
      at async GET (app/api/models/route.ts:11:24)
     9 |
    10 |   try {
  > 11 |     const { models } = await gateway.getAvailableModels();
       |                        ^
    12 |     const language = models
    13 |       .filter((model) => (model.modelType ?? "language") === "language")
    14 |       .map((model) => ({ {
    cause: undefined
  }
}
 GET /api/models 503 in 3ms (next.js: 0.6ms, application-code: 3ms)
 GET /api/agents 200 in 125ms (next.js: 5ms, application-code: 120ms)
 GET /api/threads 200 in 44ms (next.js: 7ms, application-code: 37ms)
 GET /api/commands 200 in 2ms (next.js: 0.5ms, application-code: 1.9ms)
 GET /api/agents 200 in 15ms (next.js: 0.5ms, application-code: 14ms)
 GET /api/threads 200 in 4ms (next.js: 0.7ms, application-code: 3ms)
 GET /api/threads/b6f94520-61ed-47ea-9e57-5e6e903e5134 404 in 28ms (next.js: 8ms, application-code: 20ms)
 GET /api/threads/b6f94520-61ed-47ea-9e57-5e6e903e5134 404 in 2ms (next.js: 0.7ms, application-code: 1.7ms)
 GET /api/threads/b6f94520-61ed-47ea-9e57-5e6e903e5134 404 in 3ms (next.js: 0.7ms, application-code: 1.9ms)
 GET /api/task-runs?threadId=b6f94520-61ed-47ea-9e57-5e6e903e5134 200 in 9ms (next.js: 0.7ms, application-code: 9ms)
 GET /api/task-runs?threadId=b6f94520-61ed-47ea-9e57-5e6e903e5134 200 in 4ms (next.js: 0.9ms, application-code: 4ms)
 GET /api/threads/b6f94520-61ed-47ea-9e57-5e6e903e5134 404 in 3ms (next.js: 0.6ms, application-code: 2ms)
 GET /api/task-runs?threadId=b6f94520-61ed-47ea-9e57-5e6e903e5134 200 in 4ms (next.js: 0.7ms, application-code: 3ms)
 GET /api/task-runs?threadId=b6f94520-61ed-47ea-9e57-5e6e903e5134 200 in 3ms (next.js: 0.7ms, application-code: 2.0ms)
 GET /api/task-runs?threadId=b6f94520-61ed-47ea-9e57-5e6e903e5134 200 in 4ms (next.js: 0.9ms, application-code: 4ms)
 GET /api/task-runs?threadId=b6f94520-61ed-47ea-9e57-5e6e903e5134 200 in 3ms (next.js: 0.6ms, application-code: 2ms)
 GET /api/files 200 in 138ms (next.js: 11ms, application-code: 127ms)
⚠ ../../../../../Users/jaywest/Myeve/node_modules/@novnc/novnc/core/util/browser.js
The generated code contains 'async/await' because this module is using "topLevelAwait".
However, your target environment does not appear to support 'async/await'.
As a result, the code may not run as expected or may cause runtime errors.

Import trace for requested module:
../../../../../Users/jaywest/Myeve/node_modules/@novnc/novnc/core/util/browser.js
../../../../../Users/jaywest/Myeve/node_modules/@novnc/novnc/core/rfb.js
./components/computer-viewer.tsx
./components/computer-workspace.tsx
./app/chat.tsx

../../../../../Users/jaywest/Myeve/node_modules/eve/dist/src/internal/application/optional-package-install.js
Critical dependency: the request of a dependency is an expression

Import trace for requested module:
../../../../../Users/jaywest/Myeve/node_modules/eve/dist/src/internal/application/optional-package-install.js
../../../../../Users/jaywest/Myeve/node_modules/eve/dist/src/execution/sandbox/bash-tool.js
../../../../../Users/jaywest/Myeve/node_modules/eve/dist/src/public/tools/define-bash-tool.js
../../../../../Users/jaywest/Myeve/node_modules/eve/dist/src/public/tools/index.js
../../../../../Users/jaywest/Myeve/node_modules/@agent-browser/eve/dist/extension/tools/click.mjs
../../../../../Users/jaywest/Myeve/node_modules/@agent-browser/eve/dist/tools/index.mjs
./lib/readiness.ts
./app/api/readiness/route.ts
⚠ ../../../../../Users/jaywest/Myeve/node_modules/@novnc/novnc/core/util/browser.js
The generated code contains 'async/await' because this module is using "topLevelAwait".
However, your target environment does not appear to support 'async/await'.
As a result, the code may not run as expected or may cause runtime errors.

Import trace for requested module:
../../../../../Users/jaywest/Myeve/node_modules/@novnc/novnc/core/util/browser.js
../../../../../Users/jaywest/Myeve/node_modules/@novnc/novnc/core/rfb.js
./components/computer-viewer.tsx
./components/computer-workspace.tsx
./app/chat.tsx

../../../../../Users/jaywest/Myeve/node_modules/eve/dist/src/internal/application/optional-package-install.js
Critical dependency: the request of a dependency is an expression

Import trace for requested module:
../../../../../Users/jaywest/Myeve/node_modules/eve/dist/src/internal/application/optional-package-install.js
../../../../../Users/jaywest/Myeve/node_modules/eve/dist/src/execution/sandbox/bash-tool.js
../../../../../Users/jaywest/Myeve/node_modules/eve/dist/src/public/tools/define-bash-tool.js
../../../../../Users/jaywest/Myeve/node_modules/eve/dist/src/public/tools/index.js
../../../../../Users/jaywest/Myeve/node_modules/@agent-browser/eve/dist/extension/tools/click.mjs
../../../../../Users/jaywest/Myeve/node_modules/@agent-browser/eve/dist/tools/index.mjs
./lib/readiness.ts
./app/api/readiness/route.ts

▲ Next.js 16.3.5 (webpack)
- Local:         http://127.0.0.1:3073
- Network:       http://127.0.0.1:3073
✓ Ready in 610ms
✓ Running next.config.ts took 195ms
[eve:dev] ../../../../../Users/jaywest/Myeve/node_modules/@vercel/otel/dist/node/index.js (23:28893) [EVAL] Use of direct `eval` function is strongly discouraged as it poses security risks and may cause issues with minification.
[eve:dev]  - Use of direct `eval` here. in ../../../../../../../../../../../../Users/jaywest/Myeve/node_modules/@vercel/otel/dist/node/index.js at 254579..254583
[eve:dev]   │
[eve:dev]   │ Help: Consider using indirect eval. For more information, check the documentation: https://rolldown.rs/guide/troubleshooting#avoiding-direct-eval
[eve:dev] ../../../../../Users/jaywest/Myeve/node_modules/@vercel/otel/dist/node/index.js (23:28893) [EVAL] Use of direct `eval` function is strongly discouraged as it poses security risks and may cause issues with minification.
[eve:dev]  - Use of direct `eval` here. in ../../../../../../../../../../../../Users/jaywest/Myeve/node_modules/@vercel/otel/dist/node/index.js at 254579..254583
[eve:dev]   │
[eve:dev]   │ Help: Consider using indirect eval. For more information, check the documentation: https://rolldown.rs/guide/troubleshooting#avoiding-direct-eval
[eve:dev] (node:75380) [DEP0040] DeprecationWarning: The `punycode` module is deprecated. Please use a userland alternative instead.
[eve:dev] (Use `node --trace-deprecation ...` to show where the warning was created)
[eve:dev] (node:75380) [DEP0040] DeprecationWarning: The `punycode` module is deprecated. Please use a userland alternative instead.
[eve:dev] (Use `node --trace-deprecation ...` to show where the warning was created)
[eve:dev] server listening at http://127.0.0.1:50151/

○ Compiling /goals ...
⚠ ../../../../../Users/jaywest/Myeve/node_modules/@novnc/novnc/core/util/browser.js
The generated code contains 'async/await' because this module is using "topLevelAwait".
However, your target environment does not appear to support 'async/await'.
As a result, the code may not run as expected or may cause runtime errors.

Import trace for requested module:
../../../../../Users/jaywest/Myeve/node_modules/@novnc/novnc/core/util/browser.js
../../../../../Users/jaywest/Myeve/node_modules/@novnc/novnc/core/rfb.js
./components/computer-viewer.tsx
./components/computer-workspace.tsx
./app/chat.tsx
 GET /goals 200 in 4.9s (next.js: 4.4s, proxy.ts: 105ms, application-code: 439ms)
[browser] ../../../../../Users/jaywest/Myeve/node_modules/@novnc/novnc/core/util/browser.js
The generated code contains 'async/await' because this module is using "topLevelAwait".
However, your target environment does not appear to support 'async/await'.
As a result, the code may not run as expected or may cause runtime errors.
⚠ ../../../../../Users/jaywest/Myeve/node_modules/@novnc/novnc/core/util/browser.js
The generated code contains 'async/await' because this module is using "topLevelAwait".
However, your target environment does not appear to support 'async/await'.
As a result, the code may not run as expected or may cause runtime errors.

Import trace for requested module:
../../../../../Users/jaywest/Myeve/node_modules/@novnc/novnc/core/util/browser.js
../../../../../Users/jaywest/Myeve/node_modules/@novnc/novnc/core/rfb.js
./components/computer-viewer.tsx
./components/computer-workspace.tsx
./app/chat.tsx
[browser] ../../../../../Users/jaywest/Myeve/node_modules/@novnc/novnc/core/util/browser.js
The generated code contains 'async/await' because this module is using "topLevelAwait".
However, your target environment does not appear to support 'async/await'.
As a result, the code may not run as expected or may cause runtime errors.

Import trace for requested module:
../../../../../Users/jaywest/Myeve/node_modules/@novnc/novnc/core/util/browser.js
../../../../../Users/jaywest/Myeve/node_modules/@novnc/novnc/core/rfb.js
./components/computer-viewer.tsx
./components/computer-workspace.tsx
./app/chat.tsx
⚠ ../../../../../Users/jaywest/Myeve/node_modules/@novnc/novnc/core/util/browser.js
The generated code contains 'async/await' because this module is using "topLevelAwait".
However, your target environment does not appear to support 'async/await'.
As a result, the code may not run as expected or may cause runtime errors.

Import trace for requested module:
../../../../../Users/jaywest/Myeve/node_modules/@novnc/novnc/core/util/browser.js
../../../../../Users/jaywest/Myeve/node_modules/@novnc/novnc/core/rfb.js
./components/computer-viewer.tsx
./components/computer-workspace.tsx
./app/chat.tsx
Model catalog failed Error [GatewayAuthenticationError]: AI Gateway authentication failed: No authentication provided.

Option 1 - API key:
Create an API key: https://vercel.com/d?to=%2F%5Bteam%5D%2F%7E%2Fai%2Fapi-keys
Provide via 'apiKey' option or 'AI_GATEWAY_API_KEY' environment variable.

Option 2 - Vercel access token:
Pass a Vercel personal access token or Vercel app access token via the 'apiKey' option.

Option 3 - OIDC token:
Run 'npx vercel link' to link your project, then 'vc env pull' to fetch the token.
    at async GET (app/api/models/route.ts:11:24)
   9 |
  10 |   try {
> 11 |     const { models } = await gateway.getAvailableModels();
     |                        ^
  12 |     const language = models
  13 |       .filter((model) => (model.modelType ?? "language") === "language")
  14 |       .map((model) => ({ {
  statusCode: 401,
  generationId: undefined,
  isRetryable: false,
  type: 'authentication_error',
  [cause]: Error [VercelOidcTokenError]: The 'x-vercel-oidc-token' header is missing from the request. Do you have the OIDC option enabled in the Vercel project settings?
  Unable to find project root directory. Have you linked your project with `vc link?`
      at async GET (app/api/models/route.ts:11:24)
     9 |
    10 |   try {
  > 11 |     const { models } = await gateway.getAvailableModels();
       |                        ^
    12 |     const language = models
    13 |       .filter((model) => (model.modelType ?? "language") === "language")
    14 |       .map((model) => ({ {
    cause: undefined
  }
}
 GET /api/models 503 in 2.5s (next.js: 2.3s, application-code: 241ms)
[browser] ../../../../../Users/jaywest/Myeve/node_modules/@novnc/novnc/core/util/browser.js
The generated code contains 'async/await' because this module is using "topLevelAwait".
However, your target environment does not appear to support 'async/await'.
As a result, the code may not run as expected or may cause runtime errors.

Import trace for requested module:
../../../../../Users/jaywest/Myeve/node_modules/@novnc/novnc/core/util/browser.js
../../../../../Users/jaywest/Myeve/node_modules/@novnc/novnc/core/rfb.js
./components/computer-viewer.tsx
./components/computer-workspace.tsx
./app/chat.tsx
 GET /api/commands 200 in 2.5s (next.js: 2.3s, application-code: 249ms)
 GET /api/goals 200 in 2.6s (next.js: 2.3s, application-code: 253ms)
⚠ ../../../../../Users/jaywest/Myeve/node_modules/@novnc/novnc/core/util/browser.js
The generated code contains 'async/await' because this module is using "topLevelAwait".
However, your target environment does not appear to support 'async/await'.
As a result, the code may not run as expected or may cause runtime errors.

Import trace for requested module:
../../../../../Users/jaywest/Myeve/node_modules/@novnc/novnc/core/util/browser.js
../../../../../Users/jaywest/Myeve/node_modules/@novnc/novnc/core/rfb.js
./components/computer-viewer.tsx
./components/computer-workspace.tsx
./app/chat.tsx
 GET /api/agents 200 in 2.6s (next.js: 2.3s, application-code: 272ms)
 GET /api/threads 200 in 2.0s (next.js: 1741ms, application-code: 273ms)
 GET /api/goals/focus 200 in 2.6s (next.js: 2.3s, application-code: 291ms)
[browser] ../../../../../Users/jaywest/Myeve/node_modules/@novnc/novnc/core/util/browser.js
The generated code contains 'async/await' because this module is using "topLevelAwait".
However, your target environment does not appear to support 'async/await'.
As a result, the code may not run as expected or may cause runtime errors.

Import trace for requested module:
../../../../../Users/jaywest/Myeve/node_modules/@novnc/novnc/core/util/browser.js
../../../../../Users/jaywest/Myeve/node_modules/@novnc/novnc/core/rfb.js
./components/computer-viewer.tsx
./components/computer-workspace.tsx
./app/chat.tsx
⚠ ../../../../../Users/jaywest/Myeve/node_modules/@novnc/novnc/core/util/browser.js
The generated code contains 'async/await' because this module is using "topLevelAwait".
However, your target environment does not appear to support 'async/await'.
As a result, the code may not run as expected or may cause runtime errors.

Import trace for requested module:
../../../../../Users/jaywest/Myeve/node_modules/@novnc/novnc/core/util/browser.js
../../../../../Users/jaywest/Myeve/node_modules/@novnc/novnc/core/rfb.js
./components/computer-viewer.tsx
./components/computer-workspace.tsx
./app/chat.tsx
Model catalog failed Error [GatewayAuthenticationError]: AI Gateway authentication failed: No authentication provided.

Option 1 - API key:
Create an API key: https://vercel.com/d?to=%2F%5Bteam%5D%2F%7E%2Fai%2Fapi-keys
Provide via 'apiKey' option or 'AI_GATEWAY_API_KEY' environment variable.

Option 2 - Vercel access token:
Pass a Vercel personal access token or Vercel app access token via the 'apiKey' option.

Option 3 - OIDC token:
Run 'npx vercel link' to link your project, then 'vc env pull' to fetch the token.
    at async GET (app/api/models/route.ts:11:24)
   9 |
  10 |   try {
> 11 |     const { models } = await gateway.getAvailableModels();
     |                        ^
  12 |     const language = models
  13 |       .filter((model) => (model.modelType ?? "language") === "language")
  14 |       .map((model) => ({ {
  statusCode: 401,
  generationId: undefined,
  isRetryable: false,
  type: 'authentication_error',
  [cause]: Error [VercelOidcTokenError]: The 'x-vercel-oidc-token' header is missing from the request. Do you have the OIDC option enabled in the Vercel project settings?
  Unable to find project root directory. Have you linked your project with `vc link?`
      at async GET (app/api/models/route.ts:11:24)
     9 |
    10 |   try {
  > 11 |     const { models } = await gateway.getAvailableModels();
       |                        ^
    12 |     const language = models
    13 |       .filter((model) => (model.modelType ?? "language") === "language")
    14 |       .map((model) => ({ {
    cause: undefined
  }
}
 GET /api/models 503 in 903ms (next.js: 735ms, application-code: 167ms)
 GET /api/capabilities 200 in 926ms (next.js: 758ms, application-code: 168ms)
[browser] ../../../../../Users/jaywest/Myeve/node_modules/@novnc/novnc/core/util/browser.js
The generated code contains 'async/await' because this module is using "topLevelAwait".
However, your target environment does not appear to support 'async/await'.
As a result, the code may not run as expected or may cause runtime errors.

Import trace for requested module:
../../../../../Users/jaywest/Myeve/node_modules/@novnc/novnc/core/util/browser.js
../../../../../Users/jaywest/Myeve/node_modules/@novnc/novnc/core/rfb.js
./components/computer-viewer.tsx
./components/computer-workspace.tsx
./app/chat.tsx
 GET /api/commands 200 in 900ms (next.js: 730ms, application-code: 170ms)
 GET /api/goals 200 in 813ms (next.js: 648ms, application-code: 164ms)
 GET /api/agents 200 in 104ms (next.js: 2ms, application-code: 102ms)
⚠ ../../../../../Users/jaywest/Myeve/node_modules/@novnc/novnc/core/util/browser.js
The generated code contains 'async/await' because this module is using "topLevelAwait".
However, your target environment does not appear to support 'async/await'.
As a result, the code may not run as expected or may cause runtime errors.

Import trace for requested module:
../../../../../Users/jaywest/Myeve/node_modules/@novnc/novnc/core/util/browser.js
../../../../../Users/jaywest/Myeve/node_modules/@novnc/novnc/core/rfb.js
./components/computer-viewer.tsx
./components/computer-workspace.tsx
./app/chat.tsx
 GET /api/goals/focus 200 in 97ms (next.js: 2ms, application-code: 95ms)
 GET /api/threads 200 in 107ms (next.js: 3ms, application-code: 105ms)
 GET /goals 200 in 325ms (next.js: 68ms, proxy.ts: 217ms, application-code: 40ms)
 GET /api/threads/839f183d-cce6-4792-8776-3d9a8bdbfbeb 404 in 1061ms (next.js: 1057ms, application-code: 3ms)
[browser] ../../../../../Users/jaywest/Myeve/node_modules/@novnc/novnc/core/util/browser.js
The generated code contains 'async/await' because this module is using "topLevelAwait".
However, your target environment does not appear to support 'async/await'.
As a result, the code may not run as expected or may cause runtime errors.

Import trace for requested module:
../../../../../Users/jaywest/Myeve/node_modules/@novnc/novnc/core/util/browser.js
../../../../../Users/jaywest/Myeve/node_modules/@novnc/novnc/core/rfb.js
./components/computer-viewer.tsx
./components/computer-workspace.tsx
./app/chat.tsx
⚠ ../../../../../Users/jaywest/Myeve/node_modules/@novnc/novnc/core/util/browser.js
The generated code contains 'async/await' because this module is using "topLevelAwait".
However, your target environment does not appear to support 'async/await'.
As a result, the code may not run as expected or may cause runtime errors.

Import trace for requested module:
../../../../../Users/jaywest/Myeve/node_modules/@novnc/novnc/core/util/browser.js
../../../../../Users/jaywest/Myeve/node_modules/@novnc/novnc/core/rfb.js
./components/computer-viewer.tsx
./components/computer-workspace.tsx
./app/chat.tsx
[browser] ../../../../../Users/jaywest/Myeve/node_modules/@novnc/novnc/core/util/browser.js
The generated code contains 'async/await' because this module is using "topLevelAwait".
However, your target environment does not appear to support 'async/await'.
As a result, the code may not run as expected or may cause runtime errors.

Import trace for requested module:
../../../../../Users/jaywest/Myeve/node_modules/@novnc/novnc/core/util/browser.js
../../../../../Users/jaywest/Myeve/node_modules/@novnc/novnc/core/rfb.js
./components/computer-viewer.tsx
./components/computer-workspace.tsx
./app/chat.tsx
 GET /api/threads/839f183d-cce6-4792-8776-3d9a8bdbfbeb 404 in 712ms (next.js: 686ms, application-code: 26ms)
 GET /api/threads/839f183d-cce6-4792-8776-3d9a8bdbfbeb 404 in 2ms (next.js: 0.5ms, application-code: 1.6ms)
 GET /api/threads/839f183d-cce6-4792-8776-3d9a8bdbfbeb 404 in 1.8ms (next.js: 0.4ms, application-code: 1.4ms)
⚠ ../../../../../Users/jaywest/Myeve/node_modules/@novnc/novnc/core/util/browser.js
The generated code contains 'async/await' because this module is using "topLevelAwait".
However, your target environment does not appear to support 'async/await'.
As a result, the code may not run as expected or may cause runtime errors.

Import trace for requested module:
../../../../../Users/jaywest/Myeve/node_modules/@novnc/novnc/core/util/browser.js
../../../../../Users/jaywest/Myeve/node_modules/@novnc/novnc/core/rfb.js
./components/computer-viewer.tsx
./components/computer-workspace.tsx
./app/chat.tsx
 GET /api/goals/goal_b96e7077-00db-43dd-913c-372f69f9301e 200 in 1037ms (next.js: 1027ms, application-code: 10ms)
⚠ ../../../../../Users/jaywest/Myeve/node_modules/@novnc/novnc/core/util/browser.js
The generated code contains 'async/await' because this module is using "topLevelAwait".
However, your target environment does not appear to support 'async/await'.
As a result, the code may not run as expected or may cause runtime errors.

Import trace for requested module:
../../../../../Users/jaywest/Myeve/node_modules/@novnc/novnc/core/util/browser.js
../../../../../Users/jaywest/Myeve/node_modules/@novnc/novnc/core/rfb.js
./components/computer-viewer.tsx
./components/computer-workspace.tsx
./app/chat.tsx
[browser] ../../../../../Users/jaywest/Myeve/node_modules/@novnc/novnc/core/util/browser.js
The generated code contains 'async/await' because this module is using "topLevelAwait".
However, your target environment does not appear to support 'async/await'.
As a result, the code may not run as expected or may cause runtime errors.

Import trace for requested module:
../../../../../Users/jaywest/Myeve/node_modules/@novnc/novnc/core/util/browser.js
../../../../../Users/jaywest/Myeve/node_modules/@novnc/novnc/core/rfb.js
./components/computer-viewer.tsx
./components/computer-workspace.tsx
./app/chat.tsx
 GET /api/task-runs?threadId=839f183d-cce6-4792-8776-3d9a8bdbfbeb 200 in 411ms (next.js: 394ms, application-code: 17ms)
 GET /api/task-runs?threadId=839f183d-cce6-4792-8776-3d9a8bdbfbeb 200 in 407ms (next.js: 389ms, application-code: 18ms)
 GET /api/goals 200 in 11ms (next.js: 1.8ms, application-code: 9ms)
 GET /api/goals 200 in 4ms (next.js: 0.4ms, application-code: 4ms)
 GET /api/goals/focus 200 in 11ms (next.js: 1.8ms, application-code: 10ms)
 GET /api/goals/focus 200 in 8ms (next.js: 0.5ms, application-code: 7ms)
 GET /api/goals/goal_b96e7077-00db-43dd-913c-372f69f9301e 200 in 9ms (next.js: 3ms, application-code: 5ms)
⚠ ../../../../../Users/jaywest/Myeve/node_modules/@novnc/novnc/core/util/browser.js
The generated code contains 'async/await' because this module is using "topLevelAwait".
However, your target environment does not appear to support 'async/await'.
As a result, the code may not run as expected or may cause runtime errors.

Import trace for requested module:
../../../../../Users/jaywest/Myeve/node_modules/@novnc/novnc/core/util/browser.js
../../../../../Users/jaywest/Myeve/node_modules/@novnc/novnc/core/rfb.js
./components/computer-viewer.tsx
./components/computer-workspace.tsx
./app/chat.tsx
⚠ ../../../../../Users/jaywest/Myeve/node_modules/@novnc/novnc/core/util/browser.js
The generated code contains 'async/await' because this module is using "topLevelAwait".
However, your target environment does not appear to support 'async/await'.
As a result, the code may not run as expected or may cause runtime errors.

Import trace for requested module:
../../../../../Users/jaywest/Myeve/node_modules/@novnc/novnc/core/util/browser.js
../../../../../Users/jaywest/Myeve/node_modules/@novnc/novnc/core/rfb.js
./components/computer-viewer.tsx
./components/computer-workspace.tsx
./app/chat.tsx
⚠ ../../../../../Users/jaywest/Myeve/node_modules/@novnc/novnc/core/util/browser.js
The generated code contains 'async/await' because this module is using "topLevelAwait".
However, your target environment does not appear to support 'async/await'.
As a result, the code may not run as expected or may cause runtime errors.

Import trace for requested module:
../../../../../Users/jaywest/Myeve/node_modules/@novnc/novnc/core/util/browser.js
../../../../../Users/jaywest/Myeve/node_modules/@novnc/novnc/core/rfb.js
./components/computer-viewer.tsx
./components/computer-workspace.tsx
./app/chat.tsx
⚠ ../../../../../Users/jaywest/Myeve/node_modules/@novnc/novnc/core/util/browser.js
The generated code contains 'async/await' because this module is using "topLevelAwait".
However, your target environment does not appear to support 'async/await'.
As a result, the code may not run as expected or may cause runtime errors.

Import trace for requested module:
../../../../../Users/jaywest/Myeve/node_modules/@novnc/novnc/core/util/browser.js
../../../../../Users/jaywest/Myeve/node_modules/@novnc/novnc/core/rfb.js
./components/computer-viewer.tsx
./components/computer-workspace.tsx
./app/chat.tsx
 GET /manage 200 in 1618ms (next.js: 581ms, proxy.ts: 564ms, application-code: 473ms)
[browser] ../../../../../Users/jaywest/Myeve/node_modules/@novnc/novnc/core/util/browser.js
The generated code contains 'async/await' because this module is using "topLevelAwait".
However, your target environment does not appear to support 'async/await'.
As a result, the code may not run as expected or may cause runtime errors.
 GET /api/capabilities 200 in 14ms (next.js: 6ms, application-code: 7ms)
⚠ ../../../../../Users/jaywest/Myeve/node_modules/@novnc/novnc/core/util/browser.js
The generated code contains 'async/await' because this module is using "topLevelAwait".
However, your target environment does not appear to support 'async/await'.
As a result, the code may not run as expected or may cause runtime errors.

Import trace for requested module:
../../../../../Users/jaywest/Myeve/node_modules/@novnc/novnc/core/util/browser.js
../../../../../Users/jaywest/Myeve/node_modules/@novnc/novnc/core/rfb.js
./components/computer-viewer.tsx
./components/computer-workspace.tsx
./app/chat.tsx
[browser] ../../../../../Users/jaywest/Myeve/node_modules/@novnc/novnc/core/util/browser.js
The generated code contains 'async/await' because this module is using "topLevelAwait".
However, your target environment does not appear to support 'async/await'.
As a result, the code may not run as expected or may cause runtime errors.

Import trace for requested module:
../../../../../Users/jaywest/Myeve/node_modules/@novnc/novnc/core/util/browser.js
../../../../../Users/jaywest/Myeve/node_modules/@novnc/novnc/core/rfb.js
./components/computer-viewer.tsx
./components/computer-workspace.tsx
./app/chat.tsx
⚠ ../../../../../Users/jaywest/Myeve/node_modules/@novnc/novnc/core/util/browser.js
The generated code contains 'async/await' because this module is using "topLevelAwait".
However, your target environment does not appear to support 'async/await'.
As a result, the code may not run as expected or may cause runtime errors.

Import trace for requested module:
../../../../../Users/jaywest/Myeve/node_modules/@novnc/novnc/core/util/browser.js
../../../../../Users/jaywest/Myeve/node_modules/@novnc/novnc/core/rfb.js
./components/computer-viewer.tsx
./components/computer-workspace.tsx
./app/chat.tsx
Model catalog failed Error [GatewayAuthenticationError]: AI Gateway authentication failed: No authentication provided.

Option 1 - API key:
Create an API key: https://vercel.com/d?to=%2F%5Bteam%5D%2F%7E%2Fai%2Fapi-keys
Provide via 'apiKey' option or 'AI_GATEWAY_API_KEY' environment variable.

Option 2 - Vercel access token:
Pass a Vercel personal access token or Vercel app access token via the 'apiKey' option.

Option 3 - OIDC token:
Run 'npx vercel link' to link your project, then 'vc env pull' to fetch the token.
    at async GET (app/api/models/route.ts:11:24)
   9 |
  10 |   try {
> 11 |     const { models } = await gateway.getAvailableModels();
     |                        ^
  12 |     const language = models
  13 |       .filter((model) => (model.modelType ?? "language") === "language")
  14 |       .map((model) => ({ {
  statusCode: 401,
  generationId: undefined,
  isRetryable: false,
  type: 'authentication_error',
  [cause]: Error [VercelOidcTokenError]: The 'x-vercel-oidc-token' header is missing from the request. Do you have the OIDC option enabled in the Vercel project settings?
  Unable to find project root directory. Have you linked your project with `vc link?`
      at async GET (app/api/models/route.ts:11:24)
     9 |
    10 |   try {
  > 11 |     const { models } = await gateway.getAvailableModels();
       |                        ^
    12 |     const language = models
    13 |       .filter((model) => (model.modelType ?? "language") === "language")
    14 |       .map((model) => ({ {
    cause: undefined
  }
}
 GET /api/update-check 200 in 1197ms (next.js: 1056ms, application-code: 141ms)
 GET /api/models 503 in 1190ms (next.js: 1049ms, application-code: 141ms)
[browser] ../../../../../Users/jaywest/Myeve/node_modules/@novnc/novnc/core/util/browser.js
The generated code contains 'async/await' because this module is using "topLevelAwait".
However, your target environment does not appear to support 'async/await'.
As a result, the code may not run as expected or may cause runtime errors.

Import trace for requested module:
../../../../../Users/jaywest/Myeve/node_modules/@novnc/novnc/core/util/browser.js
../../../../../Users/jaywest/Myeve/node_modules/@novnc/novnc/core/rfb.js
./components/computer-viewer.tsx
./components/computer-workspace.tsx
./app/chat.tsx
 GET /api/commands 200 in 1197ms (next.js: 1048ms, application-code: 149ms)
 GET /api/capabilities 200 in 3ms (next.js: 1.6ms, application-code: 1.6ms)
 GET /api/agents 200 in 1203ms (next.js: 1047ms, application-code: 155ms)
⚠ ../../../../../Users/jaywest/Myeve/node_modules/@novnc/novnc/core/util/browser.js
The generated code contains 'async/await' because this module is using "topLevelAwait".
However, your target environment does not appear to support 'async/await'.
As a result, the code may not run as expected or may cause runtime errors.

Import trace for requested module:
../../../../../Users/jaywest/Myeve/node_modules/@novnc/novnc/core/util/browser.js
../../../../../Users/jaywest/Myeve/node_modules/@novnc/novnc/core/rfb.js
./components/computer-viewer.tsx
./components/computer-workspace.tsx
./app/chat.tsx
 GET /api/threads 200 in 1209ms (next.js: 1048ms, application-code: 162ms)
 GET /api/threads/cdf484b7-e425-4ce3-86ec-16b75a62f9fd 404 in 1160ms (next.js: 999ms, application-code: 161ms)
[browser] ../../../../../Users/jaywest/Myeve/node_modules/@novnc/novnc/core/util/browser.js
The generated code contains 'async/await' because this module is using "topLevelAwait".
However, your target environment does not appear to support 'async/await'.
As a result, the code may not run as expected or may cause runtime errors.

Import trace for requested module:
../../../../../Users/jaywest/Myeve/node_modules/@novnc/novnc/core/util/browser.js
../../../../../Users/jaywest/Myeve/node_modules/@novnc/novnc/core/rfb.js
./components/computer-viewer.tsx
./components/computer-workspace.tsx
./app/chat.tsx
⚠ ../../../../../Users/jaywest/Myeve/node_modules/@novnc/novnc/core/util/browser.js
The generated code contains 'async/await' because this module is using "topLevelAwait".
However, your target environment does not appear to support 'async/await'.
As a result, the code may not run as expected or may cause runtime errors.

Import trace for requested module:
../../../../../Users/jaywest/Myeve/node_modules/@novnc/novnc/core/util/browser.js
../../../../../Users/jaywest/Myeve/node_modules/@novnc/novnc/core/rfb.js
./components/computer-viewer.tsx
./components/computer-workspace.tsx
./app/chat.tsx

../../../../../Users/jaywest/Myeve/node_modules/eve/dist/src/internal/application/optional-package-install.js
Critical dependency: the request of a dependency is an expression

Import trace for requested module:
../../../../../Users/jaywest/Myeve/node_modules/eve/dist/src/internal/application/optional-package-install.js
../../../../../Users/jaywest/Myeve/node_modules/eve/dist/src/execution/sandbox/bash-tool.js
../../../../../Users/jaywest/Myeve/node_modules/eve/dist/src/public/tools/define-bash-tool.js
../../../../../Users/jaywest/Myeve/node_modules/eve/dist/src/public/tools/index.js
../../../../../Users/jaywest/Myeve/node_modules/@agent-browser/eve/dist/extension/tools/click.mjs
../../../../../Users/jaywest/Myeve/node_modules/@agent-browser/eve/dist/tools/index.mjs
./lib/readiness.ts
./app/api/readiness/route.ts
 GET /goals 200 in 778ms (next.js: 66ms, proxy.ts: 287ms, application-code: 425ms)
[browser] ../../../../../Users/jaywest/Myeve/node_modules/@novnc/novnc/core/util/browser.js
The generated code contains 'async/await' because this module is using "topLevelAwait".
However, your target environment does not appear to support 'async/await'.
As a result, the code may not run as expected or may cause runtime errors.
 GET /api/goals 200 in 21ms (next.js: 6ms, application-code: 15ms)
Model catalog failed Error [GatewayAuthenticationError]: AI Gateway authentication failed: No authentication provided.

Option 1 - API key:
Create an API key: https://vercel.com/d?to=%2F%5Bteam%5D%2F%7E%2Fai%2Fapi-keys
Provide via 'apiKey' option or 'AI_GATEWAY_API_KEY' environment variable.

Option 2 - Vercel access token:
Pass a Vercel personal access token or Vercel app access token via the 'apiKey' option.

Option 3 - OIDC token:
Run 'npx vercel link' to link your project, then 'vc env pull' to fetch the token.
    at async GET (app/api/models/route.ts:11:24)
   9 |
  10 |   try {
> 11 |     const { models } = await gateway.getAvailableModels();
     |                        ^
  12 |     const language = models
  13 |       .filter((model) => (model.modelType ?? "language") === "language")
  14 |       .map((model) => ({ {
  statusCode: 401,
  generationId: undefined,
  isRetryable: false,
  type: 'authentication_error',
  [cause]: Error [VercelOidcTokenError]: The 'x-vercel-oidc-token' header is missing from the request. Do you have the OIDC option enabled in the Vercel project settings?
  Unable to find project root directory. Have you linked your project with `vc link?`
      at async GET (app/api/models/route.ts:11:24)
     9 |
    10 |   try {
  > 11 |     const { models } = await gateway.getAvailableModels();
       |                        ^
    12 |     const language = models
    13 |       .filter((model) => (model.modelType ?? "language") === "language")
    14 |       .map((model) => ({ {
    cause: undefined
  }
}
 GET /api/models 503 in 8ms (next.js: 1.3ms, application-code: 7ms)
 GET /api/commands 200 in 18ms (next.js: 3ms, application-code: 15ms)
 GET /api/goals/focus 200 in 46ms (next.js: 6ms, application-code: 40ms)
 GET /api/agents 200 in 27ms (next.js: 1.8ms, application-code: 26ms)
 GET /api/capabilities 200 in 1.7ms (next.js: 0.4ms, application-code: 1.3ms)
 GET /api/goals 200 in 7ms (next.js: 0.4ms, application-code: 6ms)
Model catalog failed Error [GatewayAuthenticationError]: AI Gateway authentication failed: No authentication provided.

Option 1 - API key:
Create an API key: https://vercel.com/d?to=%2F%5Bteam%5D%2F%7E%2Fai%2Fapi-keys
Provide via 'apiKey' option or 'AI_GATEWAY_API_KEY' environment variable.

Option 2 - Vercel access token:
Pass a Vercel personal access token or Vercel app access token via the 'apiKey' option.

Option 3 - OIDC token:
Run 'npx vercel link' to link your project, then 'vc env pull' to fetch the token.
    at async GET (app/api/models/route.ts:11:24)
   9 |
  10 |   try {
> 11 |     const { models } = await gateway.getAvailableModels();
     |                        ^
  12 |     const language = models
  13 |       .filter((model) => (model.modelType ?? "language") === "language")
  14 |       .map((model) => ({ {
  statusCode: 401,
  generationId: undefined,
  isRetryable: false,
  type: 'authentication_error',
  [cause]: Error [VercelOidcTokenError]: The 'x-vercel-oidc-token' header is missing from the request. Do you have the OIDC option enabled in the Vercel project settings?
  Unable to find project root directory. Have you linked your project with `vc link?`
      at async GET (app/api/models/route.ts:11:24)
     9 |
    10 |   try {
  > 11 |     const { models } = await gateway.getAvailableModels();
       |                        ^
    12 |     const language = models
    13 |       .filter((model) => (model.modelType ?? "language") === "language")
    14 |       .map((model) => ({ {
    cause: undefined
  }
}
 GET /api/models 503 in 2ms (next.js: 0.3ms, application-code: 1.9ms)
 GET /api/commands 200 in 1.0ms (next.js: 0.3ms, application-code: 0.8ms)
 GET /api/threads/96466b30-af84-4308-bb93-23a01c2796e7 404 in 10ms (next.js: 3ms, application-code: 7ms)
 GET /api/threads 200 in 29ms (next.js: 2ms, application-code: 27ms)
 GET /api/threads 200 in 3ms (next.js: 0.4ms, application-code: 3ms)
 GET /api/goals/focus 200 in 12ms (next.js: 0.3ms, application-code: 12ms)
 GET /api/threads/96466b30-af84-4308-bb93-23a01c2796e7 404 in 3ms (next.js: 0.7ms, application-code: 1.9ms)
 GET /api/agents 200 in 12ms (next.js: 0.4ms, application-code: 12ms)
 GET /api/threads/96466b30-af84-4308-bb93-23a01c2796e7 404 in 3ms (next.js: 1.0ms, application-code: 2ms)
 GET /api/threads/96466b30-af84-4308-bb93-23a01c2796e7 404 in 3ms (next.js: 0.7ms, application-code: 2.0ms)
⚠ ../../../../../Users/jaywest/Myeve/node_modules/@novnc/novnc/core/util/browser.js
The generated code contains 'async/await' because this module is using "topLevelAwait".
However, your target environment does not appear to support 'async/await'.
As a result, the code may not run as expected or may cause runtime errors.

Import trace for requested module:
../../../../../Users/jaywest/Myeve/node_modules/@novnc/novnc/core/util/browser.js
../../../../../Users/jaywest/Myeve/node_modules/@novnc/novnc/core/rfb.js
./components/computer-viewer.tsx
./components/computer-workspace.tsx
./app/chat.tsx

../../../../../Users/jaywest/Myeve/node_modules/eve/dist/src/internal/application/optional-package-install.js
Critical dependency: the request of a dependency is an expression

Import trace for requested module:
../../../../../Users/jaywest/Myeve/node_modules/eve/dist/src/internal/application/optional-package-install.js
../../../../../Users/jaywest/Myeve/node_modules/eve/dist/src/execution/sandbox/bash-tool.js
../../../../../Users/jaywest/Myeve/node_modules/eve/dist/src/public/tools/define-bash-tool.js
../../../../../Users/jaywest/Myeve/node_modules/eve/dist/src/public/tools/index.js
../../../../../Users/jaywest/Myeve/node_modules/@agent-browser/eve/dist/extension/tools/click.mjs
../../../../../Users/jaywest/Myeve/node_modules/@agent-browser/eve/dist/tools/index.mjs
./lib/readiness.ts
./app/api/readiness/route.ts
⚠ ../../../../../Users/jaywest/Myeve/node_modules/@novnc/novnc/core/util/browser.js
The generated code contains 'async/await' because this module is using "topLevelAwait".
However, your target environment does not appear to support 'async/await'.
As a result, the code may not run as expected or may cause runtime errors.

Import trace for requested module:
../../../../../Users/jaywest/Myeve/node_modules/@novnc/novnc/core/util/browser.js
../../../../../Users/jaywest/Myeve/node_modules/@novnc/novnc/core/rfb.js
./components/computer-viewer.tsx
./components/computer-workspace.tsx
./app/chat.tsx

../../../../../Users/jaywest/Myeve/node_modules/eve/dist/src/internal/application/optional-package-install.js
Critical dependency: the request of a dependency is an expression

Import trace for requested module:
../../../../../Users/jaywest/Myeve/node_modules/eve/dist/src/internal/application/optional-package-install.js
../../../../../Users/jaywest/Myeve/node_modules/eve/dist/src/execution/sandbox/bash-tool.js
../../../../../Users/jaywest/Myeve/node_modules/eve/dist/src/public/tools/define-bash-tool.js
../../../../../Users/jaywest/Myeve/node_modules/eve/dist/src/public/tools/index.js
../../../../../Users/jaywest/Myeve/node_modules/@agent-browser/eve/dist/extension/tools/click.mjs
../../../../../Users/jaywest/Myeve/node_modules/@agent-browser/eve/dist/tools/index.mjs
./lib/readiness.ts
./app/api/readiness/route.ts
 GET /api/owner-data?download=1 200 in 847ms (next.js: 689ms, application-code: 158ms)
⚠ ../../../../../Users/jaywest/Myeve/node_modules/@novnc/novnc/core/util/browser.js
The generated code contains 'async/await' because this module is using "topLevelAwait".
However, your target environment does not appear to support 'async/await'.
As a result, the code may not run as expected or may cause runtime errors.

Import trace for requested module:
../../../../../Users/jaywest/Myeve/node_modules/@novnc/novnc/core/util/browser.js
../../../../../Users/jaywest/Myeve/node_modules/@novnc/novnc/core/rfb.js
./components/computer-viewer.tsx
./components/computer-workspace.tsx
./app/chat.tsx

../../../../../Users/jaywest/Myeve/node_modules/eve/dist/src/internal/application/optional-package-install.js
Critical dependency: the request of a dependency is an expression

Import trace for requested module:
../../../../../Users/jaywest/Myeve/node_modules/eve/dist/src/internal/application/optional-package-install.js
../../../../../Users/jaywest/Myeve/node_modules/eve/dist/src/execution/sandbox/bash-tool.js
../../../../../Users/jaywest/Myeve/node_modules/eve/dist/src/public/tools/define-bash-tool.js
../../../../../Users/jaywest/Myeve/node_modules/eve/dist/src/public/tools/index.js
../../../../../Users/jaywest/Myeve/node_modules/@agent-browser/eve/dist/extension/tools/click.mjs
../../../../../Users/jaywest/Myeve/node_modules/@agent-browser/eve/dist/tools/index.mjs
./lib/readiness.ts
./app/api/readiness/route.ts
⚠ ../../../../../Users/jaywest/Myeve/node_modules/@novnc/novnc/core/util/browser.js
The generated code contains 'async/await' because this module is using "topLevelAwait".
However, your target environment does not appear to support 'async/await'.
As a result, the code may not run as expected or may cause runtime errors.

Import trace for requested module:
../../../../../Users/jaywest/Myeve/node_modules/@novnc/novnc/core/util/browser.js
../../../../../Users/jaywest/Myeve/node_modules/@novnc/novnc/core/rfb.js
./components/computer-viewer.tsx
./components/computer-workspace.tsx
./app/chat.tsx

../../../../../Users/jaywest/Myeve/node_modules/eve/dist/src/internal/application/optional-package-install.js
Critical dependency: the request of a dependency is an expression

Import trace for requested module:
../../../../../Users/jaywest/Myeve/node_modules/eve/dist/src/internal/application/optional-package-install.js
../../../../../Users/jaywest/Myeve/node_modules/eve/dist/src/execution/sandbox/bash-tool.js
../../../../../Users/jaywest/Myeve/node_modules/eve/dist/src/public/tools/define-bash-tool.js
../../../../../Users/jaywest/Myeve/node_modules/eve/dist/src/public/tools/index.js
../../../../../Users/jaywest/Myeve/node_modules/@agent-browser/eve/dist/extension/tools/click.mjs
../../../../../Users/jaywest/Myeve/node_modules/@agent-browser/eve/dist/tools/index.mjs
./lib/readiness.ts
./app/api/readiness/route.ts
 GET /manage/data 200 in 2.3s (next.js: 1935ms, proxy.ts: 1.8ms, application-code: 347ms)
[browser] ../../../../../Users/jaywest/Myeve/node_modules/@novnc/novnc/core/util/browser.js
The generated code contains 'async/await' because this module is using "topLevelAwait".
However, your target environment does not appear to support 'async/await'.
As a result, the code may not run as expected or may cause runtime errors.
 GET /api/capabilities 200 in 10ms (next.js: 2ms, application-code: 8ms)
 GET /api/update-check 200 in 4ms (next.js: 2ms, application-code: 1.5ms)
Model catalog failed Error [GatewayAuthenticationError]: AI Gateway authentication failed: No authentication provided.

Option 1 - API key:
Create an API key: https://vercel.com/d?to=%2F%5Bteam%5D%2F%7E%2Fai%2Fapi-keys
Provide via 'apiKey' option or 'AI_GATEWAY_API_KEY' environment variable.

Option 2 - Vercel access token:
Pass a Vercel personal access token or Vercel app access token via the 'apiKey' option.

Option 3 - OIDC token:
Run 'npx vercel link' to link your project, then 'vc env pull' to fetch the token.
    at async GET (app/api/models/route.ts:11:24)
   9 |
  10 |   try {
> 11 |     const { models } = await gateway.getAvailableModels();
     |                        ^
  12 |     const language = models
  13 |       .filter((model) => (model.modelType ?? "language") === "language")
  14 |       .map((model) => ({ {
  statusCode: 401,
  generationId: undefined,
  isRetryable: false,
  type: 'authentication_error',
  [cause]: Error [VercelOidcTokenError]: The 'x-vercel-oidc-token' header is missing from the request. Do you have the OIDC option enabled in the Vercel project settings?
  Unable to find project root directory. Have you linked your project with `vc link?`
      at async GET (app/api/models/route.ts:11:24)
     9 |
    10 |   try {
  > 11 |     const { models } = await gateway.getAvailableModels();
       |                        ^
    12 |     const language = models
    13 |       .filter((model) => (model.modelType ?? "language") === "language")
    14 |       .map((model) => ({ {
    cause: undefined
  }
}
 GET /api/models 503 in 46ms (next.js: 1.3ms, application-code: 45ms)
 GET /api/commands 200 in 68ms (next.js: 1.3ms, application-code: 67ms)
 GET /api/capabilities 200 in 2.0ms (next.js: 0.5ms, application-code: 1.5ms)
 GET /api/agents 200 in 81ms (next.js: 1.7ms, application-code: 80ms)
 GET /api/update-check 200 in 1.3ms (next.js: 0.5ms, application-code: 0.8ms)
 GET /api/threads 200 in 23ms (next.js: 2.0ms, application-code: 21ms)
 GET /api/threads/ab566b7b-6b92-4688-85af-0fe4972aafc7 404 in 13ms (next.js: 3ms, application-code: 10ms)
 GET /api/goals 200 in 6ms (next.js: 1.7ms, application-code: 4ms)
 GET /api/agents 200 in 37ms (next.js: 0.5ms, application-code: 36ms)
Model catalog failed Error [GatewayAuthenticationError]: AI Gateway authentication failed: No authentication provided.

Option 1 - API key:
Create an API key: https://vercel.com/d?to=%2F%5Bteam%5D%2F%7E%2Fai%2Fapi-keys
Provide via 'apiKey' option or 'AI_GATEWAY_API_KEY' environment variable.

Option 2 - Vercel access token:
Pass a Vercel personal access token or Vercel app access token via the 'apiKey' option.

Option 3 - OIDC token:
Run 'npx vercel link' to link your project, then 'vc env pull' to fetch the token.
    at async GET (app/api/models/route.ts:11:24)
   9 |
  10 |   try {
> 11 |     const { models } = await gateway.getAvailableModels();
     |                        ^
  12 |     const language = models
  13 |       .filter((model) => (model.modelType ?? "language") === "language")
  14 |       .map((model) => ({ {
  statusCode: 401,
  generationId: undefined,
  isRetryable: false,
  type: 'authentication_error',
  [cause]: Error [VercelOidcTokenError]: The 'x-vercel-oidc-token' header is missing from the request. Do you have the OIDC option enabled in the Vercel project settings?
  Unable to find project root directory. Have you linked your project with `vc link?`
      at async GET (app/api/models/route.ts:11:24)
     9 |
    10 |   try {
  > 11 |     const { models } = await gateway.getAvailableModels();
       |                        ^
    12 |     const language = models
    13 |       .filter((model) => (model.modelType ?? "language") === "language")
    14 |       .map((model) => ({ {
    cause: undefined
  }
}
 GET /api/models 503 in 2ms (next.js: 0.3ms, application-code: 1.9ms)
 GET /api/goals 200 in 5ms (next.js: 0.3ms, application-code: 5ms)
 GET /api/automations 200 in 31ms (next.js: 2ms, application-code: 29ms)
 GET /api/agents 200 in 43ms (next.js: 0.4ms, application-code: 43ms)
 GET /api/commands 200 in 1.4ms (next.js: 0.5ms, application-code: 1.0ms)
 GET /api/capabilities 200 in 1.9ms (next.js: 0.5ms, application-code: 1.4ms)
 GET /api/threads 200 in 3ms (next.js: 0.3ms, application-code: 3ms)
 GET /api/agents 200 in 13ms (next.js: 0.4ms, application-code: 12ms)
 GET /api/automations 200 in 4ms (next.js: 0.4ms, application-code: 4ms)
 GET /api/threads/ab566b7b-6b92-4688-85af-0fe4972aafc7 404 in 5ms (next.js: 0.4ms, application-code: 5ms)
 GET /api/owner-data 200 in 61ms (next.js: 2ms, application-code: 59ms)
 GET /api/threads/ab566b7b-6b92-4688-85af-0fe4972aafc7 404 in 2ms (next.js: 0.5ms, application-code: 1.6ms)
 GET /api/threads/ab566b7b-6b92-4688-85af-0fe4972aafc7 404 in 2ms (next.js: 0.6ms, application-code: 1.7ms)
 POST /api/owner-data 200 in 21ms (next.js: 0.7ms, application-code: 20ms)
Owner archive validation failed
 POST /api/owner-data 400 in 3ms (next.js: 0.5ms, application-code: 2ms)
Owner archive validation failed
 POST /api/owner-data 400 in 4ms (next.js: 0.6ms, application-code: 3ms)
Owner archive validation failed
 POST /api/owner-data 400 in 4ms (next.js: 0.5ms, application-code: 4ms)
Owner archive validation failed
 POST /api/owner-data 400 in 6ms (next.js: 0.5ms, application-code: 5ms)
⚠ ../../../../../Users/jaywest/Myeve/node_modules/@novnc/novnc/core/util/browser.js
The generated code contains 'async/await' because this module is using "topLevelAwait".
However, your target environment does not appear to support 'async/await'.
As a result, the code may not run as expected or may cause runtime errors.

Import trace for requested module:
../../../../../Users/jaywest/Myeve/node_modules/@novnc/novnc/core/util/browser.js
../../../../../Users/jaywest/Myeve/node_modules/@novnc/novnc/core/rfb.js
./components/computer-viewer.tsx
./components/computer-workspace.tsx
./app/chat.tsx

../../../../../Users/jaywest/Myeve/node_modules/eve/dist/src/internal/application/optional-package-install.js
Critical dependency: the request of a dependency is an expression

Import trace for requested module:
../../../../../Users/jaywest/Myeve/node_modules/eve/dist/src/internal/application/optional-package-install.js
../../../../../Users/jaywest/Myeve/node_modules/eve/dist/src/execution/sandbox/bash-tool.js
../../../../../Users/jaywest/Myeve/node_modules/eve/dist/src/public/tools/define-bash-tool.js
../../../../../Users/jaywest/Myeve/node_modules/eve/dist/src/public/tools/index.js
../../../../../Users/jaywest/Myeve/node_modules/@agent-browser/eve/dist/extension/tools/click.mjs
../../../../../Users/jaywest/Myeve/node_modules/@agent-browser/eve/dist/tools/index.mjs
./lib/readiness.ts
./app/api/readiness/route.ts
⚠ ../../../../../Users/jaywest/Myeve/node_modules/@novnc/novnc/core/util/browser.js
The generated code contains 'async/await' because this module is using "topLevelAwait".
However, your target environment does not appear to support 'async/await'.
As a result, the code may not run as expected or may cause runtime errors.

Import trace for requested module:
../../../../../Users/jaywest/Myeve/node_modules/@novnc/novnc/core/util/browser.js
../../../../../Users/jaywest/Myeve/node_modules/@novnc/novnc/core/rfb.js
./components/computer-viewer.tsx
./components/computer-workspace.tsx
./app/chat.tsx

../../../../../Users/jaywest/Myeve/node_modules/eve/dist/src/internal/application/optional-package-install.js
Critical dependency: the request of a dependency is an expression

Import trace for requested module:
../../../../../Users/jaywest/Myeve/node_modules/eve/dist/src/internal/application/optional-package-install.js
../../../../../Users/jaywest/Myeve/node_modules/eve/dist/src/execution/sandbox/bash-tool.js
../../../../../Users/jaywest/Myeve/node_modules/eve/dist/src/public/tools/define-bash-tool.js
../../../../../Users/jaywest/Myeve/node_modules/eve/dist/src/public/tools/index.js
../../../../../Users/jaywest/Myeve/node_modules/@agent-browser/eve/dist/extension/tools/click.mjs
../../../../../Users/jaywest/Myeve/node_modules/@agent-browser/eve/dist/tools/index.mjs
./lib/readiness.ts
./app/api/readiness/route.ts
 GET /chat 200 in 1412ms (next.js: 1049ms, proxy.ts: 2ms, application-code: 361ms)
[browser] ../../../../../Users/jaywest/Myeve/node_modules/@novnc/novnc/core/util/browser.js
The generated code contains 'async/await' because this module is using "topLevelAwait".
However, your target environment does not appear to support 'async/await'.
As a result, the code may not run as expected or may cause runtime errors.
Model catalog failed Error [GatewayAuthenticationError]: AI Gateway authentication failed: No authentication provided.

Option 1 - API key:
Create an API key: https://vercel.com/d?to=%2F%5Bteam%5D%2F%7E%2Fai%2Fapi-keys
Provide via 'apiKey' option or 'AI_GATEWAY_API_KEY' environment variable.

Option 2 - Vercel access token:
Pass a Vercel personal access token or Vercel app access token via the 'apiKey' option.

Option 3 - OIDC token:
Run 'npx vercel link' to link your project, then 'vc env pull' to fetch the token.
    at async GET (app/api/models/route.ts:11:24)
   9 |
  10 |   try {
> 11 |     const { models } = await gateway.getAvailableModels();
     |                        ^
  12 |     const language = models
  13 |       .filter((model) => (model.modelType ?? "language") === "language")
  14 |       .map((model) => ({ {
  statusCode: 401,
  generationId: undefined,
  isRetryable: false,
  type: 'authentication_error',
  [cause]: Error [VercelOidcTokenError]: The 'x-vercel-oidc-token' header is missing from the request. Do you have the OIDC option enabled in the Vercel project settings?
  Unable to find project root directory. Have you linked your project with `vc link?`
      at async GET (app/api/models/route.ts:11:24)
     9 |
    10 |   try {
  > 11 |     const { models } = await gateway.getAvailableModels();
       |                        ^
    12 |     const language = models
    13 |       .filter((model) => (model.modelType ?? "language") === "language")
    14 |       .map((model) => ({ {
    cause: undefined
  }
}
 GET /api/models 503 in 29ms (next.js: 1.8ms, application-code: 27ms)
 GET /api/commands 200 in 88ms (next.js: 1.9ms, application-code: 86ms)
 GET /api/capabilities 200 in 3ms (next.js: 1.3ms, application-code: 1.7ms)
 GET /api/agents 200 in 108ms (next.js: 1.9ms, application-code: 106ms)
Model catalog failed Error [GatewayAuthenticationError]: AI Gateway authentication failed: No authentication provided.

Option 1 - API key:
Create an API key: https://vercel.com/d?to=%2F%5Bteam%5D%2F%7E%2Fai%2Fapi-keys
Provide via 'apiKey' option or 'AI_GATEWAY_API_KEY' environment variable.

Option 2 - Vercel access token:
Pass a Vercel personal access token or Vercel app access token via the 'apiKey' option.

Option 3 - OIDC token:
Run 'npx vercel link' to link your project, then 'vc env pull' to fetch the token.
    at async GET (app/api/models/route.ts:11:24)
   9 |
  10 |   try {
> 11 |     const { models } = await gateway.getAvailableModels();
     |                        ^
  12 |     const language = models
  13 |       .filter((model) => (model.modelType ?? "language") === "language")
  14 |       .map((model) => ({ {
  statusCode: 401,
  generationId: undefined,
  isRetryable: false,
  type: 'authentication_error',
  [cause]: Error [VercelOidcTokenError]: The 'x-vercel-oidc-token' header is missing from the request. Do you have the OIDC option enabled in the Vercel project settings?
  Unable to find project root directory. Have you linked your project with `vc link?`
      at async GET (app/api/models/route.ts:11:24)
     9 |
    10 |   try {
  > 11 |     const { models } = await gateway.getAvailableModels();
       |                        ^
    12 |     const language = models
    13 |       .filter((model) => (model.modelType ?? "language") === "language")
    14 |       .map((model) => ({ {
    cause: undefined
  }
}
 GET /api/models 503 in 2ms (next.js: 0.4ms, application-code: 2ms)
 GET /api/commands 200 in 1.3ms (next.js: 0.3ms, application-code: 1.0ms)
 GET /api/threads/3c3891b8-7af0-4760-a275-33f038f3d1c0 404 in 8ms (next.js: 3ms, application-code: 5ms)
 GET /api/threads 200 in 28ms (next.js: 2ms, application-code: 26ms)
 GET /api/agents 200 in 8ms (next.js: 0.5ms, application-code: 7ms)
 GET /api/threads 200 in 3ms (next.js: 0.4ms, application-code: 2ms)
 GET /api/threads/3c3891b8-7af0-4760-a275-33f038f3d1c0 404 in 2ms (next.js: 0.7ms, application-code: 1.6ms)
 GET /api/threads/3c3891b8-7af0-4760-a275-33f038f3d1c0 404 in 2ms (next.js: 0.6ms, application-code: 1.7ms)
 GET /api/task-runs?threadId=3c3891b8-7af0-4760-a275-33f038f3d1c0 200 in 9ms (next.js: 3ms, application-code: 6ms)
 GET /api/task-runs?threadId=3c3891b8-7af0-4760-a275-33f038f3d1c0 200 in 2ms (next.js: 0.5ms, application-code: 1.8ms)
 GET /api/task-runs?threadId=3c3891b8-7af0-4760-a275-33f038f3d1c0 200 in 3ms (next.js: 0.5ms, application-code: 2ms)
 GET /api/task-runs?threadId=3c3891b8-7af0-4760-a275-33f038f3d1c0 200 in 1.6ms (next.js: 0.3ms, application-code: 1.3ms)
⚠ ../../../../../Users/jaywest/Myeve/node_modules/@novnc/novnc/core/util/browser.js
The generated code contains 'async/await' because this module is using "topLevelAwait".
However, your target environment does not appear to support 'async/await'.
As a result, the code may not run as expected or may cause runtime errors.

Import trace for requested module:
../../../../../Users/jaywest/Myeve/node_modules/@novnc/novnc/core/util/browser.js
../../../../../Users/jaywest/Myeve/node_modules/@novnc/novnc/core/rfb.js
./components/computer-viewer.tsx
./components/computer-workspace.tsx
./app/chat.tsx

../../../../../Users/jaywest/Myeve/node_modules/eve/dist/src/internal/application/optional-package-install.js
Critical dependency: the request of a dependency is an expression

Import trace for requested module:
../../../../../Users/jaywest/Myeve/node_modules/eve/dist/src/internal/application/optional-package-install.js
../../../../../Users/jaywest/Myeve/node_modules/eve/dist/src/execution/sandbox/bash-tool.js
../../../../../Users/jaywest/Myeve/node_modules/eve/dist/src/public/tools/define-bash-tool.js
../../../../../Users/jaywest/Myeve/node_modules/eve/dist/src/public/tools/index.js
../../../../../Users/jaywest/Myeve/node_modules/@agent-browser/eve/dist/extension/tools/click.mjs
../../../../../Users/jaywest/Myeve/node_modules/@agent-browser/eve/dist/tools/index.mjs
./lib/readiness.ts
./app/api/readiness/route.ts
[browser] ../../../../../Users/jaywest/Myeve/node_modules/@novnc/novnc/core/util/browser.js
The generated code contains 'async/await' because this module is using "topLevelAwait".
However, your target environment does not appear to support 'async/await'.
As a result, the code may not run as expected or may cause runtime errors.

Import trace for requested module:
../../../../../Users/jaywest/Myeve/node_modules/@novnc/novnc/core/util/browser.js
../../../../../Users/jaywest/Myeve/node_modules/@novnc/novnc/core/rfb.js
./components/computer-viewer.tsx
./components/computer-workspace.tsx
./app/chat.tsx
⚠ ../../../../../Users/jaywest/Myeve/node_modules/@novnc/novnc/core/util/browser.js
The generated code contains 'async/await' because this module is using "topLevelAwait".
However, your target environment does not appear to support 'async/await'.
As a result, the code may not run as expected or may cause runtime errors.

Import trace for requested module:
../../../../../Users/jaywest/Myeve/node_modules/@novnc/novnc/core/util/browser.js
../../../../../Users/jaywest/Myeve/node_modules/@novnc/novnc/core/rfb.js
./components/computer-viewer.tsx
./components/computer-workspace.tsx
./app/chat.tsx

../../../../../Users/jaywest/Myeve/node_modules/eve/dist/src/internal/application/optional-package-install.js
Critical dependency: the request of a dependency is an expression

Import trace for requested module:
../../../../../Users/jaywest/Myeve/node_modules/eve/dist/src/internal/application/optional-package-install.js
../../../../../Users/jaywest/Myeve/node_modules/eve/dist/src/execution/sandbox/bash-tool.js
../../../../../Users/jaywest/Myeve/node_modules/eve/dist/src/public/tools/define-bash-tool.js
../../../../../Users/jaywest/Myeve/node_modules/eve/dist/src/public/tools/index.js
../../../../../Users/jaywest/Myeve/node_modules/@agent-browser/eve/dist/extension/tools/click.mjs
../../../../../Users/jaywest/Myeve/node_modules/@agent-browser/eve/dist/tools/index.mjs
./lib/readiness.ts
./app/api/readiness/route.ts
onUploadCompleted provided but no callbackUrl could be determined. Please provide a callbackUrl in onBeforeGenerateToken or set the VERCEL_BLOB_CALLBACK_URL environment variable.
 POST /api/files/upload 200 in 1970ms (next.js: 1625ms, application-code: 346ms)
[browser] ../../../../../Users/jaywest/Myeve/node_modules/@novnc/novnc/core/util/browser.js
The generated code contains 'async/await' because this module is using "topLevelAwait".
However, your target environment does not appear to support 'async/await'.
As a result, the code may not run as expected or may cause runtime errors.

Import trace for requested module:
../../../../../Users/jaywest/Myeve/node_modules/@novnc/novnc/core/util/browser.js
../../../../../Users/jaywest/Myeve/node_modules/@novnc/novnc/core/rfb.js
./components/computer-viewer.tsx
./components/computer-workspace.tsx
./app/chat.tsx
 GET /api/files 200 in 1973ms (next.js: 1617ms, application-code: 356ms)
 POST /api/files 200 in 7ms (next.js: 0.5ms, application-code: 6ms)
⚠ ../../../../../Users/jaywest/Myeve/node_modules/@novnc/novnc/core/util/browser.js
The generated code contains 'async/await' because this module is using "topLevelAwait".
However, your target environment does not appear to support 'async/await'.
As a result, the code may not run as expected or may cause runtime errors.

Import trace for requested module:
../../../../../Users/jaywest/Myeve/node_modules/@novnc/novnc/core/util/browser.js
../../../../../Users/jaywest/Myeve/node_modules/@novnc/novnc/core/rfb.js
./components/computer-viewer.tsx
./components/computer-workspace.tsx
./app/chat.tsx

../../../../../Users/jaywest/Myeve/node_modules/eve/dist/src/internal/application/optional-package-install.js
Critical dependency: the request of a dependency is an expression

Import trace for requested module:
../../../../../Users/jaywest/Myeve/node_modules/eve/dist/src/internal/application/optional-package-install.js
../../../../../Users/jaywest/Myeve/node_modules/eve/dist/src/execution/sandbox/bash-tool.js
../../../../../Users/jaywest/Myeve/node_modules/eve/dist/src/public/tools/define-bash-tool.js
../../../../../Users/jaywest/Myeve/node_modules/eve/dist/src/public/tools/index.js
../../../../../Users/jaywest/Myeve/node_modules/@agent-browser/eve/dist/extension/tools/click.mjs
../../../../../Users/jaywest/Myeve/node_modules/@agent-browser/eve/dist/tools/index.mjs
./lib/readiness.ts
./app/api/readiness/route.ts
[browser] ../../../../../Users/jaywest/Myeve/node_modules/@novnc/novnc/core/util/browser.js
The generated code contains 'async/await' because this module is using "topLevelAwait".
However, your target environment does not appear to support 'async/await'.
As a result, the code may not run as expected or may cause runtime errors.

Import trace for requested module:
../../../../../Users/jaywest/Myeve/node_modules/@novnc/novnc/core/util/browser.js
../../../../../Users/jaywest/Myeve/node_modules/@novnc/novnc/core/rfb.js
./components/computer-viewer.tsx
./components/computer-workspace.tsx
./app/chat.tsx
⚠ ../../../../../Users/jaywest/Myeve/node_modules/@novnc/novnc/core/util/browser.js
The generated code contains 'async/await' because this module is using "topLevelAwait".
However, your target environment does not appear to support 'async/await'.
As a result, the code may not run as expected or may cause runtime errors.

Import trace for requested module:
../../../../../Users/jaywest/Myeve/node_modules/@novnc/novnc/core/util/browser.js
../../../../../Users/jaywest/Myeve/node_modules/@novnc/novnc/core/rfb.js
./components/computer-viewer.tsx
./components/computer-workspace.tsx
./app/chat.tsx

../../../../../Users/jaywest/Myeve/node_modules/eve/dist/src/internal/application/optional-package-install.js
Critical dependency: the request of a dependency is an expression

Import trace for requested module:
../../../../../Users/jaywest/Myeve/node_modules/eve/dist/src/internal/application/optional-package-install.js
../../../../../Users/jaywest/Myeve/node_modules/eve/dist/src/execution/sandbox/bash-tool.js
../../../../../Users/jaywest/Myeve/node_modules/eve/dist/src/public/tools/define-bash-tool.js
../../../../../Users/jaywest/Myeve/node_modules/eve/dist/src/public/tools/index.js
../../../../../Users/jaywest/Myeve/node_modules/@agent-browser/eve/dist/extension/tools/click.mjs
../../../../../Users/jaywest/Myeve/node_modules/@agent-browser/eve/dist/tools/index.mjs
./lib/readiness.ts
./app/api/readiness/route.ts
[browser] ../../../../../Users/jaywest/Myeve/node_modules/@novnc/novnc/core/util/browser.js
The generated code contains 'async/await' because this module is using "topLevelAwait".
However, your target environment does not appear to support 'async/await'.
As a result, the code may not run as expected or may cause runtime errors.

Import trace for requested module:
../../../../../Users/jaywest/Myeve/node_modules/@novnc/novnc/core/util/browser.js
../../../../../Users/jaywest/Myeve/node_modules/@novnc/novnc/core/rfb.js
./components/computer-viewer.tsx
./components/computer-workspace.tsx
./app/chat.tsx
 GET /api/files 200 in 1442ms (next.js: 1164ms, application-code: 278ms)
 GET /api/files 200 in 3ms (next.js: 0.6ms, application-code: 2.0ms)
 GET /api/files/56589550-1969-43e2-84d9-970b17ccc87b/content 200 in 1965ms (next.js: 1959ms, application-code: 6ms)
 GET /api/threads/3c3891b8-7af0-4760-a275-33f038f3d1c0 404 in 21ms (next.js: 3ms, application-code: 18ms)
 PUT /api/threads/3c3891b8-7af0-4760-a275-33f038f3d1c0 200 in 3ms (next.js: 0.6ms, application-code: 3ms)
 GET /api/files/56589550-1969-43e2-84d9-970b17ccc87b/content 200 in 6ms (next.js: 1.8ms, application-code: 4ms)
 GET /api/files 200 in 4ms (next.js: 0.8ms, application-code: 3ms)
 GET /api/files 200 in 3ms (next.js: 0.6ms, application-code: 2ms)
⚠ ../../../../../Users/jaywest/Myeve/node_modules/@novnc/novnc/core/util/browser.js
The generated code contains 'async/await' because this module is using "topLevelAwait".
However, your target environment does not appear to support 'async/await'.
As a result, the code may not run as expected or may cause runtime errors.

Import trace for requested module:
../../../../../Users/jaywest/Myeve/node_modules/@novnc/novnc/core/util/browser.js
../../../../../Users/jaywest/Myeve/node_modules/@novnc/novnc/core/rfb.js
./components/computer-viewer.tsx
./components/computer-workspace.tsx
./app/chat.tsx

../../../../../Users/jaywest/Myeve/node_modules/eve/dist/src/internal/application/optional-package-install.js
Critical dependency: the request of a dependency is an expression

Import trace for requested module:
../../../../../Users/jaywest/Myeve/node_modules/eve/dist/src/internal/application/optional-package-install.js
../../../../../Users/jaywest/Myeve/node_modules/eve/dist/src/execution/sandbox/bash-tool.js
../../../../../Users/jaywest/Myeve/node_modules/eve/dist/src/public/tools/define-bash-tool.js
../../../../../Users/jaywest/Myeve/node_modules/eve/dist/src/public/tools/index.js
../../../../../Users/jaywest/Myeve/node_modules/@agent-browser/eve/dist/extension/tools/click.mjs
../../../../../Users/jaywest/Myeve/node_modules/@agent-browser/eve/dist/tools/index.mjs
./lib/readiness.ts
./app/api/readiness/route.ts
⚠ ../../../../../Users/jaywest/Myeve/node_modules/@novnc/novnc/core/util/browser.js
The generated code contains 'async/await' because this module is using "topLevelAwait".
However, your target environment does not appear to support 'async/await'.
As a result, the code may not run as expected or may cause runtime errors.

Import trace for requested module:
../../../../../Users/jaywest/Myeve/node_modules/@novnc/novnc/core/util/browser.js
../../../../../Users/jaywest/Myeve/node_modules/@novnc/novnc/core/rfb.js
./components/computer-viewer.tsx
./components/computer-workspace.tsx
./app/chat.tsx

../../../../../Users/jaywest/Myeve/node_modules/eve/dist/src/internal/application/optional-package-install.js
Critical dependency: the request of a dependency is an expression

Import trace for requested module:
../../../../../Users/jaywest/Myeve/node_modules/eve/dist/src/internal/application/optional-package-install.js
../../../../../Users/jaywest/Myeve/node_modules/eve/dist/src/execution/sandbox/bash-tool.js
../../../../../Users/jaywest/Myeve/node_modules/eve/dist/src/public/tools/define-bash-tool.js
../../../../../Users/jaywest/Myeve/node_modules/eve/dist/src/public/tools/index.js
../../../../../Users/jaywest/Myeve/node_modules/@agent-browser/eve/dist/extension/tools/click.mjs
../../../../../Users/jaywest/Myeve/node_modules/@agent-browser/eve/dist/tools/index.mjs
./lib/readiness.ts
./app/api/readiness/route.ts
[browser] ../../../../../Users/jaywest/Myeve/node_modules/@novnc/novnc/core/util/browser.js
The generated code contains 'async/await' because this module is using "topLevelAwait".
However, your target environment does not appear to support 'async/await'.
As a result, the code may not run as expected or may cause runtime errors.

Import trace for requested module:
../../../../../Users/jaywest/Myeve/node_modules/@novnc/novnc/core/util/browser.js
../../../../../Users/jaywest/Myeve/node_modules/@novnc/novnc/core/rfb.js
./components/computer-viewer.tsx
./components/computer-workspace.tsx
./app/chat.tsx
 GET /files 200 in 1111ms (next.js: 767ms, proxy.ts: 1.8ms, application-code: 342ms)
⚠ Fast Refresh had to perform a full reload. Read more: https://nextjs.org/docs/messages/fast-refresh-reload
[browser] ../../../../../Users/jaywest/Myeve/node_modules/@novnc/novnc/core/util/browser.js
The generated code contains 'async/await' because this module is using "topLevelAwait".
However, your target environment does not appear to support 'async/await'.
As a result, the code may not run as expected or may cause runtime errors.
Model catalog failed Error [GatewayAuthenticationError]: AI Gateway authentication failed: No authentication provided.

Option 1 - API key:
Create an API key: https://vercel.com/d?to=%2F%5Bteam%5D%2F%7E%2Fai%2Fapi-keys
Provide via 'apiKey' option or 'AI_GATEWAY_API_KEY' environment variable.

Option 2 - Vercel access token:
Pass a Vercel personal access token or Vercel app access token via the 'apiKey' option.

Option 3 - OIDC token:
Run 'npx vercel link' to link your project, then 'vc env pull' to fetch the token.
    at async GET (app/api/models/route.ts:11:24)
   9 |
  10 |   try {
> 11 |     const { models } = await gateway.getAvailableModels();
     |                        ^
  12 |     const language = models
  13 |       .filter((model) => (model.modelType ?? "language") === "language")
  14 |       .map((model) => ({ {
  statusCode: 401,
  generationId: undefined,
  isRetryable: false,
  type: 'authentication_error',
  [cause]: Error [VercelOidcTokenError]: The 'x-vercel-oidc-token' header is missing from the request. Do you have the OIDC option enabled in the Vercel project settings?
  Unable to find project root directory. Have you linked your project with `vc link?`
      at async GET (app/api/models/route.ts:11:24)
     9 |
    10 |   try {
  > 11 |     const { models } = await gateway.getAvailableModels();
       |                        ^
    12 |     const language = models
    13 |       .filter((model) => (model.modelType ?? "language") === "language")
    14 |       .map((model) => ({ {
    cause: undefined
  }
}
 GET /api/models 503 in 8ms (next.js: 1.4ms, application-code: 6ms)
 GET /api/commands 200 in 19ms (next.js: 1.3ms, application-code: 17ms)
 GET /api/capabilities 200 in 3ms (next.js: 1.6ms, application-code: 1.8ms)
 GET /api/agents 200 in 35ms (next.js: 1.7ms, application-code: 34ms)
Model catalog failed Error [GatewayAuthenticationError]: AI Gateway authentication failed: No authentication provided.

Option 1 - API key:
Create an API key: https://vercel.com/d?to=%2F%5Bteam%5D%2F%7E%2Fai%2Fapi-keys
Provide via 'apiKey' option or 'AI_GATEWAY_API_KEY' environment variable.

Option 2 - Vercel access token:
Pass a Vercel personal access token or Vercel app access token via the 'apiKey' option.

Option 3 - OIDC token:
Run 'npx vercel link' to link your project, then 'vc env pull' to fetch the token.
    at async GET (app/api/models/route.ts:11:24)
   9 |
  10 |   try {
> 11 |     const { models } = await gateway.getAvailableModels();
     |                        ^
  12 |     const language = models
  13 |       .filter((model) => (model.modelType ?? "language") === "language")
  14 |       .map((model) => ({ {
  statusCode: 401,
  generationId: undefined,
  isRetryable: false,
  type: 'authentication_error',
  [cause]: Error [VercelOidcTokenError]: The 'x-vercel-oidc-token' header is missing from the request. Do you have the OIDC option enabled in the Vercel project settings?
  Unable to find project root directory. Have you linked your project with `vc link?`
      at async GET (app/api/models/route.ts:11:24)
     9 |
    10 |   try {
  > 11 |     const { models } = await gateway.getAvailableModels();
       |                        ^
    12 |     const language = models
    13 |       .filter((model) => (model.modelType ?? "language") === "language")
    14 |       .map((model) => ({ {
    cause: undefined
  }
}
 GET /api/models 503 in 3ms (next.js: 0.5ms, application-code: 2ms)
 GET /api/files 200 in 258ms (next.js: 10ms, application-code: 249ms)
 GET /api/threads 200 in 23ms (next.js: 2ms, application-code: 21ms)
 GET /api/commands 200 in 1.6ms (next.js: 0.3ms, application-code: 1.3ms)
 GET /api/threads 200 in 3ms (next.js: 0.4ms, application-code: 2ms)
 GET /api/files 200 in 21ms (next.js: 0.5ms, application-code: 21ms)
 GET /api/agents 200 in 8ms (next.js: 0.4ms, application-code: 7ms)
 GET /api/owner-data 200 in 39ms (next.js: 6ms, application-code: 33ms)
 GET /api/owner-data?download=1 200 in 55ms (next.js: 0.6ms, application-code: 54ms)
 GET /api/task-runs?threadId=3c3891b8-7af0-4760-a275-33f038f3d1c0 200 in 8ms (next.js: 3ms, application-code: 5ms)
 GET /api/task-runs?threadId=3c3891b8-7af0-4760-a275-33f038f3d1c0 200 in 2ms (next.js: 0.4ms, application-code: 2ms)
onUploadCompleted provided but no callbackUrl could be determined. Please provide a callbackUrl in onBeforeGenerateToken or set the VERCEL_BLOB_CALLBACK_URL environment variable.
 POST /api/files/upload 200 in 12ms (next.js: 8ms, application-code: 4ms)
 GET /api/files 200 in 3ms (next.js: 0.6ms, application-code: 2.0ms)
 POST /api/files 200 in 4ms (next.js: 0.4ms, application-code: 4ms)
 GET /api/files/2e57b775-b736-4e03-aea4-92b223cdb8aa/content 200 in 11ms (next.js: 7ms, application-code: 4ms)
 GET /api/threads/3c3891b8-7af0-4760-a275-33f038f3d1c0 200 in 5ms (next.js: 3ms, application-code: 2ms)
 PUT /api/threads/3c3891b8-7af0-4760-a275-33f038f3d1c0 200 in 3ms (next.js: 0.8ms, application-code: 2ms)
 GET /api/threads/3c3891b8-7af0-4760-a275-33f038f3d1c0 200 in 2ms (next.js: 0.5ms, application-code: 1.6ms)
 GET /api/files 200 in 3ms (next.js: 0.8ms, application-code: 3ms)
 GET /api/files/56589550-1969-43e2-84d9-970b17ccc87b/content 404 in 4ms (next.js: 0.7ms, application-code: 4ms)
 GET /api/files 200 in 3ms (next.js: 0.6ms, application-code: 2ms)
 GET /chat 200 in 23ms (next.js: 6ms, proxy.ts: 2.0ms, application-code: 14ms)
[browser] ../../../../../Users/jaywest/Myeve/node_modules/@novnc/novnc/core/util/browser.js
The generated code contains 'async/await' because this module is using "topLevelAwait".
However, your target environment does not appear to support 'async/await'.
As a result, the code may not run as expected or may cause runtime errors.
Model catalog failed Error [GatewayAuthenticationError]: AI Gateway authentication failed: No authentication provided.

Option 1 - API key:
Create an API key: https://vercel.com/d?to=%2F%5Bteam%5D%2F%7E%2Fai%2Fapi-keys
Provide via 'apiKey' option or 'AI_GATEWAY_API_KEY' environment variable.

Option 2 - Vercel access token:
Pass a Vercel personal access token or Vercel app access token via the 'apiKey' option.

Option 3 - OIDC token:
Run 'npx vercel link' to link your project, then 'vc env pull' to fetch the token.
    at async GET (app/api/models/route.ts:11:24)
   9 |
  10 |   try {
> 11 |     const { models } = await gateway.getAvailableModels();
     |                        ^
  12 |     const language = models
  13 |       .filter((model) => (model.modelType ?? "language") === "language")
  14 |       .map((model) => ({ {
  statusCode: 401,
  generationId: undefined,
  isRetryable: false,
  type: 'authentication_error',
  [cause]: Error [VercelOidcTokenError]: The 'x-vercel-oidc-token' header is missing from the request. Do you have the OIDC option enabled in the Vercel project settings?
  Unable to find project root directory. Have you linked your project with `vc link?`
      at async GET (app/api/models/route.ts:11:24)
     9 |
    10 |   try {
  > 11 |     const { models } = await gateway.getAvailableModels();
       |                        ^
    12 |     const language = models
    13 |       .filter((model) => (model.modelType ?? "language") === "language")
    14 |       .map((model) => ({ {
    cause: undefined
  }
}
 GET /api/models 503 in 4ms (next.js: 1.0ms, application-code: 3ms)
 GET /api/commands 200 in 1.5ms (next.js: 0.3ms, application-code: 1.1ms)
 GET /api/capabilities 200 in 1.4ms (next.js: 0.3ms, application-code: 1.1ms)
 GET /api/threads 200 in 4ms (next.js: 0.4ms, application-code: 4ms)
Model catalog failed Error [GatewayAuthenticationError]: AI Gateway authentication failed: No authentication provided.

Option 1 - API key:
Create an API key: https://vercel.com/d?to=%2F%5Bteam%5D%2F%7E%2Fai%2Fapi-keys
Provide via 'apiKey' option or 'AI_GATEWAY_API_KEY' environment variable.

Option 2 - Vercel access token:
Pass a Vercel personal access token or Vercel app access token via the 'apiKey' option.

Option 3 - OIDC token:
Run 'npx vercel link' to link your project, then 'vc env pull' to fetch the token.
    at async GET (app/api/models/route.ts:11:24)
   9 |
  10 |   try {
> 11 |     const { models } = await gateway.getAvailableModels();
     |                        ^
  12 |     const language = models
  13 |       .filter((model) => (model.modelType ?? "language") === "language")
  14 |       .map((model) => ({ {
  statusCode: 401,
  generationId: undefined,
  isRetryable: false,
  type: 'authentication_error',
  [cause]: Error [VercelOidcTokenError]: The 'x-vercel-oidc-token' header is missing from the request. Do you have the OIDC option enabled in the Vercel project settings?
  Unable to find project root directory. Have you linked your project with `vc link?`
      at async GET (app/api/models/route.ts:11:24)
     9 |
    10 |   try {
  > 11 |     const { models } = await gateway.getAvailableModels();
       |                        ^
    12 |     const language = models
    13 |       .filter((model) => (model.modelType ?? "language") === "language")
    14 |       .map((model) => ({ {
    cause: undefined
  }
}
 GET /api/models 503 in 2ms (next.js: 0.3ms, application-code: 1.9ms)
 GET /api/agents 200 in 12ms (next.js: 0.5ms, application-code: 12ms)
 GET /api/commands 200 in 1.5ms (next.js: 0.5ms, application-code: 1.0ms)
 GET /api/threads/a4d8a3fb-f7e4-435a-bac3-9e46992233b8 404 in 6ms (next.js: 1.5ms, application-code: 5ms)
 GET /api/threads 200 in 2ms (next.js: 0.4ms, application-code: 2ms)
 GET /api/agents 200 in 9ms (next.js: 0.4ms, application-code: 8ms)
 GET /api/threads/a4d8a3fb-f7e4-435a-bac3-9e46992233b8 404 in 2ms (next.js: 0.5ms, application-code: 1.7ms)
 GET /api/threads/a4d8a3fb-f7e4-435a-bac3-9e46992233b8 404 in 2ms (next.js: 0.6ms, application-code: 1.7ms)
 GET /api/threads/a4d8a3fb-f7e4-435a-bac3-9e46992233b8 404 in 3ms (next.js: 0.7ms, application-code: 2.0ms)
 GET /api/task-runs?threadId=a4d8a3fb-f7e4-435a-bac3-9e46992233b8 200 in 4ms (next.js: 0.4ms, application-code: 4ms)
 GET /api/task-runs?threadId=a4d8a3fb-f7e4-435a-bac3-9e46992233b8 200 in 3ms (next.js: 0.9ms, application-code: 2ms)
 GET /api/task-runs?threadId=a4d8a3fb-f7e4-435a-bac3-9e46992233b8 200 in 3ms (next.js: 0.6ms, application-code: 3ms)
 GET /api/task-runs?threadId=a4d8a3fb-f7e4-435a-bac3-9e46992233b8 200 in 1.8ms (next.js: 0.4ms, application-code: 1.4ms)
 GET /api/files 200 in 3ms (next.js: 0.7ms, application-code: 2ms)
⚠ ../../../../../Users/jaywest/Myeve/node_modules/@novnc/novnc/core/util/browser.js
The generated code contains 'async/await' because this module is using "topLevelAwait".
However, your target environment does not appear to support 'async/await'.
As a result, the code may not run as expected or may cause runtime errors.

Import trace for requested module:
../../../../../Users/jaywest/Myeve/node_modules/@novnc/novnc/core/util/browser.js
../../../../../Users/jaywest/Myeve/node_modules/@novnc/novnc/core/rfb.js
./components/computer-viewer.tsx
./components/computer-workspace.tsx
./app/chat.tsx

../../../../../Users/jaywest/Myeve/node_modules/eve/dist/src/internal/application/optional-package-install.js
Critical dependency: the request of a dependency is an expression

Import trace for requested module:
../../../../../Users/jaywest/Myeve/node_modules/eve/dist/src/internal/application/optional-package-install.js
../../../../../Users/jaywest/Myeve/node_modules/eve/dist/src/execution/sandbox/bash-tool.js
../../../../../Users/jaywest/Myeve/node_modules/eve/dist/src/public/tools/define-bash-tool.js
../../../../../Users/jaywest/Myeve/node_modules/eve/dist/src/public/tools/index.js
../../../../../Users/jaywest/Myeve/node_modules/@agent-browser/eve/dist/extension/tools/click.mjs
../../../../../Users/jaywest/Myeve/node_modules/@agent-browser/eve/dist/tools/index.mjs
./lib/readiness.ts
./app/api/readiness/route.ts
 GET /goals 200 in 275ms (next.js: 62ms, proxy.ts: 5ms, application-code: 208ms)
[browser] ../../../../../Users/jaywest/Myeve/node_modules/@novnc/novnc/core/util/browser.js
The generated code contains 'async/await' because this module is using "topLevelAwait".
However, your target environment does not appear to support 'async/await'.
As a result, the code may not run as expected or may cause runtime errors.
Model catalog failed Error [GatewayAuthenticationError]: AI Gateway authentication failed: No authentication provided.

Option 1 - API key:
Create an API key: https://vercel.com/d?to=%2F%5Bteam%5D%2F%7E%2Fai%2Fapi-keys
Provide via 'apiKey' option or 'AI_GATEWAY_API_KEY' environment variable.

Option 2 - Vercel access token:
Pass a Vercel personal access token or Vercel app access token via the 'apiKey' option.

Option 3 - OIDC token:
Run 'npx vercel link' to link your project, then 'vc env pull' to fetch the token.
    at async GET (app/api/models/route.ts:11:24)
   9 |
  10 |   try {
> 11 |     const { models } = await gateway.getAvailableModels();
     |                        ^
  12 |     const language = models
  13 |       .filter((model) => (model.modelType ?? "language") === "language")
  14 |       .map((model) => ({ {
  statusCode: 401,
  generationId: undefined,
  isRetryable: false,
  type: 'authentication_error',
  [cause]: Error [VercelOidcTokenError]: The 'x-vercel-oidc-token' header is missing from the request. Do you have the OIDC option enabled in the Vercel project settings?
  Unable to find project root directory. Have you linked your project with `vc link?`
      at async GET (app/api/models/route.ts:11:24)
     9 |
    10 |   try {
  > 11 |     const { models } = await gateway.getAvailableModels();
       |                        ^
    12 |     const language = models
    13 |       .filter((model) => (model.modelType ?? "language") === "language")
    14 |       .map((model) => ({ {
    cause: undefined
  }
}
 GET /api/models 503 in 20ms (next.js: 0.7ms, application-code: 19ms)
 GET /api/commands 200 in 56ms (next.js: 2ms, application-code: 53ms)
 GET /api/goals 200 in 106ms (next.js: 5ms, application-code: 102ms)
 GET /api/capabilities 200 in 3ms (next.js: 1.1ms, application-code: 1.5ms)
 GET /api/agents 200 in 76ms (next.js: 1.4ms, application-code: 74ms)
Model catalog failed Error [GatewayAuthenticationError]: AI Gateway authentication failed: No authentication provided.

Option 1 - API key:
Create an API key: https://vercel.com/d?to=%2F%5Bteam%5D%2F%7E%2Fai%2Fapi-keys
Provide via 'apiKey' option or 'AI_GATEWAY_API_KEY' environment variable.

Option 2 - Vercel access token:
Pass a Vercel personal access token or Vercel app access token via the 'apiKey' option.

Option 3 - OIDC token:
Run 'npx vercel link' to link your project, then 'vc env pull' to fetch the token.
    at async GET (app/api/models/route.ts:11:24)
   9 |
  10 |   try {
> 11 |     const { models } = await gateway.getAvailableModels();
     |                        ^
  12 |     const language = models
  13 |       .filter((model) => (model.modelType ?? "language") === "language")
  14 |       .map((model) => ({ {
  statusCode: 401,
  generationId: undefined,
  isRetryable: false,
  type: 'authentication_error',
  [cause]: Error [VercelOidcTokenError]: The 'x-vercel-oidc-token' header is missing from the request. Do you have the OIDC option enabled in the Vercel project settings?
  Unable to find project root directory. Have you linked your project with `vc link?`
      at async GET (app/api/models/route.ts:11:24)
     9 |
    10 |   try {
  > 11 |     const { models } = await gateway.getAvailableModels();
       |                        ^
    12 |     const language = models
    13 |       .filter((model) => (model.modelType ?? "language") === "language")
    14 |       .map((model) => ({ {
    cause: undefined
  }
}
 GET /api/models 503 in 2ms (next.js: 0.4ms, application-code: 2ms)
 GET /api/threads/b5d62111-1c85-4622-9826-9fc3c05ae6d6 404 in 15ms (next.js: 2ms, application-code: 13ms)
 GET /api/threads 200 in 28ms (next.js: 1.9ms, application-code: 26ms)
 GET /api/commands 200 in 1.4ms (next.js: 0.5ms, application-code: 1.0ms)
 GET /api/goals/focus 200 in 115ms (next.js: 4ms, application-code: 110ms)
 GET /api/goals 200 in 3ms (next.js: 0.3ms, application-code: 2ms)
 GET /api/threads 200 in 2ms (next.js: 0.3ms, application-code: 2ms)
 GET /api/threads/b5d62111-1c85-4622-9826-9fc3c05ae6d6 404 in 3ms (next.js: 0.5ms, application-code: 2ms)
 GET /api/agents 200 in 9ms (next.js: 0.3ms, application-code: 9ms)
 GET /api/goals/focus 200 in 7ms (next.js: 0.3ms, application-code: 6ms)
 GET /api/threads/b5d62111-1c85-4622-9826-9fc3c05ae6d6 404 in 2ms (next.js: 0.6ms, application-code: 1.7ms)
⚠ ../../../../../Users/jaywest/Myeve/node_modules/@novnc/novnc/core/util/browser.js
The generated code contains 'async/await' because this module is using "topLevelAwait".
However, your target environment does not appear to support 'async/await'.
As a result, the code may not run as expected or may cause runtime errors.

Import trace for requested module:
../../../../../Users/jaywest/Myeve/node_modules/@novnc/novnc/core/util/browser.js
../../../../../Users/jaywest/Myeve/node_modules/@novnc/novnc/core/rfb.js
./components/computer-viewer.tsx
./components/computer-workspace.tsx
./app/chat.tsx

../../../../../Users/jaywest/Myeve/node_modules/eve/dist/src/internal/application/optional-package-install.js
Critical dependency: the request of a dependency is an expression

Import trace for requested module:
../../../../../Users/jaywest/Myeve/node_modules/eve/dist/src/internal/application/optional-package-install.js
../../../../../Users/jaywest/Myeve/node_modules/eve/dist/src/execution/sandbox/bash-tool.js
../../../../../Users/jaywest/Myeve/node_modules/eve/dist/src/public/tools/define-bash-tool.js
../../../../../Users/jaywest/Myeve/node_modules/eve/dist/src/public/tools/index.js
../../../../../Users/jaywest/Myeve/node_modules/@agent-browser/eve/dist/extension/tools/click.mjs
../../../../../Users/jaywest/Myeve/node_modules/@agent-browser/eve/dist/tools/index.mjs
./lib/readiness.ts
./app/api/readiness/route.ts
[browser] ../../../../../Users/jaywest/Myeve/node_modules/@novnc/novnc/core/util/browser.js
The generated code contains 'async/await' because this module is using "topLevelAwait".
However, your target environment does not appear to support 'async/await'.
As a result, the code may not run as expected or may cause runtime errors.

Import trace for requested module:
../../../../../Users/jaywest/Myeve/node_modules/@novnc/novnc/core/util/browser.js
../../../../../Users/jaywest/Myeve/node_modules/@novnc/novnc/core/rfb.js
./components/computer-viewer.tsx
./components/computer-workspace.tsx
./app/chat.tsx
[browser] ../../../../../Users/jaywest/Myeve/node_modules/@novnc/novnc/core/util/browser.js
The generated code contains 'async/await' because this module is using "topLevelAwait".
However, your target environment does not appear to support 'async/await'.
As a result, the code may not run as expected or may cause runtime errors.

Import trace for requested module:
../../../../../Users/jaywest/Myeve/node_modules/@novnc/novnc/core/util/browser.js
../../../../../Users/jaywest/Myeve/node_modules/@novnc/novnc/core/rfb.js
./components/computer-viewer.tsx
./components/computer-workspace.tsx
./app/chat.tsx
⚠ ../../../../../Users/jaywest/Myeve/node_modules/@novnc/novnc/core/util/browser.js
The generated code contains 'async/await' because this module is using "topLevelAwait".
However, your target environment does not appear to support 'async/await'.
As a result, the code may not run as expected or may cause runtime errors.

Import trace for requested module:
../../../../../Users/jaywest/Myeve/node_modules/@novnc/novnc/core/util/browser.js
../../../../../Users/jaywest/Myeve/node_modules/@novnc/novnc/core/rfb.js
./components/computer-viewer.tsx
./components/computer-workspace.tsx
./app/chat.tsx

../../../../../Users/jaywest/Myeve/node_modules/eve/dist/src/internal/application/optional-package-install.js
Critical dependency: the request of a dependency is an expression

Import trace for requested module:
../../../../../Users/jaywest/Myeve/node_modules/eve/dist/src/internal/application/optional-package-install.js
../../../../../Users/jaywest/Myeve/node_modules/eve/dist/src/execution/sandbox/bash-tool.js
../../../../../Users/jaywest/Myeve/node_modules/eve/dist/src/public/tools/define-bash-tool.js
../../../../../Users/jaywest/Myeve/node_modules/eve/dist/src/public/tools/index.js
../../../../../Users/jaywest/Myeve/node_modules/@agent-browser/eve/dist/extension/tools/click.mjs
../../../../../Users/jaywest/Myeve/node_modules/@agent-browser/eve/dist/tools/index.mjs
./lib/readiness.ts
./app/api/readiness/route.ts
[browser] ../../../../../Users/jaywest/Myeve/node_modules/@novnc/novnc/core/util/browser.js
The generated code contains 'async/await' because this module is using "topLevelAwait".
However, your target environment does not appear to support 'async/await'.
As a result, the code may not run as expected or may cause runtime errors.

Import trace for requested module:
../../../../../Users/jaywest/Myeve/node_modules/@novnc/novnc/core/util/browser.js
../../../../../Users/jaywest/Myeve/node_modules/@novnc/novnc/core/rfb.js
./components/computer-viewer.tsx
./components/computer-workspace.tsx
./app/chat.tsx
 GET /api/task-runs?threadId=b5d62111-1c85-4622-9826-9fc3c05ae6d6 200 in 1396ms (next.js: 1367ms, application-code: 29ms)
 GET /api/goals 200 in 1199ms (next.js: 1170ms, application-code: 29ms)
 GET /api/task-runs?threadId=b5d62111-1c85-4622-9826-9fc3c05ae6d6 200 in 1398ms (next.js: 1367ms, application-code: 31ms)
 GET /api/goals/goal_b96e7077-00db-43dd-913c-372f69f9301e 200 in 1897ms (next.js: 1865ms, application-code: 32ms)
⚠ ../../../../../Users/jaywest/Myeve/node_modules/@novnc/novnc/core/util/browser.js
The generated code contains 'async/await' because this module is using "topLevelAwait".
However, your target environment does not appear to support 'async/await'.
As a result, the code may not run as expected or may cause runtime errors.

Import trace for requested module:
../../../../../Users/jaywest/Myeve/node_modules/@novnc/novnc/core/util/browser.js
../../../../../Users/jaywest/Myeve/node_modules/@novnc/novnc/core/rfb.js
./components/computer-viewer.tsx
./components/computer-workspace.tsx
./app/chat.tsx

../../../../../Users/jaywest/Myeve/node_modules/eve/dist/src/internal/application/optional-package-install.js
Critical dependency: the request of a dependency is an expression

Import trace for requested module:
../../../../../Users/jaywest/Myeve/node_modules/eve/dist/src/internal/application/optional-package-install.js
../../../../../Users/jaywest/Myeve/node_modules/eve/dist/src/execution/sandbox/bash-tool.js
../../../../../Users/jaywest/Myeve/node_modules/eve/dist/src/public/tools/define-bash-tool.js
../../../../../Users/jaywest/Myeve/node_modules/eve/dist/src/public/tools/index.js
../../../../../Users/jaywest/Myeve/node_modules/@agent-browser/eve/dist/extension/tools/click.mjs
../../../../../Users/jaywest/Myeve/node_modules/@agent-browser/eve/dist/tools/index.mjs
./lib/readiness.ts
./app/api/readiness/route.ts
 GET /api/goals/focus 200 in 1213ms (next.js: 1168ms, application-code: 46ms)
 GET /api/threads/b5d62111-1c85-4622-9826-9fc3c05ae6d6 404 in 1904ms (next.js: 1859ms, application-code: 45ms)
⚠ ../../../../../Users/jaywest/Myeve/node_modules/@novnc/novnc/core/util/browser.js
The generated code contains 'async/await' because this module is using "topLevelAwait".
However, your target environment does not appear to support 'async/await'.
As a result, the code may not run as expected or may cause runtime errors.

Import trace for requested module:
../../../../../Users/jaywest/Myeve/node_modules/@novnc/novnc/core/util/browser.js
../../../../../Users/jaywest/Myeve/node_modules/@novnc/novnc/core/rfb.js
./components/computer-viewer.tsx
./components/computer-workspace.tsx
./app/chat.tsx

../../../../../Users/jaywest/Myeve/node_modules/eve/dist/src/internal/application/optional-package-install.js
Critical dependency: the request of a dependency is an expression

Import trace for requested module:
../../../../../Users/jaywest/Myeve/node_modules/eve/dist/src/internal/application/optional-package-install.js
../../../../../Users/jaywest/Myeve/node_modules/eve/dist/src/execution/sandbox/bash-tool.js
../../../../../Users/jaywest/Myeve/node_modules/eve/dist/src/public/tools/define-bash-tool.js
../../../../../Users/jaywest/Myeve/node_modules/eve/dist/src/public/tools/index.js
../../../../../Users/jaywest/Myeve/node_modules/@agent-browser/eve/dist/extension/tools/click.mjs
../../../../../Users/jaywest/Myeve/node_modules/@agent-browser/eve/dist/tools/index.mjs
./lib/readiness.ts
./app/api/readiness/route.ts
 GET /manage 200 in 517ms (next.js: 30ms, proxy.ts: 321ms, application-code: 166ms)
[browser] ../../../../../Users/jaywest/Myeve/node_modules/@novnc/novnc/core/util/browser.js
The generated code contains 'async/await' because this module is using "topLevelAwait".
However, your target environment does not appear to support 'async/await'.
As a result, the code may not run as expected or may cause runtime errors.
 GET /api/capabilities 200 in 3ms (next.js: 1.6ms, application-code: 1.7ms)
 GET /api/update-check 200 in 4ms (next.js: 3ms, application-code: 1.3ms)
Model catalog failed Error [GatewayAuthenticationError]: AI Gateway authentication failed: No authentication provided.

Option 1 - API key:
Create an API key: https://vercel.com/d?to=%2F%5Bteam%5D%2F%7E%2Fai%2Fapi-keys
Provide via 'apiKey' option or 'AI_GATEWAY_API_KEY' environment variable.

Option 2 - Vercel access token:
Pass a Vercel personal access token or Vercel app access token via the 'apiKey' option.

Option 3 - OIDC token:
Run 'npx vercel link' to link your project, then 'vc env pull' to fetch the token.
    at async GET (app/api/models/route.ts:11:24)
   9 |
  10 |   try {
> 11 |     const { models } = await gateway.getAvailableModels();
     |                        ^
  12 |     const language = models
  13 |       .filter((model) => (model.modelType ?? "language") === "language")
  14 |       .map((model) => ({ {
  statusCode: 401,
  generationId: undefined,
  isRetryable: false,
  type: 'authentication_error',
  [cause]: Error [VercelOidcTokenError]: The 'x-vercel-oidc-token' header is missing from the request. Do you have the OIDC option enabled in the Vercel project settings?
  Unable to find project root directory. Have you linked your project with `vc link?`
      at async GET (app/api/models/route.ts:11:24)
     9 |
    10 |   try {
  > 11 |     const { models } = await gateway.getAvailableModels();
       |                        ^
    12 |     const language = models
    13 |       .filter((model) => (model.modelType ?? "language") === "language")
    14 |       .map((model) => ({ {
    cause: undefined
  }
}
 GET /api/models 503 in 7ms (next.js: 0.9ms, application-code: 6ms)
 GET /api/capabilities 200 in 2ms (next.js: 0.4ms, application-code: 1.8ms)
 GET /api/commands 200 in 10ms (next.js: 0.8ms, application-code: 10ms)
 GET /api/agents 200 in 13ms (next.js: 0.4ms, application-code: 13ms)
 GET /api/update-check 200 in 1.3ms (next.js: 0.5ms, application-code: 0.8ms)
Model catalog failed Error [GatewayAuthenticationError]: AI Gateway authentication failed: No authentication provided.

Option 1 - API key:
Create an API key: https://vercel.com/d?to=%2F%5Bteam%5D%2F%7E%2Fai%2Fapi-keys
Provide via 'apiKey' option or 'AI_GATEWAY_API_KEY' environment variable.

Option 2 - Vercel access token:
Pass a Vercel personal access token or Vercel app access token via the 'apiKey' option.

Option 3 - OIDC token:
Run 'npx vercel link' to link your project, then 'vc env pull' to fetch the token.
    at async GET (app/api/models/route.ts:11:24)
   9 |
  10 |   try {
> 11 |     const { models } = await gateway.getAvailableModels();
     |                        ^
  12 |     const language = models
  13 |       .filter((model) => (model.modelType ?? "language") === "language")
  14 |       .map((model) => ({ {
  statusCode: 401,
  generationId: undefined,
  isRetryable: false,
  type: 'authentication_error',
  [cause]: Error [VercelOidcTokenError]: The 'x-vercel-oidc-token' header is missing from the request. Do you have the OIDC option enabled in the Vercel project settings?
  Unable to find project root directory. Have you linked your project with `vc link?`
      at async GET (app/api/models/route.ts:11:24)
     9 |
    10 |   try {
  > 11 |     const { models } = await gateway.getAvailableModels();
       |                        ^
    12 |     const language = models
    13 |       .filter((model) => (model.modelType ?? "language") === "language")
    14 |       .map((model) => ({ {
    cause: undefined
  }
}
 GET /api/models 503 in 2ms (next.js: 0.3ms, application-code: 1.9ms)
 GET /api/capabilities 200 in 1.8ms (next.js: 0.4ms, application-code: 1.4ms)
 GET /api/commands 200 in 1.2ms (next.js: 0.3ms, application-code: 0.9ms)
 GET /api/threads 200 in 24ms (next.js: 1.3ms, application-code: 22ms)
 GET /api/threads/8e5fac14-e182-46df-9ea2-835123942408 404 in 14ms (next.js: 3ms, application-code: 11ms)
⚠ ../../../../../Users/jaywest/Myeve/node_modules/@novnc/novnc/core/util/browser.js
The generated code contains 'async/await' because this module is using "topLevelAwait".
However, your target environment does not appear to support 'async/await'.
As a result, the code may not run as expected or may cause runtime errors.

Import trace for requested module:
../../../../../Users/jaywest/Myeve/node_modules/@novnc/novnc/core/util/browser.js
../../../../../Users/jaywest/Myeve/node_modules/@novnc/novnc/core/rfb.js
./components/computer-viewer.tsx
./components/computer-workspace.tsx
./app/chat.tsx

../../../../../Users/jaywest/Myeve/node_modules/eve/dist/src/internal/application/optional-package-install.js
Critical dependency: the request of a dependency is an expression

Import trace for requested module:
../../../../../Users/jaywest/Myeve/node_modules/eve/dist/src/internal/application/optional-package-install.js
../../../../../Users/jaywest/Myeve/node_modules/eve/dist/src/execution/sandbox/bash-tool.js
../../../../../Users/jaywest/Myeve/node_modules/eve/dist/src/public/tools/define-bash-tool.js
../../../../../Users/jaywest/Myeve/node_modules/eve/dist/src/public/tools/index.js
../../../../../Users/jaywest/Myeve/node_modules/@agent-browser/eve/dist/extension/tools/click.mjs
../../../../../Users/jaywest/Myeve/node_modules/@agent-browser/eve/dist/tools/index.mjs
./lib/readiness.ts
./app/api/readiness/route.ts
 GET /api/agents 200 in 27ms (next.js: 0.3ms, application-code: 26ms)
 GET /api/automations 200 in 27ms (next.js: 3ms, application-code: 24ms)
[browser] ../../../../../Users/jaywest/Myeve/node_modules/@novnc/novnc/core/util/browser.js
The generated code contains 'async/await' because this module is using "topLevelAwait".
However, your target environment does not appear to support 'async/await'.
As a result, the code may not run as expected or may cause runtime errors.

Import trace for requested module:
../../../../../Users/jaywest/Myeve/node_modules/@novnc/novnc/core/util/browser.js
../../../../../Users/jaywest/Myeve/node_modules/@novnc/novnc/core/rfb.js
./components/computer-viewer.tsx
./components/computer-workspace.tsx
./app/chat.tsx
⚠ ../../../../../Users/jaywest/Myeve/node_modules/@novnc/novnc/core/util/browser.js
The generated code contains 'async/await' because this module is using "topLevelAwait".
However, your target environment does not appear to support 'async/await'.
As a result, the code may not run as expected or may cause runtime errors.

Import trace for requested module:
../../../../../Users/jaywest/Myeve/node_modules/@novnc/novnc/core/util/browser.js
../../../../../Users/jaywest/Myeve/node_modules/@novnc/novnc/core/rfb.js
./components/computer-viewer.tsx
./components/computer-workspace.tsx
./app/chat.tsx

../../../../../Users/jaywest/Myeve/node_modules/eve/dist/src/internal/application/optional-package-install.js
Critical dependency: the request of a dependency is an expression

Import trace for requested module:
../../../../../Users/jaywest/Myeve/node_modules/eve/dist/src/internal/application/optional-package-install.js
../../../../../Users/jaywest/Myeve/node_modules/eve/dist/src/execution/sandbox/bash-tool.js
../../../../../Users/jaywest/Myeve/node_modules/eve/dist/src/public/tools/define-bash-tool.js
../../../../../Users/jaywest/Myeve/node_modules/eve/dist/src/public/tools/index.js
../../../../../Users/jaywest/Myeve/node_modules/@agent-browser/eve/dist/extension/tools/click.mjs
../../../../../Users/jaywest/Myeve/node_modules/@agent-browser/eve/dist/tools/index.mjs
./lib/readiness.ts
./app/api/readiness/route.ts
 GET /api/capabilities 200 in 1311ms (next.js: 1190ms, application-code: 121ms)
[browser] ../../../../../Users/jaywest/Myeve/node_modules/@novnc/novnc/core/util/browser.js
The generated code contains 'async/await' because this module is using "topLevelAwait".
However, your target environment does not appear to support 'async/await'.
As a result, the code may not run as expected or may cause runtime errors.

Import trace for requested module:
../../../../../Users/jaywest/Myeve/node_modules/@novnc/novnc/core/util/browser.js
../../../../../Users/jaywest/Myeve/node_modules/@novnc/novnc/core/rfb.js
./components/computer-viewer.tsx
./components/computer-workspace.tsx
./app/chat.tsx
 GET /api/operations 200 in 1315ms (next.js: 1188ms, application-code: 127ms)
 GET /api/readiness 200 in 1324ms (next.js: 1192ms, application-code: 131ms)
 GET /api/capabilities 200 in 1.9ms (next.js: 0.5ms, application-code: 1.4ms)
 GET /api/automations 200 in 1641ms (next.js: 1507ms, application-code: 134ms)
 GET /api/operations 200 in 8ms (next.js: 0.4ms, application-code: 8ms)
 GET /api/threads 200 in 1659ms (next.js: 1515ms, application-code: 145ms)
 GET /api/threads/8e5fac14-e182-46df-9ea2-835123942408 404 in 1651ms (next.js: 1506ms, application-code: 146ms)
 GET /api/goals 200 in 8ms (next.js: 3ms, application-code: 4ms)
 GET /api/capabilities 200 in 1.5ms (next.js: 0.3ms, application-code: 1.2ms)
 GET /api/goals 200 in 5ms (next.js: 0.4ms, application-code: 5ms)
 GET /api/agents 200 in 19ms (next.js: 1.0ms, application-code: 18ms)
⚠ ../../../../../Users/jaywest/Myeve/node_modules/@novnc/novnc/core/util/browser.js
The generated code contains 'async/await' because this module is using "topLevelAwait".
However, your target environment does not appear to support 'async/await'.
As a result, the code may not run as expected or may cause runtime errors.

Import trace for requested module:
../../../../../Users/jaywest/Myeve/node_modules/@novnc/novnc/core/util/browser.js
../../../../../Users/jaywest/Myeve/node_modules/@novnc/novnc/core/rfb.js
./components/computer-viewer.tsx
./components/computer-workspace.tsx
./app/chat.tsx

../../../../../Users/jaywest/Myeve/node_modules/eve/dist/src/internal/application/optional-package-install.js
Critical dependency: the request of a dependency is an expression

Import trace for requested module:
../../../../../Users/jaywest/Myeve/node_modules/eve/dist/src/internal/application/optional-package-install.js
../../../../../Users/jaywest/Myeve/node_modules/eve/dist/src/execution/sandbox/bash-tool.js
../../../../../Users/jaywest/Myeve/node_modules/eve/dist/src/public/tools/define-bash-tool.js
../../../../../Users/jaywest/Myeve/node_modules/eve/dist/src/public/tools/index.js
../../../../../Users/jaywest/Myeve/node_modules/@agent-browser/eve/dist/extension/tools/click.mjs
../../../../../Users/jaywest/Myeve/node_modules/@agent-browser/eve/dist/tools/index.mjs
./lib/readiness.ts
./app/api/readiness/route.ts
 GET /api/agents 200 in 18ms (next.js: 0.4ms, application-code: 17ms)
 GET /api/agents 200 in 17ms (next.js: 0.4ms, application-code: 16ms)
[browser] ../../../../../Users/jaywest/Myeve/node_modules/@novnc/novnc/core/util/browser.js
The generated code contains 'async/await' because this module is using "topLevelAwait".
However, your target environment does not appear to support 'async/await'.
As a result, the code may not run as expected or may cause runtime errors.

Import trace for requested module:
../../../../../Users/jaywest/Myeve/node_modules/@novnc/novnc/core/util/browser.js
../../../../../Users/jaywest/Myeve/node_modules/@novnc/novnc/core/rfb.js
./components/computer-viewer.tsx
./components/computer-workspace.tsx
./app/chat.tsx
⚠ ../../../../../Users/jaywest/Myeve/node_modules/@novnc/novnc/core/util/browser.js
The generated code contains 'async/await' because this module is using "topLevelAwait".
However, your target environment does not appear to support 'async/await'.
As a result, the code may not run as expected or may cause runtime errors.

Import trace for requested module:
../../../../../Users/jaywest/Myeve/node_modules/@novnc/novnc/core/util/browser.js
../../../../../Users/jaywest/Myeve/node_modules/@novnc/novnc/core/rfb.js
./components/computer-viewer.tsx
./components/computer-workspace.tsx
./app/chat.tsx

../../../../../Users/jaywest/Myeve/node_modules/eve/dist/src/internal/application/optional-package-install.js
Critical dependency: the request of a dependency is an expression

Import trace for requested module:
../../../../../Users/jaywest/Myeve/node_modules/eve/dist/src/internal/application/optional-package-install.js
../../../../../Users/jaywest/Myeve/node_modules/eve/dist/src/execution/sandbox/bash-tool.js
../../../../../Users/jaywest/Myeve/node_modules/eve/dist/src/public/tools/define-bash-tool.js
../../../../../Users/jaywest/Myeve/node_modules/eve/dist/src/public/tools/index.js
../../../../../Users/jaywest/Myeve/node_modules/@agent-browser/eve/dist/extension/tools/click.mjs
../../../../../Users/jaywest/Myeve/node_modules/@agent-browser/eve/dist/tools/index.mjs
./lib/readiness.ts
./app/api/readiness/route.ts
[browser] ../../../../../Users/jaywest/Myeve/node_modules/@novnc/novnc/core/util/browser.js
The generated code contains 'async/await' because this module is using "topLevelAwait".
However, your target environment does not appear to support 'async/await'.
As a result, the code may not run as expected or may cause runtime errors.

Import trace for requested module:
../../../../../Users/jaywest/Myeve/node_modules/@novnc/novnc/core/util/browser.js
../../../../../Users/jaywest/Myeve/node_modules/@novnc/novnc/core/rfb.js
./components/computer-viewer.tsx
./components/computer-workspace.tsx
./app/chat.tsx
 GET /api/review-schedule 200 in 1894ms (next.js: 1769ms, application-code: 125ms)
 GET /api/slack 200 in 1906ms (next.js: 1779ms, application-code: 127ms)
 GET /api/skills 200 in 1912ms (next.js: 1771ms, application-code: 141ms)
 GET /api/skills 200 in 1913ms (next.js: 1770ms, application-code: 143ms)
 GET /api/readiness 200 in 13ms (next.js: 1.7ms, application-code: 12ms)
 GET /api/capabilities 200 in 3ms (next.js: 1.3ms, application-code: 1.7ms)
 GET /api/slack 200 in 3ms (next.js: 0.5ms, application-code: 2ms)
 GET /api/agents 200 in 71ms (next.js: 1.2ms, application-code: 70ms)
 GET /api/threads/8e5fac14-e182-46df-9ea2-835123942408 404 in 77ms (next.js: 2ms, application-code: 75ms)
 GET /manage/skills 200 in 317ms (next.js: 68ms, proxy.ts: 220ms, application-code: 30ms)
 GET /api/imessage 200 in 2.0s (next.js: 1774ms, application-code: 229ms)
 GET /api/imessage 200 in 2ms (next.js: 0.6ms, application-code: 1.5ms)
⚠ ../../../../../Users/jaywest/Myeve/node_modules/@novnc/novnc/core/util/browser.js
The generated code contains 'async/await' because this module is using "topLevelAwait".
However, your target environment does not appear to support 'async/await'.
As a result, the code may not run as expected or may cause runtime errors.

Import trace for requested module:
../../../../../Users/jaywest/Myeve/node_modules/@novnc/novnc/core/util/browser.js
../../../../../Users/jaywest/Myeve/node_modules/@novnc/novnc/core/rfb.js
./components/computer-viewer.tsx
./components/computer-workspace.tsx
./app/chat.tsx

../../../../../Users/jaywest/Myeve/node_modules/eve/dist/src/internal/application/optional-package-install.js
Critical dependency: the request of a dependency is an expression

Import trace for requested module:
../../../../../Users/jaywest/Myeve/node_modules/eve/dist/src/internal/application/optional-package-install.js
../../../../../Users/jaywest/Myeve/node_modules/eve/dist/src/execution/sandbox/bash-tool.js
../../../../../Users/jaywest/Myeve/node_modules/eve/dist/src/public/tools/define-bash-tool.js
../../../../../Users/jaywest/Myeve/node_modules/eve/dist/src/public/tools/index.js
../../../../../Users/jaywest/Myeve/node_modules/@agent-browser/eve/dist/extension/tools/click.mjs
../../../../../Users/jaywest/Myeve/node_modules/@agent-browser/eve/dist/tools/index.mjs
./lib/readiness.ts
./app/api/readiness/route.ts
 GET /manage/routines 200 in 24ms (next.js: 1.9ms, proxy.ts: 1.8ms, application-code: 21ms)
[browser] ../../../../../Users/jaywest/Myeve/node_modules/@novnc/novnc/core/util/browser.js
The generated code contains 'async/await' because this module is using "topLevelAwait".
However, your target environment does not appear to support 'async/await'.
As a result, the code may not run as expected or may cause runtime errors.

Import trace for requested module:
../../../../../Users/jaywest/Myeve/node_modules/@novnc/novnc/core/util/browser.js
../../../../../Users/jaywest/Myeve/node_modules/@novnc/novnc/core/rfb.js
./components/computer-viewer.tsx
./components/computer-workspace.tsx
./app/chat.tsx
⚠ ../../../../../Users/jaywest/Myeve/node_modules/@novnc/novnc/core/util/browser.js
The generated code contains 'async/await' because this module is using "topLevelAwait".
However, your target environment does not appear to support 'async/await'.
As a result, the code may not run as expected or may cause runtime errors.

Import trace for requested module:
../../../../../Users/jaywest/Myeve/node_modules/@novnc/novnc/core/util/browser.js
../../../../../Users/jaywest/Myeve/node_modules/@novnc/novnc/core/rfb.js
./components/computer-viewer.tsx
./components/computer-workspace.tsx
./app/chat.tsx

../../../../../Users/jaywest/Myeve/node_modules/eve/dist/src/internal/application/optional-package-install.js
Critical dependency: the request of a dependency is an expression

Import trace for requested module:
../../../../../Users/jaywest/Myeve/node_modules/eve/dist/src/internal/application/optional-package-install.js
../../../../../Users/jaywest/Myeve/node_modules/eve/dist/src/execution/sandbox/bash-tool.js
../../../../../Users/jaywest/Myeve/node_modules/eve/dist/src/public/tools/define-bash-tool.js
../../../../../Users/jaywest/Myeve/node_modules/eve/dist/src/public/tools/index.js
../../../../../Users/jaywest/Myeve/node_modules/@agent-browser/eve/dist/extension/tools/click.mjs
../../../../../Users/jaywest/Myeve/node_modules/@agent-browser/eve/dist/tools/index.mjs
./lib/readiness.ts
./app/api/readiness/route.ts
[browser] ../../../../../Users/jaywest/Myeve/node_modules/@novnc/novnc/core/util/browser.js
The generated code contains 'async/await' because this module is using "topLevelAwait".
However, your target environment does not appear to support 'async/await'.
As a result, the code may not run as expected or may cause runtime errors.

Import trace for requested module:
../../../../../Users/jaywest/Myeve/node_modules/@novnc/novnc/core/util/browser.js
../../../../../Users/jaywest/Myeve/node_modules/@novnc/novnc/core/rfb.js
./components/computer-viewer.tsx
./components/computer-workspace.tsx
./app/chat.tsx
 GET /api/routines 200 in 1660ms (next.js: 1617ms, application-code: 43ms)
 GET /api/threads/8e5fac14-e182-46df-9ea2-835123942408 404 in 1661ms (next.js: 1617ms, application-code: 44ms)
 GET /manage/routines 200 in 284ms (next.js: 35ms, proxy.ts: 60ms, application-code: 190ms)
[browser] ../../../../../Users/jaywest/Myeve/node_modules/@novnc/novnc/core/util/browser.js
The generated code contains 'async/await' because this module is using "topLevelAwait".
However, your target environment does not appear to support 'async/await'.
As a result, the code may not run as expected or may cause runtime errors.
 GET /api/capabilities 200 in 5ms (next.js: 1.6ms, application-code: 3ms)
 GET /api/update-check 200 in 4ms (next.js: 2ms, application-code: 1.9ms)
Model catalog failed Error [GatewayAuthenticationError]: AI Gateway authentication failed: No authentication provided.

Option 1 - API key:
Create an API key: https://vercel.com/d?to=%2F%5Bteam%5D%2F%7E%2Fai%2Fapi-keys
Provide via 'apiKey' option or 'AI_GATEWAY_API_KEY' environment variable.

Option 2 - Vercel access token:
Pass a Vercel personal access token or Vercel app access token via the 'apiKey' option.

Option 3 - OIDC token:
Run 'npx vercel link' to link your project, then 'vc env pull' to fetch the token.
    at async GET (app/api/models/route.ts:11:24)
   9 |
  10 |   try {
> 11 |     const { models } = await gateway.getAvailableModels();
     |                        ^
  12 |     const language = models
  13 |       .filter((model) => (model.modelType ?? "language") === "language")
  14 |       .map((model) => ({ {
  statusCode: 401,
  generationId: undefined,
  isRetryable: false,
  type: 'authentication_error',
  [cause]: Error [VercelOidcTokenError]: The 'x-vercel-oidc-token' header is missing from the request. Do you have the OIDC option enabled in the Vercel project settings?
  Unable to find project root directory. Have you linked your project with `vc link?`
      at async GET (app/api/models/route.ts:11:24)
     9 |
    10 |   try {
  > 11 |     const { models } = await gateway.getAvailableModels();
       |                        ^
    12 |     const language = models
    13 |       .filter((model) => (model.modelType ?? "language") === "language")
    14 |       .map((model) => ({ {
    cause: undefined
  }
}
 GET /api/models 503 in 13ms (next.js: 0.9ms, application-code: 13ms)
 GET /api/capabilities 200 in 1.5ms (next.js: 0.3ms, application-code: 1.2ms)
 GET /api/capabilities 200 in 2ms (next.js: 0.7ms, application-code: 1.4ms)
 GET /api/commands 200 in 31ms (next.js: 1.1ms, application-code: 30ms)
 GET /api/agents 200 in 45ms (next.js: 1.3ms, application-code: 44ms)
 GET /api/threads 200 in 4ms (next.js: 1.5ms, application-code: 3ms)
 GET /api/update-check 200 in 1.2ms (next.js: 0.4ms, application-code: 0.8ms)
Model catalog failed Error [GatewayAuthenticationError]: AI Gateway authentication failed: No authentication provided.

Option 1 - API key:
Create an API key: https://vercel.com/d?to=%2F%5Bteam%5D%2F%7E%2Fai%2Fapi-keys
Provide via 'apiKey' option or 'AI_GATEWAY_API_KEY' environment variable.

Option 2 - Vercel access token:
Pass a Vercel personal access token or Vercel app access token via the 'apiKey' option.

Option 3 - OIDC token:
Run 'npx vercel link' to link your project, then 'vc env pull' to fetch the token.
    at async GET (app/api/models/route.ts:11:24)
   9 |
  10 |   try {
> 11 |     const { models } = await gateway.getAvailableModels();
     |                        ^
  12 |     const language = models
  13 |       .filter((model) => (model.modelType ?? "language") === "language")
  14 |       .map((model) => ({ {
  statusCode: 401,
  generationId: undefined,
  isRetryable: false,
  type: 'authentication_error',
  [cause]: Error [VercelOidcTokenError]: The 'x-vercel-oidc-token' header is missing from the request. Do you have the OIDC option enabled in the Vercel project settings?
  Unable to find project root directory. Have you linked your project with `vc link?`
      at async GET (app/api/models/route.ts:11:24)
     9 |
    10 |   try {
  > 11 |     const { models } = await gateway.getAvailableModels();
       |                        ^
    12 |     const language = models
    13 |       .filter((model) => (model.modelType ?? "language") === "language")
    14 |       .map((model) => ({ {
    cause: undefined
  }
}
 GET /api/models 503 in 2ms (next.js: 0.3ms, application-code: 2ms)
 GET /api/threads/8e5fac14-e182-46df-9ea2-835123942408 404 in 6ms (next.js: 1.3ms, application-code: 5ms)
 GET /api/capabilities 200 in 1.6ms (next.js: 0.3ms, application-code: 1.3ms)
 GET /api/commands 200 in 1.6ms (next.js: 0.4ms, application-code: 1.1ms)
 GET /api/automations 200 in 12ms (next.js: 0.9ms, application-code: 11ms)
 GET /api/routines 200 in 13ms (next.js: 0.3ms, application-code: 13ms)
 GET /api/threads 200 in 4ms (next.js: 0.4ms, application-code: 4ms)
 GET /api/agents 200 in 9ms (next.js: 0.4ms, application-code: 9ms)
 GET /api/automations 200 in 3ms (next.js: 0.3ms, application-code: 2ms)
 GET /api/threads/8e5fac14-e182-46df-9ea2-835123942408 404 in 1.4ms (next.js: 0.4ms, application-code: 1.1ms)
 GET /api/threads/8e5fac14-e182-46df-9ea2-835123942408 404 in 2.0ms (next.js: 0.4ms, application-code: 1.6ms)
 GET /api/threads/8e5fac14-e182-46df-9ea2-835123942408 404 in 2ms (next.js: 0.5ms, application-code: 1.8ms)
 GET /api/review-schedule 200 in 14ms (next.js: 5ms, application-code: 9ms)
 GET /api/review-schedule 200 in 3ms (next.js: 0.6ms, application-code: 2ms)
⚠ ../../../../../Users/jaywest/Myeve/node_modules/@novnc/novnc/core/util/browser.js
The generated code contains 'async/await' because this module is using "topLevelAwait".
However, your target environment does not appear to support 'async/await'.
As a result, the code may not run as expected or may cause runtime errors.

Import trace for requested module:
../../../../../Users/jaywest/Myeve/node_modules/@novnc/novnc/core/util/browser.js
../../../../../Users/jaywest/Myeve/node_modules/@novnc/novnc/core/rfb.js
./components/computer-viewer.tsx
./components/computer-workspace.tsx
./app/chat.tsx

../../../../../Users/jaywest/Myeve/node_modules/eve/dist/src/internal/application/optional-package-install.js
Critical dependency: the request of a dependency is an expression

Import trace for requested module:
../../../../../Users/jaywest/Myeve/node_modules/eve/dist/src/internal/application/optional-package-install.js
../../../../../Users/jaywest/Myeve/node_modules/eve/dist/src/execution/sandbox/bash-tool.js
../../../../../Users/jaywest/Myeve/node_modules/eve/dist/src/public/tools/define-bash-tool.js
../../../../../Users/jaywest/Myeve/node_modules/eve/dist/src/public/tools/index.js
../../../../../Users/jaywest/Myeve/node_modules/@agent-browser/eve/dist/extension/tools/click.mjs
../../../../../Users/jaywest/Myeve/node_modules/@agent-browser/eve/dist/tools/index.mjs
./lib/readiness.ts
./app/api/readiness/route.ts
⚠ ../../../../../Users/jaywest/Myeve/node_modules/@novnc/novnc/core/util/browser.js
The generated code contains 'async/await' because this module is using "topLevelAwait".
However, your target environment does not appear to support 'async/await'.
As a result, the code may not run as expected or may cause runtime errors.

Import trace for requested module:
../../../../../Users/jaywest/Myeve/node_modules/@novnc/novnc/core/util/browser.js
../../../../../Users/jaywest/Myeve/node_modules/@novnc/novnc/core/rfb.js
./components/computer-viewer.tsx
./components/computer-workspace.tsx
./app/chat.tsx

../../../../../Users/jaywest/Myeve/node_modules/eve/dist/src/internal/application/optional-package-install.js
Critical dependency: the request of a dependency is an expression

Import trace for requested module:
../../../../../Users/jaywest/Myeve/node_modules/eve/dist/src/internal/application/optional-package-install.js
../../../../../Users/jaywest/Myeve/node_modules/eve/dist/src/execution/sandbox/bash-tool.js
../../../../../Users/jaywest/Myeve/node_modules/eve/dist/src/public/tools/define-bash-tool.js
../../../../../Users/jaywest/Myeve/node_modules/eve/dist/src/public/tools/index.js
../../../../../Users/jaywest/Myeve/node_modules/@agent-browser/eve/dist/extension/tools/click.mjs
../../../../../Users/jaywest/Myeve/node_modules/@agent-browser/eve/dist/tools/index.mjs
./lib/readiness.ts
./app/api/readiness/route.ts
 GET /goals 200 in 312ms (next.js: 40ms, proxy.ts: 99ms, application-code: 172ms)
[browser] ../../../../../Users/jaywest/Myeve/node_modules/@novnc/novnc/core/util/browser.js
The generated code contains 'async/await' because this module is using "topLevelAwait".
However, your target environment does not appear to support 'async/await'.
As a result, the code may not run as expected or may cause runtime errors.
 GET /api/goals 200 in 12ms (next.js: 4ms, application-code: 8ms)
Model catalog failed Error [GatewayAuthenticationError]: AI Gateway authentication failed: No authentication provided.

Option 1 - API key:
Create an API key: https://vercel.com/d?to=%2F%5Bteam%5D%2F%7E%2Fai%2Fapi-keys
Provide via 'apiKey' option or 'AI_GATEWAY_API_KEY' environment variable.

Option 2 - Vercel access token:
Pass a Vercel personal access token or Vercel app access token via the 'apiKey' option.

Option 3 - OIDC token:
Run 'npx vercel link' to link your project, then 'vc env pull' to fetch the token.
    at async GET (app/api/models/route.ts:11:24)
   9 |
  10 |   try {
> 11 |     const { models } = await gateway.getAvailableModels();
     |                        ^
  12 |     const language = models
  13 |       .filter((model) => (model.modelType ?? "language") === "language")
  14 |       .map((model) => ({ {
  statusCode: 401,
  generationId: undefined,
  isRetryable: false,
  type: 'authentication_error',
  [cause]: Error [VercelOidcTokenError]: The 'x-vercel-oidc-token' header is missing from the request. Do you have the OIDC option enabled in the Vercel project settings?
  Unable to find project root directory. Have you linked your project with `vc link?`
      at async GET (app/api/models/route.ts:11:24)
     9 |
    10 |   try {
  > 11 |     const { models } = await gateway.getAvailableModels();
       |                        ^
    12 |     const language = models
    13 |       .filter((model) => (model.modelType ?? "language") === "language")
    14 |       .map((model) => ({ {
    cause: undefined
  }
}
 GET /api/models 503 in 7ms (next.js: 1.0ms, application-code: 6ms)
 GET /api/commands 200 in 32ms (next.js: 0.9ms, application-code: 31ms)
 GET /api/goals/focus 200 in 55ms (next.js: 3ms, application-code: 52ms)
 GET /api/agents 200 in 43ms (next.js: 1.2ms, application-code: 42ms)
 GET /api/capabilities 200 in 2ms (next.js: 1.0ms, application-code: 1.3ms)
Model catalog failed Error [GatewayAuthenticationError]: AI Gateway authentication failed: No authentication provided.

Option 1 - API key:
Create an API key: https://vercel.com/d?to=%2F%5Bteam%5D%2F%7E%2Fai%2Fapi-keys
Provide via 'apiKey' option or 'AI_GATEWAY_API_KEY' environment variable.

Option 2 - Vercel access token:
Pass a Vercel personal access token or Vercel app access token via the 'apiKey' option.

Option 3 - OIDC token:
Run 'npx vercel link' to link your project, then 'vc env pull' to fetch the token.
    at async GET (app/api/models/route.ts:11:24)
   9 |
  10 |   try {
> 11 |     const { models } = await gateway.getAvailableModels();
     |                        ^
  12 |     const language = models
  13 |       .filter((model) => (model.modelType ?? "language") === "language")
  14 |       .map((model) => ({ {
  statusCode: 401,
  generationId: undefined,
  isRetryable: false,
  type: 'authentication_error',
  [cause]: Error [VercelOidcTokenError]: The 'x-vercel-oidc-token' header is missing from the request. Do you have the OIDC option enabled in the Vercel project settings?
  Unable to find project root directory. Have you linked your project with `vc link?`
      at async GET (app/api/models/route.ts:11:24)
     9 |
    10 |   try {
  > 11 |     const { models } = await gateway.getAvailableModels();
       |                        ^
    12 |     const language = models
    13 |       .filter((model) => (model.modelType ?? "language") === "language")
    14 |       .map((model) => ({ {
    cause: undefined
  }
}
 GET /api/models 503 in 3ms (next.js: 0.4ms, application-code: 2ms)
 GET /api/goals 200 in 5ms (next.js: 0.3ms, application-code: 5ms)
 GET /api/threads 200 in 51ms (next.js: 1.5ms, application-code: 49ms)
 GET /api/commands 200 in 1.3ms (next.js: 0.4ms, application-code: 0.9ms)
 GET /api/threads/d89b4065-2753-475d-a4d0-83cf00791762 404 in 14ms (next.js: 3ms, application-code: 11ms)
 GET /api/threads 200 in 3ms (next.js: 0.3ms, application-code: 2ms)
 GET /api/agents 200 in 11ms (next.js: 0.3ms, application-code: 11ms)
 GET /api/threads/d89b4065-2753-475d-a4d0-83cf00791762 404 in 4ms (next.js: 0.5ms, application-code: 4ms)
 GET /api/goals/focus 200 in 14ms (next.js: 0.5ms, application-code: 13ms)
 GET /api/threads/d89b4065-2753-475d-a4d0-83cf00791762 404 in 2ms (next.js: 0.5ms, application-code: 1.7ms)
 GET /api/threads/d89b4065-2753-475d-a4d0-83cf00791762 404 in 2ms (next.js: 0.5ms, application-code: 1.8ms)
 GET /api/owner-data?download=1 200 in 88ms (next.js: 5ms, application-code: 82ms)
 GET /manage/data 200 in 22ms (next.js: 8ms, proxy.ts: 1.4ms, application-code: 13ms)
[browser] ../../../../../Users/jaywest/Myeve/node_modules/@novnc/novnc/core/util/browser.js
The generated code contains 'async/await' because this module is using "topLevelAwait".
However, your target environment does not appear to support 'async/await'.
As a result, the code may not run as expected or may cause runtime errors.
 GET /api/capabilities 200 in 3ms (next.js: 0.6ms, application-code: 2ms)
 GET /api/update-check 200 in 4ms (next.js: 2.0ms, application-code: 1.7ms)
Model catalog failed Error [GatewayAuthenticationError]: AI Gateway authentication failed: No authentication provided.

Option 1 - API key:
Create an API key: https://vercel.com/d?to=%2F%5Bteam%5D%2F%7E%2Fai%2Fapi-keys
Provide via 'apiKey' option or 'AI_GATEWAY_API_KEY' environment variable.

Option 2 - Vercel access token:
Pass a Vercel personal access token or Vercel app access token via the 'apiKey' option.

Option 3 - OIDC token:
Run 'npx vercel link' to link your project, then 'vc env pull' to fetch the token.
    at async GET (app/api/models/route.ts:11:24)
   9 |
  10 |   try {
> 11 |     const { models } = await gateway.getAvailableModels();
     |                        ^
  12 |     const language = models
  13 |       .filter((model) => (model.modelType ?? "language") === "language")
  14 |       .map((model) => ({ {
  statusCode: 401,
  generationId: undefined,
  isRetryable: false,
  type: 'authentication_error',
  [cause]: Error [VercelOidcTokenError]: The 'x-vercel-oidc-token' header is missing from the request. Do you have the OIDC option enabled in the Vercel project settings?
  Unable to find project root directory. Have you linked your project with `vc link?`
      at async GET (app/api/models/route.ts:11:24)
     9 |
    10 |   try {
  > 11 |     const { models } = await gateway.getAvailableModels();
       |                        ^
    12 |     const language = models
    13 |       .filter((model) => (model.modelType ?? "language") === "language")
    14 |       .map((model) => ({ {
    cause: undefined
  }
}
 GET /api/models 503 in 3ms (next.js: 0.5ms, application-code: 2ms)
 GET /api/commands 200 in 1.5ms (next.js: 0.4ms, application-code: 1.0ms)
 GET /api/capabilities 200 in 1.5ms (next.js: 0.3ms, application-code: 1.2ms)
 GET /api/update-check 200 in 1.7ms (next.js: 0.5ms, application-code: 1.2ms)
 GET /api/threads 200 in 6ms (next.js: 0.5ms, application-code: 6ms)
 GET /api/agents 200 in 14ms (next.js: 0.6ms, application-code: 14ms)
Model catalog failed Error [GatewayAuthenticationError]: AI Gateway authentication failed: No authentication provided.

Option 1 - API key:
Create an API key: https://vercel.com/d?to=%2F%5Bteam%5D%2F%7E%2Fai%2Fapi-keys
Provide via 'apiKey' option or 'AI_GATEWAY_API_KEY' environment variable.

Option 2 - Vercel access token:
Pass a Vercel personal access token or Vercel app access token via the 'apiKey' option.

Option 3 - OIDC token:
Run 'npx vercel link' to link your project, then 'vc env pull' to fetch the token.
    at async GET (app/api/models/route.ts:11:24)
   9 |
  10 |   try {
> 11 |     const { models } = await gateway.getAvailableModels();
     |                        ^
  12 |     const language = models
  13 |       .filter((model) => (model.modelType ?? "language") === "language")
  14 |       .map((model) => ({ {
  statusCode: 401,
  generationId: undefined,
  isRetryable: false,
  type: 'authentication_error',
  [cause]: Error [VercelOidcTokenError]: The 'x-vercel-oidc-token' header is missing from the request. Do you have the OIDC option enabled in the Vercel project settings?
  Unable to find project root directory. Have you linked your project with `vc link?`
      at async GET (app/api/models/route.ts:11:24)
     9 |
    10 |   try {
  > 11 |     const { models } = await gateway.getAvailableModels();
       |                        ^
    12 |     const language = models
    13 |       .filter((model) => (model.modelType ?? "language") === "language")
    14 |       .map((model) => ({ {
    cause: undefined
  }
}
 GET /api/models 503 in 3ms (next.js: 0.5ms, application-code: 2ms)
 GET /api/commands 200 in 1.8ms (next.js: 0.5ms, application-code: 1.3ms)
 GET /api/capabilities 200 in 1.5ms (next.js: 0.4ms, application-code: 1.2ms)
 GET /api/threads/9fdde685-4d6a-4068-902a-6f4a2351bed2 404 in 5ms (next.js: 1.3ms, application-code: 4ms)
 GET /api/goals 200 in 6ms (next.js: 0.3ms, application-code: 5ms)
 GET /api/agents 200 in 13ms (next.js: 0.4ms, application-code: 13ms)
 GET /api/automations 200 in 14ms (next.js: 0.9ms, application-code: 13ms)
 GET /api/agents 200 in 12ms (next.js: 0.5ms, application-code: 11ms)
 GET /api/goals 200 in 5ms (next.js: 0.7ms, application-code: 4ms)
 GET /api/threads 200 in 6ms (next.js: 0.5ms, application-code: 6ms)
 GET /api/automations 200 in 4ms (next.js: 0.6ms, application-code: 4ms)
 GET /api/threads/9fdde685-4d6a-4068-902a-6f4a2351bed2 404 in 2ms (next.js: 0.6ms, application-code: 1.9ms)
 GET /api/agents 200 in 11ms (next.js: 0.3ms, application-code: 11ms)
 GET /api/threads/9fdde685-4d6a-4068-902a-6f4a2351bed2 404 in 2.0ms (next.js: 0.4ms, application-code: 1.5ms)
 GET /api/threads/9fdde685-4d6a-4068-902a-6f4a2351bed2 404 in 3ms (next.js: 0.8ms, application-code: 1.8ms)
 GET /api/owner-data 200 in 13ms (next.js: 0.4ms, application-code: 12ms)
 POST /api/owner-data 200 in 13ms (next.js: 0.5ms, application-code: 12ms)
Owner archive validation failed
 POST /api/owner-data 400 in 3ms (next.js: 0.6ms, application-code: 2ms)
Owner archive validation failed
 POST /api/owner-data 400 in 3ms (next.js: 0.6ms, application-code: 3ms)
Owner archive validation failed
 POST /api/owner-data 400 in 4ms (next.js: 0.5ms, application-code: 4ms)
Owner archive validation failed
 POST /api/owner-data 400 in 6ms (next.js: 0.5ms, application-code: 6ms)
 GET /chat 200 in 34ms (next.js: 20ms, proxy.ts: 1.8ms, application-code: 11ms)
[browser] ../../../../../Users/jaywest/Myeve/node_modules/@novnc/novnc/core/util/browser.js
The generated code contains 'async/await' because this module is using "topLevelAwait".
However, your target environment does not appear to support 'async/await'.
As a result, the code may not run as expected or may cause runtime errors.
Model catalog failed Error [GatewayAuthenticationError]: AI Gateway authentication failed: No authentication provided.

Option 1 - API key:
Create an API key: https://vercel.com/d?to=%2F%5Bteam%5D%2F%7E%2Fai%2Fapi-keys
Provide via 'apiKey' option or 'AI_GATEWAY_API_KEY' environment variable.

Option 2 - Vercel access token:
Pass a Vercel personal access token or Vercel app access token via the 'apiKey' option.

Option 3 - OIDC token:
Run 'npx vercel link' to link your project, then 'vc env pull' to fetch the token.
    at async GET (app/api/models/route.ts:11:24)
   9 |
  10 |   try {
> 11 |     const { models } = await gateway.getAvailableModels();
     |                        ^
  12 |     const language = models
  13 |       .filter((model) => (model.modelType ?? "language") === "language")
  14 |       .map((model) => ({ {
  statusCode: 401,
  generationId: undefined,
  isRetryable: false,
  type: 'authentication_error',
  [cause]: Error [VercelOidcTokenError]: The 'x-vercel-oidc-token' header is missing from the request. Do you have the OIDC option enabled in the Vercel project settings?
  Unable to find project root directory. Have you linked your project with `vc link?`
      at async GET (app/api/models/route.ts:11:24)
     9 |
    10 |   try {
  > 11 |     const { models } = await gateway.getAvailableModels();
       |                        ^
    12 |     const language = models
    13 |       .filter((model) => (model.modelType ?? "language") === "language")
    14 |       .map((model) => ({ {
    cause: undefined
  }
}
 GET /api/models 503 in 4ms (next.js: 0.6ms, application-code: 3ms)
 GET /api/commands 200 in 1.1ms (next.js: 0.3ms, application-code: 0.8ms)
 GET /api/threads 200 in 3ms (next.js: 0.3ms, application-code: 3ms)
 GET /api/capabilities 200 in 1.9ms (next.js: 0.5ms, application-code: 1.4ms)
Model catalog failed Error [GatewayAuthenticationError]: AI Gateway authentication failed: No authentication provided.

Option 1 - API key:
Create an API key: https://vercel.com/d?to=%2F%5Bteam%5D%2F%7E%2Fai%2Fapi-keys
Provide via 'apiKey' option or 'AI_GATEWAY_API_KEY' environment variable.

Option 2 - Vercel access token:
Pass a Vercel personal access token or Vercel app access token via the 'apiKey' option.

Option 3 - OIDC token:
Run 'npx vercel link' to link your project, then 'vc env pull' to fetch the token.
    at async GET (app/api/models/route.ts:11:24)
   9 |
  10 |   try {
> 11 |     const { models } = await gateway.getAvailableModels();
     |                        ^
  12 |     const language = models
  13 |       .filter((model) => (model.modelType ?? "language") === "language")
  14 |       .map((model) => ({ {
  statusCode: 401,
  generationId: undefined,
  isRetryable: false,
  type: 'authentication_error',
  [cause]: Error [VercelOidcTokenError]: The 'x-vercel-oidc-token' header is missing from the request. Do you have the OIDC option enabled in the Vercel project settings?
  Unable to find project root directory. Have you linked your project with `vc link?`
      at async GET (app/api/models/route.ts:11:24)
     9 |
    10 |   try {
  > 11 |     const { models } = await gateway.getAvailableModels();
       |                        ^
    12 |     const language = models
    13 |       .filter((model) => (model.modelType ?? "language") === "language")
    14 |       .map((model) => ({ {
    cause: undefined
  }
}
 GET /api/models 503 in 3ms (next.js: 0.3ms, application-code: 2ms)
 GET /api/agents 200 in 13ms (next.js: 0.4ms, application-code: 13ms)
 GET /api/threads/d07259aa-1780-4bf7-b5de-be9519daf59a 404 in 4ms (next.js: 1.2ms, application-code: 3ms)
 GET /api/commands 200 in 1.0ms (next.js: 0.3ms, application-code: 0.7ms)
 GET /api/threads 200 in 1.7ms (next.js: 0.3ms, application-code: 1.4ms)
 GET /api/agents 200 in 8ms (next.js: 0.4ms, application-code: 8ms)
 GET /api/threads/d07259aa-1780-4bf7-b5de-be9519daf59a 404 in 14ms (next.js: 0.6ms, application-code: 13ms)
 GET /api/threads/d07259aa-1780-4bf7-b5de-be9519daf59a 404 in 3ms (next.js: 0.6ms, application-code: 1.9ms)
 GET /api/threads/d07259aa-1780-4bf7-b5de-be9519daf59a 404 in 3ms (next.js: 0.8ms, application-code: 2ms)
 GET /api/task-runs?threadId=d07259aa-1780-4bf7-b5de-be9519daf59a 200 in 6ms (next.js: 2ms, application-code: 3ms)
 GET /api/task-runs?threadId=d07259aa-1780-4bf7-b5de-be9519daf59a 200 in 3ms (next.js: 0.5ms, application-code: 3ms)
onUploadCompleted provided but no callbackUrl could be determined. Please provide a callbackUrl in onBeforeGenerateToken or set the VERCEL_BLOB_CALLBACK_URL environment variable.
 POST /api/files/upload 200 in 62ms (next.js: 8ms, application-code: 54ms)
 GET /api/files 200 in 21ms (next.js: 7ms, application-code: 14ms)
 POST /api/files 200 in 12ms (next.js: 0.6ms, application-code: 11ms)
 GET /api/files/9a47a8c8-b78a-4e36-94bf-3541c86ec26c/content 200 in 12ms (next.js: 8ms, application-code: 4ms)
 GET /api/files 200 in 4ms (next.js: 0.7ms, application-code: 4ms)
 GET /api/threads/d07259aa-1780-4bf7-b5de-be9519daf59a 404 in 5ms (next.js: 1.3ms, application-code: 4ms)
 PUT /api/threads/d07259aa-1780-4bf7-b5de-be9519daf59a 200 in 5ms (next.js: 0.5ms, application-code: 5ms)
 GET /api/files 200 in 3ms (next.js: 0.5ms, application-code: 3ms)
 GET /api/files/9a47a8c8-b78a-4e36-94bf-3541c86ec26c/content 200 in 4ms (next.js: 0.6ms, application-code: 3ms)
 GET /api/files 200 in 4ms (next.js: 0.8ms, application-code: 3ms)
 GET /api/files 200 in 2ms (next.js: 0.5ms, application-code: 1.8ms)
 GET /files 200 in 33ms (next.js: 18ms, proxy.ts: 1.8ms, application-code: 13ms)
[browser] ../../../../../Users/jaywest/Myeve/node_modules/@novnc/novnc/core/util/browser.js
The generated code contains 'async/await' because this module is using "topLevelAwait".
However, your target environment does not appear to support 'async/await'.
As a result, the code may not run as expected or may cause runtime errors.
Model catalog failed Error [GatewayAuthenticationError]: AI Gateway authentication failed: No authentication provided.

Option 1 - API key:
Create an API key: https://vercel.com/d?to=%2F%5Bteam%5D%2F%7E%2Fai%2Fapi-keys
Provide via 'apiKey' option or 'AI_GATEWAY_API_KEY' environment variable.

Option 2 - Vercel access token:
Pass a Vercel personal access token or Vercel app access token via the 'apiKey' option.

Option 3 - OIDC token:
Run 'npx vercel link' to link your project, then 'vc env pull' to fetch the token.
    at async GET (app/api/models/route.ts:11:24)
   9 |
  10 |   try {
> 11 |     const { models } = await gateway.getAvailableModels();
     |                        ^
  12 |     const language = models
  13 |       .filter((model) => (model.modelType ?? "language") === "language")
  14 |       .map((model) => ({ {
  statusCode: 401,
  generationId: undefined,
  isRetryable: false,
  type: 'authentication_error',
  [cause]: Error [VercelOidcTokenError]: The 'x-vercel-oidc-token' header is missing from the request. Do you have the OIDC option enabled in the Vercel project settings?
  Unable to find project root directory. Have you linked your project with `vc link?`
      at async GET (app/api/models/route.ts:11:24)
     9 |
    10 |   try {
  > 11 |     const { models } = await gateway.getAvailableModels();
       |                        ^
    12 |     const language = models
    13 |       .filter((model) => (model.modelType ?? "language") === "language")
    14 |       .map((model) => ({ {
    cause: undefined
  }
}
 GET /api/models 503 in 3ms (next.js: 0.2ms, application-code: 2ms)
 GET /api/commands 200 in 1.6ms (next.js: 0.6ms, application-code: 1.0ms)
 GET /api/files 200 in 9ms (next.js: 0.5ms, application-code: 9ms)
 GET /api/threads 200 in 4ms (next.js: 0.3ms, application-code: 3ms)
 GET /api/capabilities 200 in 2ms (next.js: 0.4ms, application-code: 1.6ms)
Model catalog failed Error [GatewayAuthenticationError]: AI Gateway authentication failed: No authentication provided.

Option 1 - API key:
Create an API key: https://vercel.com/d?to=%2F%5Bteam%5D%2F%7E%2Fai%2Fapi-keys
Provide via 'apiKey' option or 'AI_GATEWAY_API_KEY' environment variable.

Option 2 - Vercel access token:
Pass a Vercel personal access token or Vercel app access token via the 'apiKey' option.

Option 3 - OIDC token:
Run 'npx vercel link' to link your project, then 'vc env pull' to fetch the token.
    at async GET (app/api/models/route.ts:11:24)
   9 |
  10 |   try {
> 11 |     const { models } = await gateway.getAvailableModels();
     |                        ^
  12 |     const language = models
  13 |       .filter((model) => (model.modelType ?? "language") === "language")
  14 |       .map((model) => ({ {
  statusCode: 401,
  generationId: undefined,
  isRetryable: false,
  type: 'authentication_error',
  [cause]: Error [VercelOidcTokenError]: The 'x-vercel-oidc-token' header is missing from the request. Do you have the OIDC option enabled in the Vercel project settings?
  Unable to find project root directory. Have you linked your project with `vc link?`
      at async GET (app/api/models/route.ts:11:24)
     9 |
    10 |   try {
  > 11 |     const { models } = await gateway.getAvailableModels();
       |                        ^
    12 |     const language = models
    13 |       .filter((model) => (model.modelType ?? "language") === "language")
    14 |       .map((model) => ({ {
    cause: undefined
  }
}
 GET /api/models 503 in 2ms (next.js: 0.3ms, application-code: 1.9ms)
 GET /api/files 200 in 7ms (next.js: 0.5ms, application-code: 6ms)
 GET /api/agents 200 in 16ms (next.js: 0.6ms, application-code: 16ms)
 GET /api/commands 200 in 1.0ms (next.js: 0.3ms, application-code: 0.7ms)
 GET /api/threads 200 in 1.9ms (next.js: 0.2ms, application-code: 1.7ms)
 GET /api/agents 200 in 7ms (next.js: 0.4ms, application-code: 7ms)
 GET /api/owner-data 200 in 14ms (next.js: 0.7ms, application-code: 13ms)
 GET /api/owner-data?download=1 200 in 62ms (next.js: 0.5ms, application-code: 62ms)
 GET /api/task-runs?threadId=d07259aa-1780-4bf7-b5de-be9519daf59a 200 in 4ms (next.js: 0.8ms, application-code: 3ms)
 GET /api/task-runs?threadId=d07259aa-1780-4bf7-b5de-be9519daf59a 200 in 3ms (next.js: 0.4ms, application-code: 3ms)
onUploadCompleted provided but no callbackUrl could be determined. Please provide a callbackUrl in onBeforeGenerateToken or set the VERCEL_BLOB_CALLBACK_URL environment variable.
 POST /api/files/upload 200 in 3ms (next.js: 0.7ms, application-code: 2ms)
 GET /api/files 200 in 3ms (next.js: 0.5ms, application-code: 2ms)
 POST /api/files 200 in 6ms (next.js: 0.7ms, application-code: 5ms)
 GET /api/files/e630eaed-27d5-4500-9a18-708db3a58a1a/content 200 in 5ms (next.js: 1.6ms, application-code: 4ms)
 GET /api/threads/d07259aa-1780-4bf7-b5de-be9519daf59a 200 in 4ms (next.js: 1.4ms, application-code: 2ms)
 PUT /api/threads/d07259aa-1780-4bf7-b5de-be9519daf59a 200 in 4ms (next.js: 0.6ms, application-code: 3ms)
 GET /api/files 200 in 4ms (next.js: 0.6ms, application-code: 3ms)
 GET /api/files/9a47a8c8-b78a-4e36-94bf-3541c86ec26c/content 404 in 4ms (next.js: 0.5ms, application-code: 4ms)
 GET /api/files 200 in 4ms (next.js: 0.5ms, application-code: 3ms)
 GET /chat 200 in 18ms (next.js: 1.0ms, proxy.ts: 1.8ms, application-code: 15ms)
[browser] ../../../../../Users/jaywest/Myeve/node_modules/@novnc/novnc/core/util/browser.js
The generated code contains 'async/await' because this module is using "topLevelAwait".
However, your target environment does not appear to support 'async/await'.
As a result, the code may not run as expected or may cause runtime errors.
Model catalog failed Error [GatewayAuthenticationError]: AI Gateway authentication failed: No authentication provided.

Option 1 - API key:
Create an API key: https://vercel.com/d?to=%2F%5Bteam%5D%2F%7E%2Fai%2Fapi-keys
Provide via 'apiKey' option or 'AI_GATEWAY_API_KEY' environment variable.

Option 2 - Vercel access token:
Pass a Vercel personal access token or Vercel app access token via the 'apiKey' option.

Option 3 - OIDC token:
Run 'npx vercel link' to link your project, then 'vc env pull' to fetch the token.
    at async GET (app/api/models/route.ts:11:24)
   9 |
  10 |   try {
> 11 |     const { models } = await gateway.getAvailableModels();
     |                        ^
  12 |     const language = models
  13 |       .filter((model) => (model.modelType ?? "language") === "language")
  14 |       .map((model) => ({ {
  statusCode: 401,
  generationId: undefined,
  isRetryable: false,
  type: 'authentication_error',
  [cause]: Error [VercelOidcTokenError]: The 'x-vercel-oidc-token' header is missing from the request. Do you have the OIDC option enabled in the Vercel project settings?
  Unable to find project root directory. Have you linked your project with `vc link?`
      at async GET (app/api/models/route.ts:11:24)
     9 |
    10 |   try {
  > 11 |     const { models } = await gateway.getAvailableModels();
       |                        ^
    12 |     const language = models
    13 |       .filter((model) => (model.modelType ?? "language") === "language")
    14 |       .map((model) => ({ {
    cause: undefined
  }
}
 GET /api/models 503 in 3ms (next.js: 0.8ms, application-code: 2ms)
 GET /api/commands 200 in 1.0ms (next.js: 0.2ms, application-code: 0.8ms)
 GET /api/threads 200 in 2ms (next.js: 0.3ms, application-code: 1.8ms)
 GET /api/capabilities 200 in 1.8ms (next.js: 0.5ms, application-code: 1.3ms)
Model catalog failed Error [GatewayAuthenticationError]: AI Gateway authentication failed: No authentication provided.

Option 1 - API key:
Create an API key: https://vercel.com/d?to=%2F%5Bteam%5D%2F%7E%2Fai%2Fapi-keys
Provide via 'apiKey' option or 'AI_GATEWAY_API_KEY' environment variable.

Option 2 - Vercel access token:
Pass a Vercel personal access token or Vercel app access token via the 'apiKey' option.

Option 3 - OIDC token:
Run 'npx vercel link' to link your project, then 'vc env pull' to fetch the token.
    at async GET (app/api/models/route.ts:11:24)
   9 |
  10 |   try {
> 11 |     const { models } = await gateway.getAvailableModels();
     |                        ^
  12 |     const language = models
  13 |       .filter((model) => (model.modelType ?? "language") === "language")
  14 |       .map((model) => ({ {
  statusCode: 401,
  generationId: undefined,
  isRetryable: false,
  type: 'authentication_error',
  [cause]: Error [VercelOidcTokenError]: The 'x-vercel-oidc-token' header is missing from the request. Do you have the OIDC option enabled in the Vercel project settings?
  Unable to find project root directory. Have you linked your project with `vc link?`
      at async GET (app/api/models/route.ts:11:24)
     9 |
    10 |   try {
  > 11 |     const { models } = await gateway.getAvailableModels();
       |                        ^
    12 |     const language = models
    13 |       .filter((model) => (model.modelType ?? "language") === "language")
    14 |       .map((model) => ({ {
    cause: undefined
  }
}
 GET /api/models 503 in 3ms (next.js: 0.4ms, application-code: 2ms)
 GET /api/agents 200 in 15ms (next.js: 0.3ms, application-code: 15ms)
 GET /api/threads/1d4cda1d-42bf-4ef4-aea6-5708df16103a 404 in 6ms (next.js: 1.5ms, application-code: 4ms)
 GET /api/commands 200 in 1.5ms (next.js: 0.3ms, application-code: 1.2ms)
 GET /api/threads 200 in 3ms (next.js: 0.5ms, application-code: 2ms)
 GET /api/agents 200 in 9ms (next.js: 0.5ms, application-code: 8ms)
 GET /api/threads/1d4cda1d-42bf-4ef4-aea6-5708df16103a 404 in 3ms (next.js: 0.6ms, application-code: 2ms)
 GET /api/threads/1d4cda1d-42bf-4ef4-aea6-5708df16103a 404 in 2ms (next.js: 0.5ms, application-code: 1.7ms)
 GET /api/threads/1d4cda1d-42bf-4ef4-aea6-5708df16103a 404 in 3ms (next.js: 0.7ms, application-code: 2ms)
 GET /api/task-runs?threadId=1d4cda1d-42bf-4ef4-aea6-5708df16103a 200 in 3ms (next.js: 0.5ms, application-code: 3ms)
 GET /api/task-runs?threadId=1d4cda1d-42bf-4ef4-aea6-5708df16103a 200 in 1.8ms (next.js: 0.5ms, application-code: 1.3ms)
 GET /api/task-runs?threadId=1d4cda1d-42bf-4ef4-aea6-5708df16103a 200 in 3ms (next.js: 0.5ms, application-code: 3ms)
 GET /api/task-runs?threadId=1d4cda1d-42bf-4ef4-aea6-5708df16103a 200 in 2ms (next.js: 0.4ms, application-code: 1.7ms)
 GET /api/files 200 in 3ms (next.js: 0.5ms, application-code: 2ms)
⚠ ../../../../../Users/jaywest/Myeve/node_modules/@novnc/novnc/core/util/browser.js
The generated code contains 'async/await' because this module is using "topLevelAwait".
However, your target environment does not appear to support 'async/await'.
As a result, the code may not run as expected or may cause runtime errors.

Import trace for requested module:
../../../../../Users/jaywest/Myeve/node_modules/@novnc/novnc/core/util/browser.js
../../../../../Users/jaywest/Myeve/node_modules/@novnc/novnc/core/rfb.js
./components/computer-viewer.tsx
./components/computer-workspace.tsx
./app/chat.tsx

../../../../../Users/jaywest/Myeve/node_modules/eve/dist/src/internal/application/optional-package-install.js
Critical dependency: the request of a dependency is an expression

Import trace for requested module:
../../../../../Users/jaywest/Myeve/node_modules/eve/dist/src/internal/application/optional-package-install.js
../../../../../Users/jaywest/Myeve/node_modules/eve/dist/src/execution/sandbox/bash-tool.js
../../../../../Users/jaywest/Myeve/node_modules/eve/dist/src/public/tools/define-bash-tool.js
../../../../../Users/jaywest/Myeve/node_modules/eve/dist/src/public/tools/index.js
../../../../../Users/jaywest/Myeve/node_modules/@agent-browser/eve/dist/extension/tools/click.mjs
../../../../../Users/jaywest/Myeve/node_modules/@agent-browser/eve/dist/tools/index.mjs
./lib/readiness.ts
./app/api/readiness/route.ts
⚠ ../../../../../Users/jaywest/Myeve/node_modules/@novnc/novnc/core/util/browser.js
The generated code contains 'async/await' because this module is using "topLevelAwait".
However, your target environment does not appear to support 'async/await'.
As a result, the code may not run as expected or may cause runtime errors.

Import trace for requested module:
../../../../../Users/jaywest/Myeve/node_modules/@novnc/novnc/core/util/browser.js
../../../../../Users/jaywest/Myeve/node_modules/@novnc/novnc/core/rfb.js
./components/computer-viewer.tsx
./components/computer-workspace.tsx
./app/chat.tsx

../../../../../Users/jaywest/Myeve/node_modules/eve/dist/src/internal/application/optional-package-install.js
Critical dependency: the request of a dependency is an expression

Import trace for requested module:
../../../../../Users/jaywest/Myeve/node_modules/eve/dist/src/internal/application/optional-package-install.js
../../../../../Users/jaywest/Myeve/node_modules/eve/dist/src/execution/sandbox/bash-tool.js
../../../../../Users/jaywest/Myeve/node_modules/eve/dist/src/public/tools/define-bash-tool.js
../../../../../Users/jaywest/Myeve/node_modules/eve/dist/src/public/tools/index.js
../../../../../Users/jaywest/Myeve/node_modules/@agent-browser/eve/dist/extension/tools/click.mjs
../../../../../Users/jaywest/Myeve/node_modules/@agent-browser/eve/dist/tools/index.mjs
./lib/readiness.ts
./app/api/readiness/route.ts
⚠ ../../../../../Users/jaywest/Myeve/node_modules/@novnc/novnc/core/util/browser.js
The generated code contains 'async/await' because this module is using "topLevelAwait".
However, your target environment does not appear to support 'async/await'.
As a result, the code may not run as expected or may cause runtime errors.

Import trace for requested module:
../../../../../Users/jaywest/Myeve/node_modules/@novnc/novnc/core/util/browser.js
../../../../../Users/jaywest/Myeve/node_modules/@novnc/novnc/core/rfb.js
./components/computer-viewer.tsx
./components/computer-workspace.tsx
./app/chat.tsx
⚠ ../../../../../Users/jaywest/Myeve/node_modules/@novnc/novnc/core/util/browser.js
The generated code contains 'async/await' because this module is using "topLevelAwait".
However, your target environment does not appear to support 'async/await'.
As a result, the code may not run as expected or may cause runtime errors.

Import trace for requested module:
../../../../../Users/jaywest/Myeve/node_modules/@novnc/novnc/core/util/browser.js
../../../../../Users/jaywest/Myeve/node_modules/@novnc/novnc/core/rfb.js
./components/computer-viewer.tsx
./components/computer-workspace.tsx
./app/chat.tsx
 GET /goals 200 in 432ms (next.js: 78ms, proxy.ts: 81ms, application-code: 273ms)
[browser] ../../../../../Users/jaywest/Myeve/node_modules/@novnc/novnc/core/util/browser.js
The generated code contains 'async/await' because this module is using "topLevelAwait".
However, your target environment does not appear to support 'async/await'.
As a result, the code may not run as expected or may cause runtime errors.
⚠ ../../../../../Users/jaywest/Myeve/node_modules/@novnc/novnc/core/util/browser.js
The generated code contains 'async/await' because this module is using "topLevelAwait".
However, your target environment does not appear to support 'async/await'.
As a result, the code may not run as expected or may cause runtime errors.

Import trace for requested module:
../../../../../Users/jaywest/Myeve/node_modules/@novnc/novnc/core/util/browser.js
../../../../../Users/jaywest/Myeve/node_modules/@novnc/novnc/core/rfb.js
./components/computer-viewer.tsx
./components/computer-workspace.tsx
./app/chat.tsx
[browser] ../../../../../Users/jaywest/Myeve/node_modules/@novnc/novnc/core/util/browser.js
The generated code contains 'async/await' because this module is using "topLevelAwait".
However, your target environment does not appear to support 'async/await'.
As a result, the code may not run as expected or may cause runtime errors.

Import trace for requested module:
../../../../../Users/jaywest/Myeve/node_modules/@novnc/novnc/core/util/browser.js
../../../../../Users/jaywest/Myeve/node_modules/@novnc/novnc/core/rfb.js
./components/computer-viewer.tsx
./components/computer-workspace.tsx
./app/chat.tsx
[browser] ../../../../../Users/jaywest/Myeve/node_modules/@novnc/novnc/core/util/browser.js
The generated code contains 'async/await' because this module is using "topLevelAwait".
However, your target environment does not appear to support 'async/await'.
As a result, the code may not run as expected or may cause runtime errors.

Import trace for requested module:
../../../../../Users/jaywest/Myeve/node_modules/@novnc/novnc/core/util/browser.js
../../../../../Users/jaywest/Myeve/node_modules/@novnc/novnc/core/rfb.js
./components/computer-viewer.tsx
./components/computer-workspace.tsx
./app/chat.tsx
⚠ ../../../../../Users/jaywest/Myeve/node_modules/@novnc/novnc/core/util/browser.js
The generated code contains 'async/await' because this module is using "topLevelAwait".
However, your target environment does not appear to support 'async/await'.
As a result, the code may not run as expected or may cause runtime errors.

Import trace for requested module:
../../../../../Users/jaywest/Myeve/node_modules/@novnc/novnc/core/util/browser.js
../../../../../Users/jaywest/Myeve/node_modules/@novnc/novnc/core/rfb.js
./components/computer-viewer.tsx
./components/computer-workspace.tsx
./app/chat.tsx
Model catalog failed Error [GatewayAuthenticationError]: AI Gateway authentication failed: No authentication provided.

Option 1 - API key:
Create an API key: https://vercel.com/d?to=%2F%5Bteam%5D%2F%7E%2Fai%2Fapi-keys
Provide via 'apiKey' option or 'AI_GATEWAY_API_KEY' environment variable.

Option 2 - Vercel access token:
Pass a Vercel personal access token or Vercel app access token via the 'apiKey' option.

Option 3 - OIDC token:
Run 'npx vercel link' to link your project, then 'vc env pull' to fetch the token.
    at async GET (app/api/models/route.ts:11:24)
   9 |
  10 |   try {
> 11 |     const { models } = await gateway.getAvailableModels();
     |                        ^
  12 |     const language = models
  13 |       .filter((model) => (model.modelType ?? "language") === "language")
  14 |       .map((model) => ({ {
  statusCode: 401,
  generationId: undefined,
  isRetryable: false,
  type: 'authentication_error',
  [cause]: Error [VercelOidcTokenError]: The 'x-vercel-oidc-token' header is missing from the request. Do you have the OIDC option enabled in the Vercel project settings?
  Unable to find project root directory. Have you linked your project with `vc link?`
      at async GET (app/api/models/route.ts:11:24)
     9 |
    10 |   try {
  > 11 |     const { models } = await gateway.getAvailableModels();
       |                        ^
    12 |     const language = models
    13 |       .filter((model) => (model.modelType ?? "language") === "language")
    14 |       .map((model) => ({ {
    cause: undefined
  }
}
 GET /api/models 503 in 1572ms (next.js: 1447ms, application-code: 125ms)
[browser] ../../../../../Users/jaywest/Myeve/node_modules/@novnc/novnc/core/util/browser.js
The generated code contains 'async/await' because this module is using "topLevelAwait".
However, your target environment does not appear to support 'async/await'.
As a result, the code may not run as expected or may cause runtime errors.

Import trace for requested module:
../../../../../Users/jaywest/Myeve/node_modules/@novnc/novnc/core/util/browser.js
../../../../../Users/jaywest/Myeve/node_modules/@novnc/novnc/core/rfb.js
./components/computer-viewer.tsx
./components/computer-workspace.tsx
./app/chat.tsx
 GET /api/commands 200 in 1573ms (next.js: 1445ms, application-code: 128ms)
 GET /api/goals 200 in 1593ms (next.js: 1453ms, application-code: 140ms)
⚠ ../../../../../Users/jaywest/Myeve/node_modules/@novnc/novnc/core/util/browser.js
The generated code contains 'async/await' because this module is using "topLevelAwait".
However, your target environment does not appear to support 'async/await'.
As a result, the code may not run as expected or may cause runtime errors.

Import trace for requested module:
../../../../../Users/jaywest/Myeve/node_modules/@novnc/novnc/core/util/browser.js
../../../../../Users/jaywest/Myeve/node_modules/@novnc/novnc/core/rfb.js
./components/computer-viewer.tsx
./components/computer-workspace.tsx
./app/chat.tsx
 GET /api/agents 200 in 1602ms (next.js: 1446ms, application-code: 156ms)
 GET /api/threads 200 in 1380ms (next.js: 1214ms, application-code: 166ms)
 GET /api/goals/focus 200 in 1624ms (next.js: 1448ms, application-code: 176ms)
[browser] ../../../../../Users/jaywest/Myeve/node_modules/@novnc/novnc/core/util/browser.js
The generated code contains 'async/await' because this module is using "topLevelAwait".
However, your target environment does not appear to support 'async/await'.
As a result, the code may not run as expected or may cause runtime errors.

Import trace for requested module:
../../../../../Users/jaywest/Myeve/node_modules/@novnc/novnc/core/util/browser.js
../../../../../Users/jaywest/Myeve/node_modules/@novnc/novnc/core/rfb.js
./components/computer-viewer.tsx
./components/computer-workspace.tsx
./app/chat.tsx
⚠ ../../../../../Users/jaywest/Myeve/node_modules/@novnc/novnc/core/util/browser.js
The generated code contains 'async/await' because this module is using "topLevelAwait".
However, your target environment does not appear to support 'async/await'.
As a result, the code may not run as expected or may cause runtime errors.

Import trace for requested module:
../../../../../Users/jaywest/Myeve/node_modules/@novnc/novnc/core/util/browser.js
../../../../../Users/jaywest/Myeve/node_modules/@novnc/novnc/core/rfb.js
./components/computer-viewer.tsx
./components/computer-workspace.tsx
./app/chat.tsx
Model catalog failed Error [GatewayAuthenticationError]: AI Gateway authentication failed: No authentication provided.

Option 1 - API key:
Create an API key: https://vercel.com/d?to=%2F%5Bteam%5D%2F%7E%2Fai%2Fapi-keys
Provide via 'apiKey' option or 'AI_GATEWAY_API_KEY' environment variable.

Option 2 - Vercel access token:
Pass a Vercel personal access token or Vercel app access token via the 'apiKey' option.

Option 3 - OIDC token:
Run 'npx vercel link' to link your project, then 'vc env pull' to fetch the token.
    at async GET (app/api/models/route.ts:11:24)
   9 |
  10 |   try {
> 11 |     const { models } = await gateway.getAvailableModels();
     |                        ^
  12 |     const language = models
  13 |       .filter((model) => (model.modelType ?? "language") === "language")
  14 |       .map((model) => ({ {
  statusCode: 401,
  generationId: undefined,
  isRetryable: false,
  type: 'authentication_error',
  [cause]: Error [VercelOidcTokenError]: The 'x-vercel-oidc-token' header is missing from the request. Do you have the OIDC option enabled in the Vercel project settings?
  Unable to find project root directory. Have you linked your project with `vc link?`
      at async GET (app/api/models/route.ts:11:24)
     9 |
    10 |   try {
  > 11 |     const { models } = await gateway.getAvailableModels();
       |                        ^
    12 |     const language = models
    13 |       .filter((model) => (model.modelType ?? "language") === "language")
    14 |       .map((model) => ({ {
    cause: undefined
  }
}
 GET /api/models 503 in 1338ms (next.js: 1218ms, application-code: 120ms)
 GET /api/capabilities 200 in 1352ms (next.js: 1231ms, application-code: 120ms)
[browser] ../../../../../Users/jaywest/Myeve/node_modules/@novnc/novnc/core/util/browser.js
The generated code contains 'async/await' because this module is using "topLevelAwait".
However, your target environment does not appear to support 'async/await'.
As a result, the code may not run as expected or may cause runtime errors.

Import trace for requested module:
../../../../../Users/jaywest/Myeve/node_modules/@novnc/novnc/core/util/browser.js
../../../../../Users/jaywest/Myeve/node_modules/@novnc/novnc/core/rfb.js
./components/computer-viewer.tsx
./components/computer-workspace.tsx
./app/chat.tsx
 GET /api/goals 200 in 1323ms (next.js: 1201ms, application-code: 122ms)
 GET /api/commands 200 in 1332ms (next.js: 1207ms, application-code: 125ms)
 GET /api/agents 200 in 1318ms (next.js: 1178ms, application-code: 140ms)
⚠ ../../../../../Users/jaywest/Myeve/node_modules/@novnc/novnc/core/util/browser.js
The generated code contains 'async/await' because this module is using "topLevelAwait".
However, your target environment does not appear to support 'async/await'.
As a result, the code may not run as expected or may cause runtime errors.

Import trace for requested module:
../../../../../Users/jaywest/Myeve/node_modules/@novnc/novnc/core/util/browser.js
../../../../../Users/jaywest/Myeve/node_modules/@novnc/novnc/core/rfb.js
./components/computer-viewer.tsx
./components/computer-workspace.tsx
./app/chat.tsx
 GET /api/threads/9a7d6bca-23ed-4ba7-8d53-2b2126cea1c5 404 in 1384ms (next.js: 1237ms, application-code: 147ms)
 GET /api/threads 200 in 24ms (next.js: 6ms, application-code: 18ms)
 GET /api/goals/focus 200 in 18ms (next.js: 1.8ms, application-code: 16ms)
[browser] ../../../../../Users/jaywest/Myeve/node_modules/@novnc/novnc/core/util/browser.js
The generated code contains 'async/await' because this module is using "topLevelAwait".
However, your target environment does not appear to support 'async/await'.
As a result, the code may not run as expected or may cause runtime errors.

Import trace for requested module:
../../../../../Users/jaywest/Myeve/node_modules/@novnc/novnc/core/util/browser.js
../../../../../Users/jaywest/Myeve/node_modules/@novnc/novnc/core/rfb.js
./components/computer-viewer.tsx
./components/computer-workspace.tsx
./app/chat.tsx
⚠ ../../../../../Users/jaywest/Myeve/node_modules/@novnc/novnc/core/util/browser.js
The generated code contains 'async/await' because this module is using "topLevelAwait".
However, your target environment does not appear to support 'async/await'.
As a result, the code may not run as expected or may cause runtime errors.

Import trace for requested module:
../../../../../Users/jaywest/Myeve/node_modules/@novnc/novnc/core/util/browser.js
../../../../../Users/jaywest/Myeve/node_modules/@novnc/novnc/core/rfb.js
./components/computer-viewer.tsx
./components/computer-workspace.tsx
./app/chat.tsx
[browser] ../../../../../Users/jaywest/Myeve/node_modules/@novnc/novnc/core/util/browser.js
The generated code contains 'async/await' because this module is using "topLevelAwait".
However, your target environment does not appear to support 'async/await'.
As a result, the code may not run as expected or may cause runtime errors.

Import trace for requested module:
../../../../../Users/jaywest/Myeve/node_modules/@novnc/novnc/core/util/browser.js
../../../../../Users/jaywest/Myeve/node_modules/@novnc/novnc/core/rfb.js
./components/computer-viewer.tsx
./components/computer-workspace.tsx
./app/chat.tsx
 GET /api/goals/goal_b96e7077-00db-43dd-913c-372f69f9301e 200 in 813ms (next.js: 790ms, application-code: 23ms)
 GET /api/threads/9a7d6bca-23ed-4ba7-8d53-2b2126cea1c5 404 in 806ms (next.js: 782ms, application-code: 24ms)
 GET /api/threads/9a7d6bca-23ed-4ba7-8d53-2b2126cea1c5 404 in 2.0ms (next.js: 0.5ms, application-code: 1.5ms)
 GET /api/threads/9a7d6bca-23ed-4ba7-8d53-2b2126cea1c5 404 in 2ms (next.js: 0.5ms, application-code: 1.7ms)
⚠ ../../../../../Users/jaywest/Myeve/node_modules/@novnc/novnc/core/util/browser.js
The generated code contains 'async/await' because this module is using "topLevelAwait".
However, your target environment does not appear to support 'async/await'.
As a result, the code may not run as expected or may cause runtime errors.

Import trace for requested module:
../../../../../Users/jaywest/Myeve/node_modules/@novnc/novnc/core/util/browser.js
../../../../../Users/jaywest/Myeve/node_modules/@novnc/novnc/core/rfb.js
./components/computer-viewer.tsx
./components/computer-workspace.tsx
./app/chat.tsx
⚠ ../../../../../Users/jaywest/Myeve/node_modules/@novnc/novnc/core/util/browser.js
The generated code contains 'async/await' because this module is using "topLevelAwait".
However, your target environment does not appear to support 'async/await'.
As a result, the code may not run as expected or may cause runtime errors.

Import trace for requested module:
../../../../../Users/jaywest/Myeve/node_modules/@novnc/novnc/core/util/browser.js
../../../../../Users/jaywest/Myeve/node_modules/@novnc/novnc/core/rfb.js
./components/computer-viewer.tsx
./components/computer-workspace.tsx
./app/chat.tsx
[browser] ../../../../../Users/jaywest/Myeve/node_modules/@novnc/novnc/core/util/browser.js
The generated code contains 'async/await' because this module is using "topLevelAwait".
However, your target environment does not appear to support 'async/await'.
As a result, the code may not run as expected or may cause runtime errors.

Import trace for requested module:
../../../../../Users/jaywest/Myeve/node_modules/@novnc/novnc/core/util/browser.js
../../../../../Users/jaywest/Myeve/node_modules/@novnc/novnc/core/rfb.js
./components/computer-viewer.tsx
./components/computer-workspace.tsx
./app/chat.tsx
 GET /api/task-runs?threadId=9a7d6bca-23ed-4ba7-8d53-2b2126cea1c5 200 in 443ms (next.js: 427ms, application-code: 15ms)
 GET /api/task-runs?threadId=9a7d6bca-23ed-4ba7-8d53-2b2126cea1c5 200 in 434ms (next.js: 418ms, application-code: 16ms)
 GET /api/goals 200 in 15ms (next.js: 4ms, application-code: 11ms)
 GET /api/goals 200 in 5ms (next.js: 0.6ms, application-code: 4ms)
 GET /api/goals/focus 200 in 15ms (next.js: 2ms, application-code: 12ms)
 GET /api/goals/focus 200 in 8ms (next.js: 0.5ms, application-code: 7ms)
 GET /api/goals/goal_b96e7077-00db-43dd-913c-372f69f9301e 200 in 8ms (next.js: 3ms, application-code: 5ms)
⚠ ../../../../../Users/jaywest/Myeve/node_modules/@novnc/novnc/core/util/browser.js
The generated code contains 'async/await' because this module is using "topLevelAwait".
However, your target environment does not appear to support 'async/await'.
As a result, the code may not run as expected or may cause runtime errors.

Import trace for requested module:
../../../../../Users/jaywest/Myeve/node_modules/@novnc/novnc/core/util/browser.js
../../../../../Users/jaywest/Myeve/node_modules/@novnc/novnc/core/rfb.js
./components/computer-viewer.tsx
./components/computer-workspace.tsx
./app/chat.tsx
[browser] ../../../../../Users/jaywest/Myeve/node_modules/@novnc/novnc/core/util/browser.js
The generated code contains 'async/await' because this module is using "topLevelAwait".
However, your target environment does not appear to support 'async/await'.
As a result, the code may not run as expected or may cause runtime errors.

Import trace for requested module:
../../../../../Users/jaywest/Myeve/node_modules/@novnc/novnc/core/util/browser.js
../../../../../Users/jaywest/Myeve/node_modules/@novnc/novnc/core/rfb.js
./components/computer-viewer.tsx
./components/computer-workspace.tsx
./app/chat.tsx
[browser] ../../../../../Users/jaywest/Myeve/node_modules/@novnc/novnc/core/util/browser.js
The generated code contains 'async/await' because this module is using "topLevelAwait".
However, your target environment does not appear to support 'async/await'.
As a result, the code may not run as expected or may cause runtime errors.

Import trace for requested module:
../../../../../Users/jaywest/Myeve/node_modules/@novnc/novnc/core/util/browser.js
../../../../../Users/jaywest/Myeve/node_modules/@novnc/novnc/core/rfb.js
./components/computer-viewer.tsx
./components/computer-workspace.tsx
./app/chat.tsx
⚠ ../../../../../Users/jaywest/Myeve/node_modules/@novnc/novnc/core/util/browser.js
The generated code contains 'async/await' because this module is using "topLevelAwait".
However, your target environment does not appear to support 'async/await'.
As a result, the code may not run as expected or may cause runtime errors.

Import trace for requested module:
../../../../../Users/jaywest/Myeve/node_modules/@novnc/novnc/core/util/browser.js
../../../../../Users/jaywest/Myeve/node_modules/@novnc/novnc/core/rfb.js
./components/computer-viewer.tsx
./components/computer-workspace.tsx
./app/chat.tsx
⚠ ../../../../../Users/jaywest/Myeve/node_modules/@novnc/novnc/core/util/browser.js
The generated code contains 'async/await' because this module is using "topLevelAwait".
However, your target environment does not appear to support 'async/await'.
As a result, the code may not run as expected or may cause runtime errors.

Import trace for requested module:
../../../../../Users/jaywest/Myeve/node_modules/@novnc/novnc/core/util/browser.js
../../../../../Users/jaywest/Myeve/node_modules/@novnc/novnc/core/rfb.js
./components/computer-viewer.tsx
./components/computer-workspace.tsx
./app/chat.tsx
⚠ ../../../../../Users/jaywest/Myeve/node_modules/@novnc/novnc/core/util/browser.js
The generated code contains 'async/await' because this module is using "topLevelAwait".
However, your target environment does not appear to support 'async/await'.
As a result, the code may not run as expected or may cause runtime errors.

Import trace for requested module:
../../../../../Users/jaywest/Myeve/node_modules/@novnc/novnc/core/util/browser.js
../../../../../Users/jaywest/Myeve/node_modules/@novnc/novnc/core/rfb.js
./components/computer-viewer.tsx
./components/computer-workspace.tsx
./app/chat.tsx
 GET /manage 200 in 1354ms (next.js: 648ms, proxy.ts: 410ms, application-code: 296ms)
[browser] ../../../../../Users/jaywest/Myeve/node_modules/@novnc/novnc/core/util/browser.js
The generated code contains 'async/await' because this module is using "topLevelAwait".
However, your target environment does not appear to support 'async/await'.
As a result, the code may not run as expected or may cause runtime errors.
 GET /api/capabilities 200 in 11ms (next.js: 1.8ms, application-code: 9ms)
⚠ ../../../../../Users/jaywest/Myeve/node_modules/@novnc/novnc/core/util/browser.js
The generated code contains 'async/await' because this module is using "topLevelAwait".
However, your target environment does not appear to support 'async/await'.
As a result, the code may not run as expected or may cause runtime errors.

Import trace for requested module:
../../../../../Users/jaywest/Myeve/node_modules/@novnc/novnc/core/util/browser.js
../../../../../Users/jaywest/Myeve/node_modules/@novnc/novnc/core/rfb.js
./components/computer-viewer.tsx
./components/computer-workspace.tsx
./app/chat.tsx
[browser] ../../../../../Users/jaywest/Myeve/node_modules/@novnc/novnc/core/util/browser.js
The generated code contains 'async/await' because this module is using "topLevelAwait".
However, your target environment does not appear to support 'async/await'.
As a result, the code may not run as expected or may cause runtime errors.

Import trace for requested module:
../../../../../Users/jaywest/Myeve/node_modules/@novnc/novnc/core/util/browser.js
../../../../../Users/jaywest/Myeve/node_modules/@novnc/novnc/core/rfb.js
./components/computer-viewer.tsx
./components/computer-workspace.tsx
./app/chat.tsx
⚠ ../../../../../Users/jaywest/Myeve/node_modules/@novnc/novnc/core/util/browser.js
The generated code contains 'async/await' because this module is using "topLevelAwait".
However, your target environment does not appear to support 'async/await'.
As a result, the code may not run as expected or may cause runtime errors.

Import trace for requested module:
../../../../../Users/jaywest/Myeve/node_modules/@novnc/novnc/core/util/browser.js
../../../../../Users/jaywest/Myeve/node_modules/@novnc/novnc/core/rfb.js
./components/computer-viewer.tsx
./components/computer-workspace.tsx
./app/chat.tsx
Model catalog failed Error [GatewayAuthenticationError]: AI Gateway authentication failed: No authentication provided.

Option 1 - API key:
Create an API key: https://vercel.com/d?to=%2F%5Bteam%5D%2F%7E%2Fai%2Fapi-keys
Provide via 'apiKey' option or 'AI_GATEWAY_API_KEY' environment variable.

Option 2 - Vercel access token:
Pass a Vercel personal access token or Vercel app access token via the 'apiKey' option.

Option 3 - OIDC token:
Run 'npx vercel link' to link your project, then 'vc env pull' to fetch the token.
    at async GET (app/api/models/route.ts:11:24)
   9 |
  10 |   try {
> 11 |     const { models } = await gateway.getAvailableModels();
     |                        ^
  12 |     const language = models
  13 |       .filter((model) => (model.modelType ?? "language") === "language")
  14 |       .map((model) => ({ {
  statusCode: 401,
  generationId: undefined,
  isRetryable: false,
  type: 'authentication_error',
  [cause]: Error [VercelOidcTokenError]: The 'x-vercel-oidc-token' header is missing from the request. Do you have the OIDC option enabled in the Vercel project settings?
  Unable to find project root directory. Have you linked your project with `vc link?`
      at async GET (app/api/models/route.ts:11:24)
     9 |
    10 |   try {
  > 11 |     const { models } = await gateway.getAvailableModels();
       |                        ^
    12 |     const language = models
    13 |       .filter((model) => (model.modelType ?? "language") === "language")
    14 |       .map((model) => ({ {
    cause: undefined
  }
}
 GET /api/update-check 200 in 1285ms (next.js: 1197ms, application-code: 88ms)
 GET /api/models 503 in 1278ms (next.js: 1190ms, application-code: 88ms)
[browser] ../../../../../Users/jaywest/Myeve/node_modules/@novnc/novnc/core/util/browser.js
The generated code contains 'async/await' because this module is using "topLevelAwait".
However, your target environment does not appear to support 'async/await'.
As a result, the code may not run as expected or may cause runtime errors.

Import trace for requested module:
../../../../../Users/jaywest/Myeve/node_modules/@novnc/novnc/core/util/browser.js
../../../../../Users/jaywest/Myeve/node_modules/@novnc/novnc/core/rfb.js
./components/computer-viewer.tsx
./components/computer-workspace.tsx
./app/chat.tsx
 GET /api/commands 200 in 1285ms (next.js: 1188ms, application-code: 97ms)
 GET /api/capabilities 200 in 3ms (next.js: 1.2ms, application-code: 1.6ms)
 GET /api/agents 200 in 1292ms (next.js: 1188ms, application-code: 104ms)
⚠ ../../../../../Users/jaywest/Myeve/node_modules/@novnc/novnc/core/util/browser.js
The generated code contains 'async/await' because this module is using "topLevelAwait".
However, your target environment does not appear to support 'async/await'.
As a result, the code may not run as expected or may cause runtime errors.

Import trace for requested module:
../../../../../Users/jaywest/Myeve/node_modules/@novnc/novnc/core/util/browser.js
../../../../../Users/jaywest/Myeve/node_modules/@novnc/novnc/core/rfb.js
./components/computer-viewer.tsx
./components/computer-workspace.tsx
./app/chat.tsx
 GET /api/threads 200 in 1299ms (next.js: 1188ms, application-code: 111ms)
 GET /api/threads/48c1c41f-2b18-43f0-b341-18615454999f 404 in 1247ms (next.js: 1137ms, application-code: 110ms)
[browser] ../../../../../Users/jaywest/Myeve/node_modules/@novnc/novnc/core/util/browser.js
The generated code contains 'async/await' because this module is using "topLevelAwait".
However, your target environment does not appear to support 'async/await'.
As a result, the code may not run as expected or may cause runtime errors.

Import trace for requested module:
../../../../../Users/jaywest/Myeve/node_modules/@novnc/novnc/core/util/browser.js
../../../../../Users/jaywest/Myeve/node_modules/@novnc/novnc/core/rfb.js
./components/computer-viewer.tsx
./components/computer-workspace.tsx
./app/chat.tsx
⚠ ../../../../../Users/jaywest/Myeve/node_modules/@novnc/novnc/core/util/browser.js
The generated code contains 'async/await' because this module is using "topLevelAwait".
However, your target environment does not appear to support 'async/await'.
As a result, the code may not run as expected or may cause runtime errors.

Import trace for requested module:
../../../../../Users/jaywest/Myeve/node_modules/@novnc/novnc/core/util/browser.js
../../../../../Users/jaywest/Myeve/node_modules/@novnc/novnc/core/rfb.js
./components/computer-viewer.tsx
./components/computer-workspace.tsx
./app/chat.tsx

../../../../../Users/jaywest/Myeve/node_modules/eve/dist/src/internal/application/optional-package-install.js
Critical dependency: the request of a dependency is an expression

Import trace for requested module:
../../../../../Users/jaywest/Myeve/node_modules/eve/dist/src/internal/application/optional-package-install.js
../../../../../Users/jaywest/Myeve/node_modules/eve/dist/src/execution/sandbox/bash-tool.js
../../../../../Users/jaywest/Myeve/node_modules/eve/dist/src/public/tools/define-bash-tool.js
../../../../../Users/jaywest/Myeve/node_modules/eve/dist/src/public/tools/index.js
../../../../../Users/jaywest/Myeve/node_modules/@agent-browser/eve/dist/extension/tools/click.mjs
../../../../../Users/jaywest/Myeve/node_modules/@agent-browser/eve/dist/tools/index.mjs
./lib/readiness.ts
./app/api/readiness/route.ts
 GET /goals 200 in 505ms (next.js: 71ms, proxy.ts: 197ms, application-code: 237ms)
[browser] ../../../../../Users/jaywest/Myeve/node_modules/@novnc/novnc/core/util/browser.js
The generated code contains 'async/await' because this module is using "topLevelAwait".
However, your target environment does not appear to support 'async/await'.
As a result, the code may not run as expected or may cause runtime errors.
 GET /api/goals 200 in 16ms (next.js: 5ms, application-code: 11ms)
Model catalog failed Error [GatewayAuthenticationError]: AI Gateway authentication failed: No authentication provided.

Option 1 - API key:
Create an API key: https://vercel.com/d?to=%2F%5Bteam%5D%2F%7E%2Fai%2Fapi-keys
Provide via 'apiKey' option or 'AI_GATEWAY_API_KEY' environment variable.

Option 2 - Vercel access token:
Pass a Vercel personal access token or Vercel app access token via the 'apiKey' option.

Option 3 - OIDC token:
Run 'npx vercel link' to link your project, then 'vc env pull' to fetch the token.
    at async GET (app/api/models/route.ts:11:24)
   9 |
  10 |   try {
> 11 |     const { models } = await gateway.getAvailableModels();
     |                        ^
  12 |     const language = models
  13 |       .filter((model) => (model.modelType ?? "language") === "language")
  14 |       .map((model) => ({ {
  statusCode: 401,
  generationId: undefined,
  isRetryable: false,
  type: 'authentication_error',
  [cause]: Error [VercelOidcTokenError]: The 'x-vercel-oidc-token' header is missing from the request. Do you have the OIDC option enabled in the Vercel project settings?
  Unable to find project root directory. Have you linked your project with `vc link?`
      at async GET (app/api/models/route.ts:11:24)
     9 |
    10 |   try {
  > 11 |     const { models } = await gateway.getAvailableModels();
       |                        ^
    12 |     const language = models
    13 |       .filter((model) => (model.modelType ?? "language") === "language")
    14 |       .map((model) => ({ {
    cause: undefined
  }
}
 GET /api/models 503 in 8ms (next.js: 1.6ms, application-code: 6ms)
 GET /api/commands 200 in 16ms (next.js: 2ms, application-code: 14ms)
 GET /api/goals/focus 200 in 41ms (next.js: 5ms, application-code: 37ms)
 GET /api/capabilities 200 in 2ms (next.js: 0.6ms, application-code: 1.8ms)
 GET /api/agents 200 in 35ms (next.js: 3ms, application-code: 32ms)
Model catalog failed Error [GatewayAuthenticationError]: AI Gateway authentication failed: No authentication provided.

Option 1 - API key:
Create an API key: https://vercel.com/d?to=%2F%5Bteam%5D%2F%7E%2Fai%2Fapi-keys
Provide via 'apiKey' option or 'AI_GATEWAY_API_KEY' environment variable.

Option 2 - Vercel access token:
Pass a Vercel personal access token or Vercel app access token via the 'apiKey' option.

Option 3 - OIDC token:
Run 'npx vercel link' to link your project, then 'vc env pull' to fetch the token.
    at async GET (app/api/models/route.ts:11:24)
   9 |
  10 |   try {
> 11 |     const { models } = await gateway.getAvailableModels();
     |                        ^
  12 |     const language = models
  13 |       .filter((model) => (model.modelType ?? "language") === "language")
  14 |       .map((model) => ({ {
  statusCode: 401,
  generationId: undefined,
  isRetryable: false,
  type: 'authentication_error',
  [cause]: Error [VercelOidcTokenError]: The 'x-vercel-oidc-token' header is missing from the request. Do you have the OIDC option enabled in the Vercel project settings?
  Unable to find project root directory. Have you linked your project with `vc link?`
      at async GET (app/api/models/route.ts:11:24)
     9 |
    10 |   try {
  > 11 |     const { models } = await gateway.getAvailableModels();
       |                        ^
    12 |     const language = models
    13 |       .filter((model) => (model.modelType ?? "language") === "language")
    14 |       .map((model) => ({ {
    cause: undefined
  }
}
 GET /api/models 503 in 2ms (next.js: 0.3ms, application-code: 2.0ms)
 GET /api/goals 200 in 5ms (next.js: 0.4ms, application-code: 4ms)
 GET /api/threads 200 in 36ms (next.js: 4ms, application-code: 32ms)
 GET /api/threads/41b8a14d-e4ab-4f17-a686-c01c0084fcfa 404 in 14ms (next.js: 5ms, application-code: 8ms)
 GET /api/commands 200 in 1.6ms (next.js: 0.4ms, application-code: 1.1ms)
 GET /api/threads 200 in 1.7ms (next.js: 0.2ms, application-code: 1.5ms)
 GET /api/goals/focus 200 in 8ms (next.js: 0.3ms, application-code: 8ms)
 GET /api/threads/41b8a14d-e4ab-4f17-a686-c01c0084fcfa 404 in 1.6ms (next.js: 0.4ms, application-code: 1.2ms)
 GET /api/agents 200 in 9ms (next.js: 0.2ms, application-code: 9ms)
 GET /api/threads/41b8a14d-e4ab-4f17-a686-c01c0084fcfa 404 in 3ms (next.js: 0.8ms, application-code: 2.0ms)
⚠ ../../../../../Users/jaywest/Myeve/node_modules/@novnc/novnc/core/util/browser.js
The generated code contains 'async/await' because this module is using "topLevelAwait".
However, your target environment does not appear to support 'async/await'.
As a result, the code may not run as expected or may cause runtime errors.

Import trace for requested module:
../../../../../Users/jaywest/Myeve/node_modules/@novnc/novnc/core/util/browser.js
../../../../../Users/jaywest/Myeve/node_modules/@novnc/novnc/core/rfb.js
./components/computer-viewer.tsx
./components/computer-workspace.tsx
./app/chat.tsx

../../../../../Users/jaywest/Myeve/node_modules/eve/dist/src/internal/application/optional-package-install.js
Critical dependency: the request of a dependency is an expression

Import trace for requested module:
../../../../../Users/jaywest/Myeve/node_modules/eve/dist/src/internal/application/optional-package-install.js
../../../../../Users/jaywest/Myeve/node_modules/eve/dist/src/execution/sandbox/bash-tool.js
../../../../../Users/jaywest/Myeve/node_modules/eve/dist/src/public/tools/define-bash-tool.js
../../../../../Users/jaywest/Myeve/node_modules/eve/dist/src/public/tools/index.js
../../../../../Users/jaywest/Myeve/node_modules/@agent-browser/eve/dist/extension/tools/click.mjs
../../../../../Users/jaywest/Myeve/node_modules/@agent-browser/eve/dist/tools/index.mjs
./lib/readiness.ts
./app/api/readiness/route.ts
⚠ ../../../../../Users/jaywest/Myeve/node_modules/@novnc/novnc/core/util/browser.js
The generated code contains 'async/await' because this module is using "topLevelAwait".
However, your target environment does not appear to support 'async/await'.
As a result, the code may not run as expected or may cause runtime errors.

Import trace for requested module:
../../../../../Users/jaywest/Myeve/node_modules/@novnc/novnc/core/util/browser.js
../../../../../Users/jaywest/Myeve/node_modules/@novnc/novnc/core/rfb.js
./components/computer-viewer.tsx
./components/computer-workspace.tsx
./app/chat.tsx

../../../../../Users/jaywest/Myeve/node_modules/eve/dist/src/internal/application/optional-package-install.js
Critical dependency: the request of a dependency is an expression

Import trace for requested module:
../../../../../Users/jaywest/Myeve/node_modules/eve/dist/src/internal/application/optional-package-install.js
../../../../../Users/jaywest/Myeve/node_modules/eve/dist/src/execution/sandbox/bash-tool.js
../../../../../Users/jaywest/Myeve/node_modules/eve/dist/src/public/tools/define-bash-tool.js
../../../../../Users/jaywest/Myeve/node_modules/eve/dist/src/public/tools/index.js
../../../../../Users/jaywest/Myeve/node_modules/@agent-browser/eve/dist/extension/tools/click.mjs
../../../../../Users/jaywest/Myeve/node_modules/@agent-browser/eve/dist/tools/index.mjs
./lib/readiness.ts
./app/api/readiness/route.ts
 GET /api/owner-data?download=1 200 in 824ms (next.js: 711ms, application-code: 113ms)
⚠ ../../../../../Users/jaywest/Myeve/node_modules/@novnc/novnc/core/util/browser.js
The generated code contains 'async/await' because this module is using "topLevelAwait".
However, your target environment does not appear to support 'async/await'.
As a result, the code may not run as expected or may cause runtime errors.

Import trace for requested module:
../../../../../Users/jaywest/Myeve/node_modules/@novnc/novnc/core/util/browser.js
../../../../../Users/jaywest/Myeve/node_modules/@novnc/novnc/core/rfb.js
./components/computer-viewer.tsx
./components/computer-workspace.tsx
./app/chat.tsx

../../../../../Users/jaywest/Myeve/node_modules/eve/dist/src/internal/application/optional-package-install.js
Critical dependency: the request of a dependency is an expression

Import trace for requested module:
../../../../../Users/jaywest/Myeve/node_modules/eve/dist/src/internal/application/optional-package-install.js
../../../../../Users/jaywest/Myeve/node_modules/eve/dist/src/execution/sandbox/bash-tool.js
../../../../../Users/jaywest/Myeve/node_modules/eve/dist/src/public/tools/define-bash-tool.js
../../../../../Users/jaywest/Myeve/node_modules/eve/dist/src/public/tools/index.js
../../../../../Users/jaywest/Myeve/node_modules/@agent-browser/eve/dist/extension/tools/click.mjs
../../../../../Users/jaywest/Myeve/node_modules/@agent-browser/eve/dist/tools/index.mjs
./lib/readiness.ts
./app/api/readiness/route.ts
⚠ ../../../../../Users/jaywest/Myeve/node_modules/@novnc/novnc/core/util/browser.js
The generated code contains 'async/await' because this module is using "topLevelAwait".
However, your target environment does not appear to support 'async/await'.
As a result, the code may not run as expected or may cause runtime errors.

Import trace for requested module:
../../../../../Users/jaywest/Myeve/node_modules/@novnc/novnc/core/util/browser.js
../../../../../Users/jaywest/Myeve/node_modules/@novnc/novnc/core/rfb.js
./components/computer-viewer.tsx
./components/computer-workspace.tsx
./app/chat.tsx

../../../../../Users/jaywest/Myeve/node_modules/eve/dist/src/internal/application/optional-package-install.js
Critical dependency: the request of a dependency is an expression

Import trace for requested module:
../../../../../Users/jaywest/Myeve/node_modules/eve/dist/src/internal/application/optional-package-install.js
../../../../../Users/jaywest/Myeve/node_modules/eve/dist/src/execution/sandbox/bash-tool.js
../../../../../Users/jaywest/Myeve/node_modules/eve/dist/src/public/tools/define-bash-tool.js
../../../../../Users/jaywest/Myeve/node_modules/eve/dist/src/public/tools/index.js
../../../../../Users/jaywest/Myeve/node_modules/@agent-browser/eve/dist/extension/tools/click.mjs
../../../../../Users/jaywest/Myeve/node_modules/@agent-browser/eve/dist/tools/index.mjs
./lib/readiness.ts
./app/api/readiness/route.ts
 GET /manage/data 200 in 843ms (next.js: 641ms, proxy.ts: 1.5ms, application-code: 200ms)
[browser] ../../../../../Users/jaywest/Myeve/node_modules/@novnc/novnc/core/util/browser.js
The generated code contains 'async/await' because this module is using "topLevelAwait".
However, your target environment does not appear to support 'async/await'.
As a result, the code may not run as expected or may cause runtime errors.
 GET /api/capabilities 200 in 7ms (next.js: 1.9ms, application-code: 5ms)
 GET /api/update-check 200 in 4ms (next.js: 2ms, application-code: 2.0ms)
Model catalog failed Error [GatewayAuthenticationError]: AI Gateway authentication failed: No authentication provided.

Option 1 - API key:
Create an API key: https://vercel.com/d?to=%2F%5Bteam%5D%2F%7E%2Fai%2Fapi-keys
Provide via 'apiKey' option or 'AI_GATEWAY_API_KEY' environment variable.

Option 2 - Vercel access token:
Pass a Vercel personal access token or Vercel app access token via the 'apiKey' option.

Option 3 - OIDC token:
Run 'npx vercel link' to link your project, then 'vc env pull' to fetch the token.
    at async GET (app/api/models/route.ts:11:24)
   9 |
  10 |   try {
> 11 |     const { models } = await gateway.getAvailableModels();
     |                        ^
  12 |     const language = models
  13 |       .filter((model) => (model.modelType ?? "language") === "language")
  14 |       .map((model) => ({ {
  statusCode: 401,
  generationId: undefined,
  isRetryable: false,
  type: 'authentication_error',
  [cause]: Error [VercelOidcTokenError]: The 'x-vercel-oidc-token' header is missing from the request. Do you have the OIDC option enabled in the Vercel project settings?
  Unable to find project root directory. Have you linked your project with `vc link?`
      at async GET (app/api/models/route.ts:11:24)
     9 |
    10 |   try {
  > 11 |     const { models } = await gateway.getAvailableModels();
       |                        ^
    12 |     const language = models
    13 |       .filter((model) => (model.modelType ?? "language") === "language")
    14 |       .map((model) => ({ {
    cause: undefined
  }
}
 GET /api/models 503 in 19ms (next.js: 1.9ms, application-code: 17ms)
 GET /api/commands 200 in 39ms (next.js: 2ms, application-code: 37ms)
 GET /api/capabilities 200 in 1.6ms (next.js: 0.4ms, application-code: 1.2ms)
 GET /api/update-check 200 in 1.5ms (next.js: 0.3ms, application-code: 1.2ms)
 GET /api/agents 200 in 61ms (next.js: 3ms, application-code: 57ms)
Model catalog failed Error [GatewayAuthenticationError]: AI Gateway authentication failed: No authentication provided.

Option 1 - API key:
Create an API key: https://vercel.com/d?to=%2F%5Bteam%5D%2F%7E%2Fai%2Fapi-keys
Provide via 'apiKey' option or 'AI_GATEWAY_API_KEY' environment variable.

Option 2 - Vercel access token:
Pass a Vercel personal access token or Vercel app access token via the 'apiKey' option.

Option 3 - OIDC token:
Run 'npx vercel link' to link your project, then 'vc env pull' to fetch the token.
    at async GET (app/api/models/route.ts:11:24)
   9 |
  10 |   try {
> 11 |     const { models } = await gateway.getAvailableModels();
     |                        ^
  12 |     const language = models
  13 |       .filter((model) => (model.modelType ?? "language") === "language")
  14 |       .map((model) => ({ {
  statusCode: 401,
  generationId: undefined,
  isRetryable: false,
  type: 'authentication_error',
  [cause]: Error [VercelOidcTokenError]: The 'x-vercel-oidc-token' header is missing from the request. Do you have the OIDC option enabled in the Vercel project settings?
  Unable to find project root directory. Have you linked your project with `vc link?`
      at async GET (app/api/models/route.ts:11:24)
     9 |
    10 |   try {
  > 11 |     const { models } = await gateway.getAvailableModels();
       |                        ^
    12 |     const language = models
    13 |       .filter((model) => (model.modelType ?? "language") === "language")
    14 |       .map((model) => ({ {
    cause: undefined
  }
}
 GET /api/models 503 in 3ms (next.js: 0.7ms, application-code: 2ms)
 GET /api/threads 200 in 37ms (next.js: 5ms, application-code: 32ms)
 GET /api/threads/866b753e-3050-482d-8a49-874aa2ba624e 404 in 45ms (next.js: 6ms, application-code: 39ms)
 GET /api/goals 200 in 32ms (next.js: 3ms, application-code: 28ms)
 GET /api/agents 200 in 39ms (next.js: 0.3ms, application-code: 39ms)
 GET /api/automations 200 in 56ms (next.js: 2ms, application-code: 54ms)
 GET /api/goals 200 in 31ms (next.js: 0.5ms, application-code: 30ms)
 GET /api/commands 200 in 1.7ms (next.js: 0.5ms, application-code: 1.2ms)
 GET /api/capabilities 200 in 2ms (next.js: 0.5ms, application-code: 1.5ms)
 GET /api/agents 200 in 47ms (next.js: 0.4ms, application-code: 46ms)
 GET /api/threads 200 in 3ms (next.js: 0.3ms, application-code: 2ms)
 GET /api/owner-data 200 in 52ms (next.js: 2ms, application-code: 50ms)
 GET /api/agents 200 in 12ms (next.js: 0.4ms, application-code: 12ms)
 GET /api/automations 200 in 5ms (next.js: 0.4ms, application-code: 5ms)
 GET /api/threads/866b753e-3050-482d-8a49-874aa2ba624e 404 in 3ms (next.js: 0.5ms, application-code: 2ms)
 GET /api/threads/866b753e-3050-482d-8a49-874aa2ba624e 404 in 2ms (next.js: 0.6ms, application-code: 1.8ms)
 GET /api/threads/866b753e-3050-482d-8a49-874aa2ba624e 404 in 2ms (next.js: 0.6ms, application-code: 1.8ms)
 POST /api/owner-data 200 in 22ms (next.js: 0.7ms, application-code: 22ms)
Owner archive validation failed
 POST /api/owner-data 400 in 3ms (next.js: 0.6ms, application-code: 2ms)
Owner archive validation failed
 POST /api/owner-data 400 in 3ms (next.js: 0.6ms, application-code: 2ms)
Owner archive validation failed
 POST /api/owner-data 400 in 5ms (next.js: 0.6ms, application-code: 4ms)
Owner archive validation failed
 POST /api/owner-data 400 in 7ms (next.js: 0.8ms, application-code: 7ms)
 GET /api/owner-data 200 in 13ms (next.js: 0.6ms, application-code: 13ms)
⚠ ../../../../../Users/jaywest/Myeve/node_modules/@novnc/novnc/core/util/browser.js
The generated code contains 'async/await' because this module is using "topLevelAwait".
However, your target environment does not appear to support 'async/await'.
As a result, the code may not run as expected or may cause runtime errors.

Import trace for requested module:
../../../../../Users/jaywest/Myeve/node_modules/@novnc/novnc/core/util/browser.js
../../../../../Users/jaywest/Myeve/node_modules/@novnc/novnc/core/rfb.js
./components/computer-viewer.tsx
./components/computer-workspace.tsx
./app/chat.tsx

../../../../../Users/jaywest/Myeve/node_modules/eve/dist/src/internal/application/optional-package-install.js
Critical dependency: the request of a dependency is an expression

Import trace for requested module:
../../../../../Users/jaywest/Myeve/node_modules/eve/dist/src/internal/application/optional-package-install.js
../../../../../Users/jaywest/Myeve/node_modules/eve/dist/src/execution/sandbox/bash-tool.js
../../../../../Users/jaywest/Myeve/node_modules/eve/dist/src/public/tools/define-bash-tool.js
../../../../../Users/jaywest/Myeve/node_modules/eve/dist/src/public/tools/index.js
../../../../../Users/jaywest/Myeve/node_modules/@agent-browser/eve/dist/extension/tools/click.mjs
../../../../../Users/jaywest/Myeve/node_modules/@agent-browser/eve/dist/tools/index.mjs
./lib/readiness.ts
./app/api/readiness/route.ts
⚠ ../../../../../Users/jaywest/Myeve/node_modules/@novnc/novnc/core/util/browser.js
The generated code contains 'async/await' because this module is using "topLevelAwait".
However, your target environment does not appear to support 'async/await'.
As a result, the code may not run as expected or may cause runtime errors.

Import trace for requested module:
../../../../../Users/jaywest/Myeve/node_modules/@novnc/novnc/core/util/browser.js
../../../../../Users/jaywest/Myeve/node_modules/@novnc/novnc/core/rfb.js
./components/computer-viewer.tsx
./components/computer-workspace.tsx
./app/chat.tsx

../../../../../Users/jaywest/Myeve/node_modules/eve/dist/src/internal/application/optional-package-install.js
Critical dependency: the request of a dependency is an expression

Import trace for requested module:
../../../../../Users/jaywest/Myeve/node_modules/eve/dist/src/internal/application/optional-package-install.js
../../../../../Users/jaywest/Myeve/node_modules/eve/dist/src/execution/sandbox/bash-tool.js
../../../../../Users/jaywest/Myeve/node_modules/eve/dist/src/public/tools/define-bash-tool.js
../../../../../Users/jaywest/Myeve/node_modules/eve/dist/src/public/tools/index.js
../../../../../Users/jaywest/Myeve/node_modules/@agent-browser/eve/dist/extension/tools/click.mjs
../../../../../Users/jaywest/Myeve/node_modules/@agent-browser/eve/dist/tools/index.mjs
./lib/readiness.ts
./app/api/readiness/route.ts
 GET /chat 200 in 1026ms (next.js: 804ms, proxy.ts: 2.0ms, application-code: 220ms)
[browser] ../../../../../Users/jaywest/Myeve/node_modules/@novnc/novnc/core/util/browser.js
The generated code contains 'async/await' because this module is using "topLevelAwait".
However, your target environment does not appear to support 'async/await'.
As a result, the code may not run as expected or may cause runtime errors.
Model catalog failed Error [GatewayAuthenticationError]: AI Gateway authentication failed: No authentication provided.

Option 1 - API key:
Create an API key: https://vercel.com/d?to=%2F%5Bteam%5D%2F%7E%2Fai%2Fapi-keys
Provide via 'apiKey' option or 'AI_GATEWAY_API_KEY' environment variable.

Option 2 - Vercel access token:
Pass a Vercel personal access token or Vercel app access token via the 'apiKey' option.

Option 3 - OIDC token:
Run 'npx vercel link' to link your project, then 'vc env pull' to fetch the token.
    at async GET (app/api/models/route.ts:11:24)
   9 |
  10 |   try {
> 11 |     const { models } = await gateway.getAvailableModels();
     |                        ^
  12 |     const language = models
  13 |       .filter((model) => (model.modelType ?? "language") === "language")
  14 |       .map((model) => ({ {
  statusCode: 401,
  generationId: undefined,
  isRetryable: false,
  type: 'authentication_error',
  [cause]: Error [VercelOidcTokenError]: The 'x-vercel-oidc-token' header is missing from the request. Do you have the OIDC option enabled in the Vercel project settings?
  Unable to find project root directory. Have you linked your project with `vc link?`
      at async GET (app/api/models/route.ts:11:24)
     9 |
    10 |   try {
  > 11 |     const { models } = await gateway.getAvailableModels();
       |                        ^
    12 |     const language = models
    13 |       .filter((model) => (model.modelType ?? "language") === "language")
    14 |       .map((model) => ({ {
    cause: undefined
  }
}
 GET /api/models 503 in 23ms (next.js: 2ms, application-code: 21ms)
 GET /api/commands 200 in 55ms (next.js: 2ms, application-code: 53ms)
 GET /api/capabilities 200 in 3ms (next.js: 1.0ms, application-code: 2ms)
Model catalog failed Error [GatewayAuthenticationError]: AI Gateway authentication failed: No authentication provided.

Option 1 - API key:
Create an API key: https://vercel.com/d?to=%2F%5Bteam%5D%2F%7E%2Fai%2Fapi-keys
Provide via 'apiKey' option or 'AI_GATEWAY_API_KEY' environment variable.

Option 2 - Vercel access token:
Pass a Vercel personal access token or Vercel app access token via the 'apiKey' option.

Option 3 - OIDC token:
Run 'npx vercel link' to link your project, then 'vc env pull' to fetch the token.
    at async GET (app/api/models/route.ts:11:24)
   9 |
  10 |   try {
> 11 |     const { models } = await gateway.getAvailableModels();
     |                        ^
  12 |     const language = models
  13 |       .filter((model) => (model.modelType ?? "language") === "language")
  14 |       .map((model) => ({ {
  statusCode: 401,
  generationId: undefined,
  isRetryable: false,
  type: 'authentication_error',
  [cause]: Error [VercelOidcTokenError]: The 'x-vercel-oidc-token' header is missing from the request. Do you have the OIDC option enabled in the Vercel project settings?
  Unable to find project root directory. Have you linked your project with `vc link?`
      at async GET (app/api/models/route.ts:11:24)
     9 |
    10 |   try {
  > 11 |     const { models } = await gateway.getAvailableModels();
       |                        ^
    12 |     const language = models
    13 |       .filter((model) => (model.modelType ?? "language") === "language")
    14 |       .map((model) => ({ {
    cause: undefined
  }
}
 GET /api/models 503 in 2ms (next.js: 0.3ms, application-code: 2ms)
 GET /api/agents 200 in 82ms (next.js: 3ms, application-code: 79ms)
 GET /api/commands 200 in 1.2ms (next.js: 0.3ms, application-code: 0.9ms)
 GET /api/threads/efb5d67f-7eb9-439b-8c78-92d259ba2857 404 in 14ms (next.js: 6ms, application-code: 9ms)
 GET /api/threads 200 in 33ms (next.js: 5ms, application-code: 29ms)
 GET /api/agents 200 in 6ms (next.js: 0.7ms, application-code: 6ms)
 GET /api/threads 200 in 2ms (next.js: 0.5ms, application-code: 1.6ms)
 GET /api/threads/efb5d67f-7eb9-439b-8c78-92d259ba2857 404 in 2ms (next.js: 0.4ms, application-code: 1.8ms)
 GET /api/threads/efb5d67f-7eb9-439b-8c78-92d259ba2857 404 in 2ms (next.js: 0.7ms, application-code: 1.8ms)
 GET /api/task-runs?threadId=efb5d67f-7eb9-439b-8c78-92d259ba2857 200 in 7ms (next.js: 3ms, application-code: 4ms)
 GET /api/task-runs?threadId=efb5d67f-7eb9-439b-8c78-92d259ba2857 200 in 2ms (next.js: 0.8ms, application-code: 1.6ms)
 GET /api/task-runs?threadId=efb5d67f-7eb9-439b-8c78-92d259ba2857 200 in 3ms (next.js: 0.5ms, application-code: 2ms)
 GET /api/task-runs?threadId=efb5d67f-7eb9-439b-8c78-92d259ba2857 200 in 1.7ms (next.js: 0.5ms, application-code: 1.2ms)
⚠ ../../../../../Users/jaywest/Myeve/node_modules/@novnc/novnc/core/util/browser.js
The generated code contains 'async/await' because this module is using "topLevelAwait".
However, your target environment does not appear to support 'async/await'.
As a result, the code may not run as expected or may cause runtime errors.

Import trace for requested module:
../../../../../Users/jaywest/Myeve/node_modules/@novnc/novnc/core/util/browser.js
../../../../../Users/jaywest/Myeve/node_modules/@novnc/novnc/core/rfb.js
./components/computer-viewer.tsx
./components/computer-workspace.tsx
./app/chat.tsx

../../../../../Users/jaywest/Myeve/node_modules/eve/dist/src/internal/application/optional-package-install.js
Critical dependency: the request of a dependency is an expression

Import trace for requested module:
../../../../../Users/jaywest/Myeve/node_modules/eve/dist/src/internal/application/optional-package-install.js
../../../../../Users/jaywest/Myeve/node_modules/eve/dist/src/execution/sandbox/bash-tool.js
../../../../../Users/jaywest/Myeve/node_modules/eve/dist/src/public/tools/define-bash-tool.js
../../../../../Users/jaywest/Myeve/node_modules/eve/dist/src/public/tools/index.js
../../../../../Users/jaywest/Myeve/node_modules/@agent-browser/eve/dist/extension/tools/click.mjs
../../../../../Users/jaywest/Myeve/node_modules/@agent-browser/eve/dist/tools/index.mjs
./lib/readiness.ts
./app/api/readiness/route.ts
[browser] ../../../../../Users/jaywest/Myeve/node_modules/@novnc/novnc/core/util/browser.js
The generated code contains 'async/await' because this module is using "topLevelAwait".
However, your target environment does not appear to support 'async/await'.
As a result, the code may not run as expected or may cause runtime errors.

Import trace for requested module:
../../../../../Users/jaywest/Myeve/node_modules/@novnc/novnc/core/util/browser.js
../../../../../Users/jaywest/Myeve/node_modules/@novnc/novnc/core/rfb.js
./components/computer-viewer.tsx
./components/computer-workspace.tsx
./app/chat.tsx
⚠ ../../../../../Users/jaywest/Myeve/node_modules/@novnc/novnc/core/util/browser.js
The generated code contains 'async/await' because this module is using "topLevelAwait".
However, your target environment does not appear to support 'async/await'.
As a result, the code may not run as expected or may cause runtime errors.

Import trace for requested module:
../../../../../Users/jaywest/Myeve/node_modules/@novnc/novnc/core/util/browser.js
../../../../../Users/jaywest/Myeve/node_modules/@novnc/novnc/core/rfb.js
./components/computer-viewer.tsx
./components/computer-workspace.tsx
./app/chat.tsx

../../../../../Users/jaywest/Myeve/node_modules/eve/dist/src/internal/application/optional-package-install.js
Critical dependency: the request of a dependency is an expression

Import trace for requested module:
../../../../../Users/jaywest/Myeve/node_modules/eve/dist/src/internal/application/optional-package-install.js
../../../../../Users/jaywest/Myeve/node_modules/eve/dist/src/execution/sandbox/bash-tool.js
../../../../../Users/jaywest/Myeve/node_modules/eve/dist/src/public/tools/define-bash-tool.js
../../../../../Users/jaywest/Myeve/node_modules/eve/dist/src/public/tools/index.js
../../../../../Users/jaywest/Myeve/node_modules/@agent-browser/eve/dist/extension/tools/click.mjs
../../../../../Users/jaywest/Myeve/node_modules/@agent-browser/eve/dist/tools/index.mjs
./lib/readiness.ts
./app/api/readiness/route.ts
onUploadCompleted provided but no callbackUrl could be determined. Please provide a callbackUrl in onBeforeGenerateToken or set the VERCEL_BLOB_CALLBACK_URL environment variable.
[browser] ../../../../../Users/jaywest/Myeve/node_modules/@novnc/novnc/core/util/browser.js
The generated code contains 'async/await' because this module is using "topLevelAwait".
However, your target environment does not appear to support 'async/await'.
As a result, the code may not run as expected or may cause runtime errors.

Import trace for requested module:
../../../../../Users/jaywest/Myeve/node_modules/@novnc/novnc/core/util/browser.js
../../../../../Users/jaywest/Myeve/node_modules/@novnc/novnc/core/rfb.js
./components/computer-viewer.tsx
./components/computer-workspace.tsx
./app/chat.tsx
 POST /api/files/upload 200 in 1810ms (next.js: 1617ms, application-code: 193ms)
 GET /api/files 200 in 1809ms (next.js: 1609ms, application-code: 199ms)
 POST /api/files 200 in 6ms (next.js: 0.8ms, application-code: 5ms)
⚠ ../../../../../Users/jaywest/Myeve/node_modules/@novnc/novnc/core/util/browser.js
The generated code contains 'async/await' because this module is using "topLevelAwait".
However, your target environment does not appear to support 'async/await'.
As a result, the code may not run as expected or may cause runtime errors.

Import trace for requested module:
../../../../../Users/jaywest/Myeve/node_modules/@novnc/novnc/core/util/browser.js
../../../../../Users/jaywest/Myeve/node_modules/@novnc/novnc/core/rfb.js
./components/computer-viewer.tsx
./components/computer-workspace.tsx
./app/chat.tsx

../../../../../Users/jaywest/Myeve/node_modules/eve/dist/src/internal/application/optional-package-install.js
Critical dependency: the request of a dependency is an expression

Import trace for requested module:
../../../../../Users/jaywest/Myeve/node_modules/eve/dist/src/internal/application/optional-package-install.js
../../../../../Users/jaywest/Myeve/node_modules/eve/dist/src/execution/sandbox/bash-tool.js
../../../../../Users/jaywest/Myeve/node_modules/eve/dist/src/public/tools/define-bash-tool.js
../../../../../Users/jaywest/Myeve/node_modules/eve/dist/src/public/tools/index.js
../../../../../Users/jaywest/Myeve/node_modules/@agent-browser/eve/dist/extension/tools/click.mjs
../../../../../Users/jaywest/Myeve/node_modules/@agent-browser/eve/dist/tools/index.mjs
./lib/readiness.ts
./app/api/readiness/route.ts
[browser] ../../../../../Users/jaywest/Myeve/node_modules/@novnc/novnc/core/util/browser.js
The generated code contains 'async/await' because this module is using "topLevelAwait".
However, your target environment does not appear to support 'async/await'.
As a result, the code may not run as expected or may cause runtime errors.

Import trace for requested module:
../../../../../Users/jaywest/Myeve/node_modules/@novnc/novnc/core/util/browser.js
../../../../../Users/jaywest/Myeve/node_modules/@novnc/novnc/core/rfb.js
./components/computer-viewer.tsx
./components/computer-workspace.tsx
./app/chat.tsx
⚠ ../../../../../Users/jaywest/Myeve/node_modules/@novnc/novnc/core/util/browser.js
The generated code contains 'async/await' because this module is using "topLevelAwait".
However, your target environment does not appear to support 'async/await'.
As a result, the code may not run as expected or may cause runtime errors.

Import trace for requested module:
../../../../../Users/jaywest/Myeve/node_modules/@novnc/novnc/core/util/browser.js
../../../../../Users/jaywest/Myeve/node_modules/@novnc/novnc/core/rfb.js
./components/computer-viewer.tsx
./components/computer-workspace.tsx
./app/chat.tsx

../../../../../Users/jaywest/Myeve/node_modules/eve/dist/src/internal/application/optional-package-install.js
Critical dependency: the request of a dependency is an expression

Import trace for requested module:
../../../../../Users/jaywest/Myeve/node_modules/eve/dist/src/internal/application/optional-package-install.js
../../../../../Users/jaywest/Myeve/node_modules/eve/dist/src/execution/sandbox/bash-tool.js
../../../../../Users/jaywest/Myeve/node_modules/eve/dist/src/public/tools/define-bash-tool.js
../../../../../Users/jaywest/Myeve/node_modules/eve/dist/src/public/tools/index.js
../../../../../Users/jaywest/Myeve/node_modules/@agent-browser/eve/dist/extension/tools/click.mjs
../../../../../Users/jaywest/Myeve/node_modules/@agent-browser/eve/dist/tools/index.mjs
./lib/readiness.ts
./app/api/readiness/route.ts
[browser] ../../../../../Users/jaywest/Myeve/node_modules/@novnc/novnc/core/util/browser.js
The generated code contains 'async/await' because this module is using "topLevelAwait".
However, your target environment does not appear to support 'async/await'.
As a result, the code may not run as expected or may cause runtime errors.

Import trace for requested module:
../../../../../Users/jaywest/Myeve/node_modules/@novnc/novnc/core/util/browser.js
../../../../../Users/jaywest/Myeve/node_modules/@novnc/novnc/core/rfb.js
./components/computer-viewer.tsx
./components/computer-workspace.tsx
./app/chat.tsx
 GET /api/files 200 in 1353ms (next.js: 1232ms, application-code: 121ms)
 GET /api/files/b5bafe80-ff01-4a76-a247-de82d94c55e7/content 200 in 1500ms (next.js: 1376ms, application-code: 123ms)
 GET /api/files 200 in 7ms (next.js: 0.5ms, application-code: 7ms)
 GET /api/threads/efb5d67f-7eb9-439b-8c78-92d259ba2857 404 in 16ms (next.js: 6ms, application-code: 10ms)
 PUT /api/threads/efb5d67f-7eb9-439b-8c78-92d259ba2857 200 in 4ms (next.js: 0.7ms, application-code: 3ms)
 GET /api/files/b5bafe80-ff01-4a76-a247-de82d94c55e7/content 200 in 4ms (next.js: 0.6ms, application-code: 3ms)
 GET /api/files 200 in 3ms (next.js: 0.7ms, application-code: 3ms)
 GET /api/files 200 in 2ms (next.js: 0.4ms, application-code: 1.8ms)
⚠ ../../../../../Users/jaywest/Myeve/node_modules/@novnc/novnc/core/util/browser.js
The generated code contains 'async/await' because this module is using "topLevelAwait".
However, your target environment does not appear to support 'async/await'.
As a result, the code may not run as expected or may cause runtime errors.

Import trace for requested module:
../../../../../Users/jaywest/Myeve/node_modules/@novnc/novnc/core/util/browser.js
../../../../../Users/jaywest/Myeve/node_modules/@novnc/novnc/core/rfb.js
./components/computer-viewer.tsx
./components/computer-workspace.tsx
./app/chat.tsx

../../../../../Users/jaywest/Myeve/node_modules/eve/dist/src/internal/application/optional-package-install.js
Critical dependency: the request of a dependency is an expression

Import trace for requested module:
../../../../../Users/jaywest/Myeve/node_modules/eve/dist/src/internal/application/optional-package-install.js
../../../../../Users/jaywest/Myeve/node_modules/eve/dist/src/execution/sandbox/bash-tool.js
../../../../../Users/jaywest/Myeve/node_modules/eve/dist/src/public/tools/define-bash-tool.js
../../../../../Users/jaywest/Myeve/node_modules/eve/dist/src/public/tools/index.js
../../../../../Users/jaywest/Myeve/node_modules/@agent-browser/eve/dist/extension/tools/click.mjs
../../../../../Users/jaywest/Myeve/node_modules/@agent-browser/eve/dist/tools/index.mjs
./lib/readiness.ts
./app/api/readiness/route.ts
⚠ ../../../../../Users/jaywest/Myeve/node_modules/@novnc/novnc/core/util/browser.js
The generated code contains 'async/await' because this module is using "topLevelAwait".
However, your target environment does not appear to support 'async/await'.
As a result, the code may not run as expected or may cause runtime errors.

Import trace for requested module:
../../../../../Users/jaywest/Myeve/node_modules/@novnc/novnc/core/util/browser.js
../../../../../Users/jaywest/Myeve/node_modules/@novnc/novnc/core/rfb.js
./components/computer-viewer.tsx
./components/computer-workspace.tsx
./app/chat.tsx

../../../../../Users/jaywest/Myeve/node_modules/eve/dist/src/internal/application/optional-package-install.js
Critical dependency: the request of a dependency is an expression

Import trace for requested module:
../../../../../Users/jaywest/Myeve/node_modules/eve/dist/src/internal/application/optional-package-install.js
../../../../../Users/jaywest/Myeve/node_modules/eve/dist/src/execution/sandbox/bash-tool.js
../../../../../Users/jaywest/Myeve/node_modules/eve/dist/src/public/tools/define-bash-tool.js
../../../../../Users/jaywest/Myeve/node_modules/eve/dist/src/public/tools/index.js
../../../../../Users/jaywest/Myeve/node_modules/@agent-browser/eve/dist/extension/tools/click.mjs
../../../../../Users/jaywest/Myeve/node_modules/@agent-browser/eve/dist/tools/index.mjs
./lib/readiness.ts
./app/api/readiness/route.ts
[browser] ../../../../../Users/jaywest/Myeve/node_modules/@novnc/novnc/core/util/browser.js
The generated code contains 'async/await' because this module is using "topLevelAwait".
However, your target environment does not appear to support 'async/await'.
As a result, the code may not run as expected or may cause runtime errors.

Import trace for requested module:
../../../../../Users/jaywest/Myeve/node_modules/@novnc/novnc/core/util/browser.js
../../../../../Users/jaywest/Myeve/node_modules/@novnc/novnc/core/rfb.js
./components/computer-viewer.tsx
./components/computer-workspace.tsx
./app/chat.tsx
 GET /files 200 in 976ms (next.js: 764ms, proxy.ts: 1.7ms, application-code: 210ms)
[browser] ../../../../../Users/jaywest/Myeve/node_modules/@novnc/novnc/core/util/browser.js
The generated code contains 'async/await' because this module is using "topLevelAwait".
However, your target environment does not appear to support 'async/await'.
As a result, the code may not run as expected or may cause runtime errors.
Model catalog failed Error [GatewayAuthenticationError]: AI Gateway authentication failed: No authentication provided.

Option 1 - API key:
Create an API key: https://vercel.com/d?to=%2F%5Bteam%5D%2F%7E%2Fai%2Fapi-keys
Provide via 'apiKey' option or 'AI_GATEWAY_API_KEY' environment variable.

Option 2 - Vercel access token:
Pass a Vercel personal access token or Vercel app access token via the 'apiKey' option.

Option 3 - OIDC token:
Run 'npx vercel link' to link your project, then 'vc env pull' to fetch the token.
    at async GET (app/api/models/route.ts:11:24)
   9 |
  10 |   try {
> 11 |     const { models } = await gateway.getAvailableModels();
     |                        ^
  12 |     const language = models
  13 |       .filter((model) => (model.modelType ?? "language") === "language")
  14 |       .map((model) => ({ {
  statusCode: 401,
  generationId: undefined,
  isRetryable: false,
  type: 'authentication_error',
  [cause]: Error [VercelOidcTokenError]: The 'x-vercel-oidc-token' header is missing from the request. Do you have the OIDC option enabled in the Vercel project settings?
  Unable to find project root directory. Have you linked your project with `vc link?`
      at async GET (app/api/models/route.ts:11:24)
     9 |
    10 |   try {
  > 11 |     const { models } = await gateway.getAvailableModels();
       |                        ^
    12 |     const language = models
    13 |       .filter((model) => (model.modelType ?? "language") === "language")
    14 |       .map((model) => ({ {
    cause: undefined
  }
}
 GET /api/models 503 in 8ms (next.js: 1.7ms, application-code: 6ms)
 GET /api/commands 200 in 20ms (next.js: 2ms, application-code: 18ms)
 GET /api/capabilities 200 in 3ms (next.js: 1.1ms, application-code: 1.8ms)
 GET /api/agents 200 in 37ms (next.js: 3ms, application-code: 34ms)
 GET /api/threads 200 in 21ms (next.js: 4ms, application-code: 16ms)
Model catalog failed Error [GatewayAuthenticationError]: AI Gateway authentication failed: No authentication provided.

Option 1 - API key:
Create an API key: https://vercel.com/d?to=%2F%5Bteam%5D%2F%7E%2Fai%2Fapi-keys
Provide via 'apiKey' option or 'AI_GATEWAY_API_KEY' environment variable.

Option 2 - Vercel access token:
Pass a Vercel personal access token or Vercel app access token via the 'apiKey' option.

Option 3 - OIDC token:
Run 'npx vercel link' to link your project, then 'vc env pull' to fetch the token.
    at async GET (app/api/models/route.ts:11:24)
   9 |
  10 |   try {
> 11 |     const { models } = await gateway.getAvailableModels();
     |                        ^
  12 |     const language = models
  13 |       .filter((model) => (model.modelType ?? "language") === "language")
  14 |       .map((model) => ({ {
  statusCode: 401,
  generationId: undefined,
  isRetryable: false,
  type: 'authentication_error',
  [cause]: Error [VercelOidcTokenError]: The 'x-vercel-oidc-token' header is missing from the request. Do you have the OIDC option enabled in the Vercel project settings?
  Unable to find project root directory. Have you linked your project with `vc link?`
      at async GET (app/api/models/route.ts:11:24)
     9 |
    10 |   try {
  > 11 |     const { models } = await gateway.getAvailableModels();
       |                        ^
    12 |     const language = models
    13 |       .filter((model) => (model.modelType ?? "language") === "language")
    14 |       .map((model) => ({ {
    cause: undefined
  }
}
 GET /api/models 503 in 3ms (next.js: 0.4ms, application-code: 2ms)
 GET /api/files 200 in 166ms (next.js: 9ms, application-code: 157ms)
 GET /api/commands 200 in 1.4ms (next.js: 0.5ms, application-code: 0.9ms)
 GET /api/threads 200 in 1.8ms (next.js: 0.3ms, application-code: 1.5ms)
 GET /api/agents 200 in 7ms (next.js: 0.4ms, application-code: 6ms)
 GET /api/files 200 in 21ms (next.js: 0.5ms, application-code: 21ms)
 GET /api/files/b5bafe80-ff01-4a76-a247-de82d94c55e7/content 200 in 13ms (next.js: 9ms, application-code: 5ms)
 GET /api/owner-data 200 in 28ms (next.js: 4ms, application-code: 24ms)
 GET /api/owner-data?download=1 200 in 87ms (next.js: 0.6ms, application-code: 87ms)
 GET /api/task-runs?threadId=efb5d67f-7eb9-439b-8c78-92d259ba2857 200 in 8ms (next.js: 3ms, application-code: 4ms)
 GET /api/task-runs?threadId=efb5d67f-7eb9-439b-8c78-92d259ba2857 200 in 2ms (next.js: 0.4ms, application-code: 1.9ms)
onUploadCompleted provided but no callbackUrl could be determined. Please provide a callbackUrl in onBeforeGenerateToken or set the VERCEL_BLOB_CALLBACK_URL environment variable.
 POST /api/files/upload 200 in 12ms (next.js: 8ms, application-code: 4ms)
 GET /api/files 200 in 2ms (next.js: 0.5ms, application-code: 1.9ms)
 POST /api/files 200 in 5ms (next.js: 0.7ms, application-code: 4ms)
 GET /api/files/cefe83b5-e973-4cf6-a4bc-6312154938eb/content 200 in 4ms (next.js: 0.6ms, application-code: 4ms)
 GET /api/threads/efb5d67f-7eb9-439b-8c78-92d259ba2857 200 in 8ms (next.js: 5ms, application-code: 3ms)
 PUT /api/threads/efb5d67f-7eb9-439b-8c78-92d259ba2857 200 in 4ms (next.js: 0.7ms, application-code: 3ms)
 GET /api/threads/efb5d67f-7eb9-439b-8c78-92d259ba2857 200 in 2ms (next.js: 0.5ms, application-code: 1.7ms)
 GET /api/files 200 in 3ms (next.js: 0.7ms, application-code: 2ms)
 GET /api/files/b5bafe80-ff01-4a76-a247-de82d94c55e7/content 404 in 4ms (next.js: 0.6ms, application-code: 4ms)
 GET /api/files 200 in 3ms (next.js: 0.5ms, application-code: 2ms)
 GET /chat 200 in 21ms (next.js: 7ms, proxy.ts: 1.8ms, application-code: 12ms)
[browser] ../../../../../Users/jaywest/Myeve/node_modules/@novnc/novnc/core/util/browser.js
The generated code contains 'async/await' because this module is using "topLevelAwait".
However, your target environment does not appear to support 'async/await'.
As a result, the code may not run as expected or may cause runtime errors.
Model catalog failed Error [GatewayAuthenticationError]: AI Gateway authentication failed: No authentication provided.

Option 1 - API key:
Create an API key: https://vercel.com/d?to=%2F%5Bteam%5D%2F%7E%2Fai%2Fapi-keys
Provide via 'apiKey' option or 'AI_GATEWAY_API_KEY' environment variable.

Option 2 - Vercel access token:
Pass a Vercel personal access token or Vercel app access token via the 'apiKey' option.

Option 3 - OIDC token:
Run 'npx vercel link' to link your project, then 'vc env pull' to fetch the token.
    at async GET (app/api/models/route.ts:11:24)
   9 |
  10 |   try {
> 11 |     const { models } = await gateway.getAvailableModels();
     |                        ^
  12 |     const language = models
  13 |       .filter((model) => (model.modelType ?? "language") === "language")
  14 |       .map((model) => ({ {
  statusCode: 401,
  generationId: undefined,
  isRetryable: false,
  type: 'authentication_error',
  [cause]: Error [VercelOidcTokenError]: The 'x-vercel-oidc-token' header is missing from the request. Do you have the OIDC option enabled in the Vercel project settings?
  Unable to find project root directory. Have you linked your project with `vc link?`
      at async GET (app/api/models/route.ts:11:24)
     9 |
    10 |   try {
  > 11 |     const { models } = await gateway.getAvailableModels();
       |                        ^
    12 |     const language = models
    13 |       .filter((model) => (model.modelType ?? "language") === "language")
    14 |       .map((model) => ({ {
    cause: undefined
  }
}
 GET /api/models 503 in 3ms (next.js: 0.5ms, application-code: 2ms)
 GET /api/commands 200 in 1.1ms (next.js: 0.3ms, application-code: 0.8ms)
 GET /api/threads 200 in 2ms (next.js: 0.3ms, application-code: 1.8ms)
 GET /api/capabilities 200 in 2ms (next.js: 0.6ms, application-code: 1.9ms)
Model catalog failed Error [GatewayAuthenticationError]: AI Gateway authentication failed: No authentication provided.

Option 1 - API key:
Create an API key: https://vercel.com/d?to=%2F%5Bteam%5D%2F%7E%2Fai%2Fapi-keys
Provide via 'apiKey' option or 'AI_GATEWAY_API_KEY' environment variable.

Option 2 - Vercel access token:
Pass a Vercel personal access token or Vercel app access token via the 'apiKey' option.

Option 3 - OIDC token:
Run 'npx vercel link' to link your project, then 'vc env pull' to fetch the token.
    at async GET (app/api/models/route.ts:11:24)
   9 |
  10 |   try {
> 11 |     const { models } = await gateway.getAvailableModels();
     |                        ^
  12 |     const language = models
  13 |       .filter((model) => (model.modelType ?? "language") === "language")
  14 |       .map((model) => ({ {
  statusCode: 401,
  generationId: undefined,
  isRetryable: false,
  type: 'authentication_error',
  [cause]: Error [VercelOidcTokenError]: The 'x-vercel-oidc-token' header is missing from the request. Do you have the OIDC option enabled in the Vercel project settings?
  Unable to find project root directory. Have you linked your project with `vc link?`
      at async GET (app/api/models/route.ts:11:24)
     9 |
    10 |   try {
  > 11 |     const { models } = await gateway.getAvailableModels();
       |                        ^
    12 |     const language = models
    13 |       .filter((model) => (model.modelType ?? "language") === "language")
    14 |       .map((model) => ({ {
    cause: undefined
  }
}
 GET /api/models 503 in 3ms (next.js: 0.4ms, application-code: 2ms)
 GET /api/agents 200 in 15ms (next.js: 0.4ms, application-code: 15ms)
 GET /api/commands 200 in 3ms (next.js: 1.4ms, application-code: 1.4ms)
 GET /api/threads/43a658a8-7c59-4500-8ce4-b76b759c0e65 404 in 15ms (next.js: 1.3ms, application-code: 13ms)
 GET /api/threads 200 in 4ms (next.js: 0.6ms, application-code: 3ms)
 GET /api/agents 200 in 16ms (next.js: 3ms, application-code: 13ms)
 GET /api/threads/43a658a8-7c59-4500-8ce4-b76b759c0e65 404 in 3ms (next.js: 0.6ms, application-code: 2ms)
 GET /api/threads/43a658a8-7c59-4500-8ce4-b76b759c0e65 404 in 3ms (next.js: 0.6ms, application-code: 2.0ms)
 GET /api/task-runs?threadId=43a658a8-7c59-4500-8ce4-b76b759c0e65 200 in 5ms (next.js: 0.8ms, application-code: 4ms)
 GET /api/task-runs?threadId=43a658a8-7c59-4500-8ce4-b76b759c0e65 200 in 3ms (next.js: 0.5ms, application-code: 3ms)
 GET /api/threads/43a658a8-7c59-4500-8ce4-b76b759c0e65 404 in 3ms (next.js: 0.5ms, application-code: 2ms)
 GET /api/task-runs?threadId=43a658a8-7c59-4500-8ce4-b76b759c0e65 200 in 4ms (next.js: 0.7ms, application-code: 4ms)
 GET /api/task-runs?threadId=43a658a8-7c59-4500-8ce4-b76b759c0e65 200 in 3ms (next.js: 0.5ms, application-code: 3ms)
 GET /api/files 200 in 3ms (next.js: 0.7ms, application-code: 2ms)
 GET /goals 200 in 40ms (next.js: 22ms, proxy.ts: 1.4ms, application-code: 17ms)
[browser] ../../../../../Users/jaywest/Myeve/node_modules/@novnc/novnc/core/util/browser.js
The generated code contains 'async/await' because this module is using "topLevelAwait".
However, your target environment does not appear to support 'async/await'.
As a result, the code may not run as expected or may cause runtime errors.
Model catalog failed Error [GatewayAuthenticationError]: AI Gateway authentication failed: No authentication provided.

Option 1 - API key:
Create an API key: https://vercel.com/d?to=%2F%5Bteam%5D%2F%7E%2Fai%2Fapi-keys
Provide via 'apiKey' option or 'AI_GATEWAY_API_KEY' environment variable.

Option 2 - Vercel access token:
Pass a Vercel personal access token or Vercel app access token via the 'apiKey' option.

Option 3 - OIDC token:
Run 'npx vercel link' to link your project, then 'vc env pull' to fetch the token.
    at async GET (app/api/models/route.ts:11:24)
   9 |
  10 |   try {
> 11 |     const { models } = await gateway.getAvailableModels();
     |                        ^
  12 |     const language = models
  13 |       .filter((model) => (model.modelType ?? "language") === "language")
  14 |       .map((model) => ({ {
  statusCode: 401,
  generationId: undefined,
  isRetryable: false,
  type: 'authentication_error',
  [cause]: Error [VercelOidcTokenError]: The 'x-vercel-oidc-token' header is missing from the request. Do you have the OIDC option enabled in the Vercel project settings?
  Unable to find project root directory. Have you linked your project with `vc link?`
      at async GET (app/api/models/route.ts:11:24)
     9 |
    10 |   try {
  > 11 |     const { models } = await gateway.getAvailableModels();
       |                        ^
    12 |     const language = models
    13 |       .filter((model) => (model.modelType ?? "language") === "language")
    14 |       .map((model) => ({ {
    cause: undefined
  }
}
 GET /api/models 503 in 3ms (next.js: 0.5ms, application-code: 2ms)
 GET /api/goals 200 in 27ms (next.js: 4ms, application-code: 23ms)
 GET /api/commands 200 in 1.7ms (next.js: 0.5ms, application-code: 1.2ms)
 GET /api/capabilities 200 in 2ms (next.js: 0.4ms, application-code: 1.6ms)
Model catalog failed Error [GatewayAuthenticationError]: AI Gateway authentication failed: No authentication provided.

Option 1 - API key:
Create an API key: https://vercel.com/d?to=%2F%5Bteam%5D%2F%7E%2Fai%2Fapi-keys
Provide via 'apiKey' option or 'AI_GATEWAY_API_KEY' environment variable.

Option 2 - Vercel access token:
Pass a Vercel personal access token or Vercel app access token via the 'apiKey' option.

Option 3 - OIDC token:
Run 'npx vercel link' to link your project, then 'vc env pull' to fetch the token.
    at async GET (app/api/models/route.ts:11:24)
   9 |
  10 |   try {
> 11 |     const { models } = await gateway.getAvailableModels();
     |                        ^
  12 |     const language = models
  13 |       .filter((model) => (model.modelType ?? "language") === "language")
  14 |       .map((model) => ({ {
  statusCode: 401,
  generationId: undefined,
  isRetryable: false,
  type: 'authentication_error',
  [cause]: Error [VercelOidcTokenError]: The 'x-vercel-oidc-token' header is missing from the request. Do you have the OIDC option enabled in the Vercel project settings?
  Unable to find project root directory. Have you linked your project with `vc link?`
      at async GET (app/api/models/route.ts:11:24)
     9 |
    10 |   try {
  > 11 |     const { models } = await gateway.getAvailableModels();
       |                        ^
    12 |     const language = models
    13 |       .filter((model) => (model.modelType ?? "language") === "language")
    14 |       .map((model) => ({ {
    cause: undefined
  }
}
 GET /api/models 503 in 3ms (next.js: 0.4ms, application-code: 3ms)
 GET /api/threads 200 in 14ms (next.js: 0.3ms, application-code: 14ms)
 GET /api/threads/9b7bb365-0cf5-4262-9fde-c5ea2dfd3360 404 in 3ms (next.js: 1.7ms, application-code: 1.6ms)
 GET /api/commands 200 in 1.1ms (next.js: 0.3ms, application-code: 0.8ms)
 GET /api/goals 200 in 6ms (next.js: 0.4ms, application-code: 6ms)
 GET /api/agents 200 in 30ms (next.js: 0.4ms, application-code: 30ms)
 GET /api/threads 200 in 6ms (next.js: 0.4ms, application-code: 6ms)
 GET /api/goals/focus 200 in 49ms (next.js: 5ms, application-code: 44ms)
 GET /api/threads/9b7bb365-0cf5-4262-9fde-c5ea2dfd3360 404 in 2ms (next.js: 0.4ms, application-code: 2.0ms)
 GET /api/agents 200 in 7ms (next.js: 0.4ms, application-code: 6ms)
 GET /api/threads/9b7bb365-0cf5-4262-9fde-c5ea2dfd3360 404 in 3ms (next.js: 0.4ms, application-code: 2ms)
 GET /api/goals/focus 200 in 9ms (next.js: 0.5ms, application-code: 8ms)
 GET /api/threads/9b7bb365-0cf5-4262-9fde-c5ea2dfd3360 404 in 3ms (next.js: 0.6ms, application-code: 2ms)
 GET /api/goals/goal_b96e7077-00db-43dd-913c-372f69f9301e 200 in 12ms (next.js: 7ms, application-code: 6ms)
 GET /manage 200 in 38ms (next.js: 25ms, proxy.ts: 1.6ms, application-code: 12ms)
[browser] ../../../../../Users/jaywest/Myeve/node_modules/@novnc/novnc/core/util/browser.js
The generated code contains 'async/await' because this module is using "topLevelAwait".
However, your target environment does not appear to support 'async/await'.
As a result, the code may not run as expected or may cause runtime errors.
 GET /api/capabilities 200 in 2ms (next.js: 0.7ms, application-code: 1.8ms)
 GET /api/update-check 200 in 5ms (next.js: 3ms, application-code: 1.9ms)
Model catalog failed Error [GatewayAuthenticationError]: AI Gateway authentication failed: No authentication provided.

Option 1 - API key:
Create an API key: https://vercel.com/d?to=%2F%5Bteam%5D%2F%7E%2Fai%2Fapi-keys
Provide via 'apiKey' option or 'AI_GATEWAY_API_KEY' environment variable.

Option 2 - Vercel access token:
Pass a Vercel personal access token or Vercel app access token via the 'apiKey' option.

Option 3 - OIDC token:
Run 'npx vercel link' to link your project, then 'vc env pull' to fetch the token.
    at async GET (app/api/models/route.ts:11:24)
   9 |
  10 |   try {
> 11 |     const { models } = await gateway.getAvailableModels();
     |                        ^
  12 |     const language = models
  13 |       .filter((model) => (model.modelType ?? "language") === "language")
  14 |       .map((model) => ({ {
  statusCode: 401,
  generationId: undefined,
  isRetryable: false,
  type: 'authentication_error',
  [cause]: Error [VercelOidcTokenError]: The 'x-vercel-oidc-token' header is missing from the request. Do you have the OIDC option enabled in the Vercel project settings?
  Unable to find project root directory. Have you linked your project with `vc link?`
      at async GET (app/api/models/route.ts:11:24)
     9 |
    10 |   try {
  > 11 |     const { models } = await gateway.getAvailableModels();
       |                        ^
    12 |     const language = models
    13 |       .filter((model) => (model.modelType ?? "language") === "language")
    14 |       .map((model) => ({ {
    cause: undefined
  }
}
 GET /api/models 503 in 3ms (next.js: 0.4ms, application-code: 2ms)
 GET /api/commands 200 in 1.2ms (next.js: 0.3ms, application-code: 0.9ms)
 GET /api/capabilities 200 in 1.8ms (next.js: 0.4ms, application-code: 1.4ms)
 GET /api/update-check 200 in 1.1ms (next.js: 0.3ms, application-code: 0.8ms)
 GET /api/threads 200 in 6ms (next.js: 0.3ms, application-code: 6ms)
 GET /api/threads/9b7bb365-0cf5-4262-9fde-c5ea2dfd3360 404 in 3ms (next.js: 1.2ms, application-code: 1.7ms)
 GET /api/agents 200 in 14ms (next.js: 0.7ms, application-code: 14ms)
Model catalog failed Error [GatewayAuthenticationError]: AI Gateway authentication failed: No authentication provided.

Option 1 - API key:
Create an API key: https://vercel.com/d?to=%2F%5Bteam%5D%2F%7E%2Fai%2Fapi-keys
Provide via 'apiKey' option or 'AI_GATEWAY_API_KEY' environment variable.

Option 2 - Vercel access token:
Pass a Vercel personal access token or Vercel app access token via the 'apiKey' option.

Option 3 - OIDC token:
Run 'npx vercel link' to link your project, then 'vc env pull' to fetch the token.
    at async GET (app/api/models/route.ts:11:24)
   9 |
  10 |   try {
> 11 |     const { models } = await gateway.getAvailableModels();
     |                        ^
  12 |     const language = models
  13 |       .filter((model) => (model.modelType ?? "language") === "language")
  14 |       .map((model) => ({ {
  statusCode: 401,
  generationId: undefined,
  isRetryable: false,
  type: 'authentication_error',
  [cause]: Error [VercelOidcTokenError]: The 'x-vercel-oidc-token' header is missing from the request. Do you have the OIDC option enabled in the Vercel project settings?
  Unable to find project root directory. Have you linked your project with `vc link?`
      at async GET (app/api/models/route.ts:11:24)
     9 |
    10 |   try {
  > 11 |     const { models } = await gateway.getAvailableModels();
       |                        ^
    12 |     const language = models
    13 |       .filter((model) => (model.modelType ?? "language") === "language")
    14 |       .map((model) => ({ {
    cause: undefined
  }
}
 GET /api/models 503 in 3ms (next.js: 0.3ms, application-code: 3ms)
 GET /api/commands 200 in 1.6ms (next.js: 0.5ms, application-code: 1.2ms)
 GET /api/capabilities 200 in 1.5ms (next.js: 0.3ms, application-code: 1.1ms)
 GET /api/threads 200 in 3ms (next.js: 0.5ms, application-code: 2ms)
 GET /api/threads/9b7bb365-0cf5-4262-9fde-c5ea2dfd3360 404 in 1.6ms (next.js: 0.4ms, application-code: 1.3ms)
 GET /api/agents 200 in 6ms (next.js: 0.2ms, application-code: 6ms)
⚠ ../../../../../Users/jaywest/Myeve/node_modules/@novnc/novnc/core/util/browser.js
The generated code contains 'async/await' because this module is using "topLevelAwait".
However, your target environment does not appear to support 'async/await'.
As a result, the code may not run as expected or may cause runtime errors.

Import trace for requested module:
../../../../../Users/jaywest/Myeve/node_modules/@novnc/novnc/core/util/browser.js
../../../../../Users/jaywest/Myeve/node_modules/@novnc/novnc/core/rfb.js
./components/computer-viewer.tsx
./components/computer-workspace.tsx
./app/chat.tsx

../../../../../Users/jaywest/Myeve/node_modules/eve/dist/src/internal/application/optional-package-install.js
Critical dependency: the request of a dependency is an expression

Import trace for requested module:
../../../../../Users/jaywest/Myeve/node_modules/eve/dist/src/internal/application/optional-package-install.js
../../../../../Users/jaywest/Myeve/node_modules/eve/dist/src/execution/sandbox/bash-tool.js
../../../../../Users/jaywest/Myeve/node_modules/eve/dist/src/public/tools/define-bash-tool.js
../../../../../Users/jaywest/Myeve/node_modules/eve/dist/src/public/tools/index.js
../../../../../Users/jaywest/Myeve/node_modules/@agent-browser/eve/dist/extension/tools/click.mjs
../../../../../Users/jaywest/Myeve/node_modules/@agent-browser/eve/dist/tools/index.mjs
./lib/readiness.ts
./app/api/readiness/route.ts
⚠ ../../../../../Users/jaywest/Myeve/node_modules/@novnc/novnc/core/util/browser.js
The generated code contains 'async/await' because this module is using "topLevelAwait".
However, your target environment does not appear to support 'async/await'.
As a result, the code may not run as expected or may cause runtime errors.

Import trace for requested module:
../../../../../Users/jaywest/Myeve/node_modules/@novnc/novnc/core/util/browser.js
../../../../../Users/jaywest/Myeve/node_modules/@novnc/novnc/core/rfb.js
./components/computer-viewer.tsx
./components/computer-workspace.tsx
./app/chat.tsx
 GET /goals 200 in 300ms (next.js: 69ms, proxy.ts: 1.6ms, application-code: 230ms)
[browser] ../../../../../Users/jaywest/Myeve/node_modules/@novnc/novnc/core/util/browser.js
The generated code contains 'async/await' because this module is using "topLevelAwait".
However, your target environment does not appear to support 'async/await'.
As a result, the code may not run as expected or may cause runtime errors.
Model catalog failed Error [GatewayAuthenticationError]: AI Gateway authentication failed: No authentication provided.

Option 1 - API key:
Create an API key: https://vercel.com/d?to=%2F%5Bteam%5D%2F%7E%2Fai%2Fapi-keys
Provide via 'apiKey' option or 'AI_GATEWAY_API_KEY' environment variable.

Option 2 - Vercel access token:
Pass a Vercel personal access token or Vercel app access token via the 'apiKey' option.

Option 3 - OIDC token:
Run 'npx vercel link' to link your project, then 'vc env pull' to fetch the token.
    at async GET (app/api/models/route.ts:11:24)
   9 |
  10 |   try {
> 11 |     const { models } = await gateway.getAvailableModels();
     |                        ^
  12 |     const language = models
  13 |       .filter((model) => (model.modelType ?? "language") === "language")
  14 |       .map((model) => ({ {
  statusCode: 401,
  generationId: undefined,
  isRetryable: false,
  type: 'authentication_error',
  [cause]: Error [VercelOidcTokenError]: The 'x-vercel-oidc-token' header is missing from the request. Do you have the OIDC option enabled in the Vercel project settings?
  Unable to find project root directory. Have you linked your project with `vc link?`
      at async GET (app/api/models/route.ts:11:24)
     9 |
    10 |   try {
  > 11 |     const { models } = await gateway.getAvailableModels();
       |                        ^
    12 |     const language = models
    13 |       .filter((model) => (model.modelType ?? "language") === "language")
    14 |       .map((model) => ({ {
    cause: undefined
  }
}
 GET /api/models 503 in 32ms (next.js: 3ms, application-code: 29ms)
 GET /api/goals 200 in 160ms (next.js: 6ms, application-code: 154ms)
 GET /api/commands 200 in 100ms (next.js: 8ms, application-code: 92ms)
 GET /api/capabilities 200 in 5ms (next.js: 3ms, application-code: 2ms)
Model catalog failed Error [GatewayAuthenticationError]: AI Gateway authentication failed: No authentication provided.

Option 1 - API key:
Create an API key: https://vercel.com/d?to=%2F%5Bteam%5D%2F%7E%2Fai%2Fapi-keys
Provide via 'apiKey' option or 'AI_GATEWAY_API_KEY' environment variable.

Option 2 - Vercel access token:
Pass a Vercel personal access token or Vercel app access token via the 'apiKey' option.

Option 3 - OIDC token:
Run 'npx vercel link' to link your project, then 'vc env pull' to fetch the token.
    at async GET (app/api/models/route.ts:11:24)
   9 |
  10 |   try {
> 11 |     const { models } = await gateway.getAvailableModels();
     |                        ^
  12 |     const language = models
  13 |       .filter((model) => (model.modelType ?? "language") === "language")
  14 |       .map((model) => ({ {
  statusCode: 401,
  generationId: undefined,
  isRetryable: false,
  type: 'authentication_error',
  [cause]: Error [VercelOidcTokenError]: The 'x-vercel-oidc-token' header is missing from the request. Do you have the OIDC option enabled in the Vercel project settings?
  Unable to find project root directory. Have you linked your project with `vc link?`
      at async GET (app/api/models/route.ts:11:24)
     9 |
    10 |   try {
  > 11 |     const { models } = await gateway.getAvailableModels();
       |                        ^
    12 |     const language = models
    13 |       .filter((model) => (model.modelType ?? "language") === "language")
    14 |       .map((model) => ({ {
    cause: undefined
  }
}
 GET /api/models 503 in 3ms (next.js: 0.4ms, application-code: 2ms)
 GET /api/agents 200 in 141ms (next.js: 5ms, application-code: 136ms)
 GET /api/goals 200 in 9ms (next.js: 0.5ms, application-code: 8ms)
 GET /api/threads/f710f8fb-d6c0-44eb-9fe5-07d7a7428b43 404 in 32ms (next.js: 10ms, application-code: 22ms)
 GET /api/commands 200 in 1.6ms (next.js: 0.5ms, application-code: 1.1ms)
 GET /api/threads 200 in 67ms (next.js: 7ms, application-code: 60ms)
 GET /api/goals/focus 200 in 210ms (next.js: 6ms, application-code: 205ms)
 GET /api/threads 200 in 9ms (next.js: 0.4ms, application-code: 8ms)
 GET /api/threads/f710f8fb-d6c0-44eb-9fe5-07d7a7428b43 404 in 7ms (next.js: 0.7ms, application-code: 6ms)
 GET /api/agents 200 in 28ms (next.js: 1.7ms, application-code: 26ms)
 GET /api/goals/focus 200 in 18ms (next.js: 1.0ms, application-code: 17ms)
 GET /api/threads/f710f8fb-d6c0-44eb-9fe5-07d7a7428b43 404 in 4ms (next.js: 1.1ms, application-code: 3ms)
 GET /api/threads/f710f8fb-d6c0-44eb-9fe5-07d7a7428b43 404 in 3ms (next.js: 0.7ms, application-code: 2ms)
 GET /api/goals/goal_b96e7077-00db-43dd-913c-372f69f9301e 200 in 12ms (next.js: 5ms, application-code: 7ms)

▲ Next.js 16.3.5
- Local:         http://127.0.0.1:3073
- Network:       http://127.0.0.1:3073
✓ Ready in 78ms
✓ Running next.config.ts took 191ms
▲ Next.js 16.3.5 (webpack)
- Local:         http://127.0.0.1:3073
- Network:       http://127.0.0.1:3073
✓ Ready in 318ms
✓ Running next.config.ts took 249ms
[eve:dev] ../../../../../Users/jaywest/Myeve/node_modules/@vercel/otel/dist/node/index.js (23:28893) [EVAL] Use of direct `eval` function is strongly discouraged as it poses security risks and may cause issues with minification.
[eve:dev]  - Use of direct `eval` here. in ../../../../../../../../../../../../Users/jaywest/Myeve/node_modules/@vercel/otel/dist/node/index.js at 254579..254583
[eve:dev]   │
[eve:dev]   │ Help: Consider using indirect eval. For more information, check the documentation: https://rolldown.rs/guide/troubleshooting#avoiding-direct-eval
[eve:dev] ../../../../../Users/jaywest/Myeve/node_modules/@vercel/otel/dist/node/index.js (23:28893) [EVAL] Use of direct `eval` function is strongly discouraged as it poses security risks and may cause issues with minification.
[eve:dev]  - Use of direct `eval` here. in ../../../../../../../../../../../../Users/jaywest/Myeve/node_modules/@vercel/otel/dist/node/index.js at 254579..254583
[eve:dev]   │
[eve:dev]   │ Help: Consider using indirect eval. For more information, check the documentation: https://rolldown.rs/guide/troubleshooting#avoiding-direct-eval
[eve:dev] (node:83805) [DEP0040] DeprecationWarning: The `punycode` module is deprecated. Please use a userland alternative instead.
[eve:dev] (Use `node --trace-deprecation ...` to show where the warning was created)
[eve:dev] (node:83805) [DEP0040] DeprecationWarning: The `punycode` module is deprecated. Please use a userland alternative instead.
[eve:dev] (Use `node --trace-deprecation ...` to show where the warning was created)
[eve:dev] server listening at http://127.0.0.1:51884/

○ Compiling /goals ...
⚠ ../../../../../Users/jaywest/Myeve/node_modules/@novnc/novnc/core/util/browser.js
The generated code contains 'async/await' because this module is using "topLevelAwait".
However, your target environment does not appear to support 'async/await'.
As a result, the code may not run as expected or may cause runtime errors.

Import trace for requested module:
../../../../../Users/jaywest/Myeve/node_modules/@novnc/novnc/core/util/browser.js
../../../../../Users/jaywest/Myeve/node_modules/@novnc/novnc/core/rfb.js
./components/computer-viewer.tsx
./components/computer-workspace.tsx
./app/chat.tsx
 GET /goals 200 in 4.9s (next.js: 4.3s, proxy.ts: 107ms, application-code: 465ms)
[browser] ../../../../../Users/jaywest/Myeve/node_modules/@novnc/novnc/core/util/browser.js
The generated code contains 'async/await' because this module is using "topLevelAwait".
However, your target environment does not appear to support 'async/await'.
As a result, the code may not run as expected or may cause runtime errors.
⚠ ../../../../../Users/jaywest/Myeve/node_modules/@novnc/novnc/core/util/browser.js
The generated code contains 'async/await' because this module is using "topLevelAwait".
However, your target environment does not appear to support 'async/await'.
As a result, the code may not run as expected or may cause runtime errors.

Import trace for requested module:
../../../../../Users/jaywest/Myeve/node_modules/@novnc/novnc/core/util/browser.js
../../../../../Users/jaywest/Myeve/node_modules/@novnc/novnc/core/rfb.js
./components/computer-viewer.tsx
./components/computer-workspace.tsx
./app/chat.tsx
[browser] ../../../../../Users/jaywest/Myeve/node_modules/@novnc/novnc/core/util/browser.js
The generated code contains 'async/await' because this module is using "topLevelAwait".
However, your target environment does not appear to support 'async/await'.
As a result, the code may not run as expected or may cause runtime errors.

Import trace for requested module:
../../../../../Users/jaywest/Myeve/node_modules/@novnc/novnc/core/util/browser.js
../../../../../Users/jaywest/Myeve/node_modules/@novnc/novnc/core/rfb.js
./components/computer-viewer.tsx
./components/computer-workspace.tsx
./app/chat.tsx
⚠ ../../../../../Users/jaywest/Myeve/node_modules/@novnc/novnc/core/util/browser.js
The generated code contains 'async/await' because this module is using "topLevelAwait".
However, your target environment does not appear to support 'async/await'.
As a result, the code may not run as expected or may cause runtime errors.

Import trace for requested module:
../../../../../Users/jaywest/Myeve/node_modules/@novnc/novnc/core/util/browser.js
../../../../../Users/jaywest/Myeve/node_modules/@novnc/novnc/core/rfb.js
./components/computer-viewer.tsx
./components/computer-workspace.tsx
./app/chat.tsx
Model catalog failed Error [GatewayAuthenticationError]: AI Gateway authentication failed: No authentication provided.

Option 1 - API key:
Create an API key: https://vercel.com/d?to=%2F%5Bteam%5D%2F%7E%2Fai%2Fapi-keys
Provide via 'apiKey' option or 'AI_GATEWAY_API_KEY' environment variable.

Option 2 - Vercel access token:
Pass a Vercel personal access token or Vercel app access token via the 'apiKey' option.

Option 3 - OIDC token:
Run 'npx vercel link' to link your project, then 'vc env pull' to fetch the token.
    at async GET (app/api/models/route.ts:11:24)
   9 |
  10 |   try {
> 11 |     const { models } = await gateway.getAvailableModels();
     |                        ^
  12 |     const language = models
  13 |       .filter((model) => (model.modelType ?? "language") === "language")
  14 |       .map((model) => ({ {
  statusCode: 401,
  generationId: undefined,
  isRetryable: false,
  type: 'authentication_error',
  [cause]: Error [VercelOidcTokenError]: The 'x-vercel-oidc-token' header is missing from the request. Do you have the OIDC option enabled in the Vercel project settings?
  Unable to find project root directory. Have you linked your project with `vc link?`
      at async GET (app/api/models/route.ts:11:24)
     9 |
    10 |   try {
  > 11 |     const { models } = await gateway.getAvailableModels();
       |                        ^
    12 |     const language = models
    13 |       .filter((model) => (model.modelType ?? "language") === "language")
    14 |       .map((model) => ({ {
    cause: undefined
  }
}
 GET /api/models 503 in 2.5s (next.js: 2.2s, application-code: 239ms)
[browser] ../../../../../Users/jaywest/Myeve/node_modules/@novnc/novnc/core/util/browser.js
The generated code contains 'async/await' because this module is using "topLevelAwait".
However, your target environment does not appear to support 'async/await'.
As a result, the code may not run as expected or may cause runtime errors.

Import trace for requested module:
../../../../../Users/jaywest/Myeve/node_modules/@novnc/novnc/core/util/browser.js
../../../../../Users/jaywest/Myeve/node_modules/@novnc/novnc/core/rfb.js
./components/computer-viewer.tsx
./components/computer-workspace.tsx
./app/chat.tsx
 GET /api/commands 200 in 2.5s (next.js: 2.2s, application-code: 246ms)
 GET /api/goals 200 in 2.5s (next.js: 2.2s, application-code: 251ms)
⚠ ../../../../../Users/jaywest/Myeve/node_modules/@novnc/novnc/core/util/browser.js
The generated code contains 'async/await' because this module is using "topLevelAwait".
However, your target environment does not appear to support 'async/await'.
As a result, the code may not run as expected or may cause runtime errors.

Import trace for requested module:
../../../../../Users/jaywest/Myeve/node_modules/@novnc/novnc/core/util/browser.js
../../../../../Users/jaywest/Myeve/node_modules/@novnc/novnc/core/rfb.js
./components/computer-viewer.tsx
./components/computer-workspace.tsx
./app/chat.tsx
 GET /api/agents 200 in 2.5s (next.js: 2.2s, application-code: 267ms)
 GET /api/threads 200 in 1696ms (next.js: 1425ms, application-code: 272ms)
 GET /api/goals/focus 200 in 2.5s (next.js: 2.2s, application-code: 288ms)
[browser] ../../../../../Users/jaywest/Myeve/node_modules/@novnc/novnc/core/util/browser.js
The generated code contains 'async/await' because this module is using "topLevelAwait".
However, your target environment does not appear to support 'async/await'.
As a result, the code may not run as expected or may cause runtime errors.

Import trace for requested module:
../../../../../Users/jaywest/Myeve/node_modules/@novnc/novnc/core/util/browser.js
../../../../../Users/jaywest/Myeve/node_modules/@novnc/novnc/core/rfb.js
./components/computer-viewer.tsx
./components/computer-workspace.tsx
./app/chat.tsx
⚠ ../../../../../Users/jaywest/Myeve/node_modules/@novnc/novnc/core/util/browser.js
The generated code contains 'async/await' because this module is using "topLevelAwait".
However, your target environment does not appear to support 'async/await'.
As a result, the code may not run as expected or may cause runtime errors.

Import trace for requested module:
../../../../../Users/jaywest/Myeve/node_modules/@novnc/novnc/core/util/browser.js
../../../../../Users/jaywest/Myeve/node_modules/@novnc/novnc/core/rfb.js
./components/computer-viewer.tsx
./components/computer-workspace.tsx
./app/chat.tsx
Model catalog failed Error [GatewayAuthenticationError]: AI Gateway authentication failed: No authentication provided.

Option 1 - API key:
Create an API key: https://vercel.com/d?to=%2F%5Bteam%5D%2F%7E%2Fai%2Fapi-keys
Provide via 'apiKey' option or 'AI_GATEWAY_API_KEY' environment variable.

Option 2 - Vercel access token:
Pass a Vercel personal access token or Vercel app access token via the 'apiKey' option.

Option 3 - OIDC token:
Run 'npx vercel link' to link your project, then 'vc env pull' to fetch the token.
    at async GET (app/api/models/route.ts:11:24)
   9 |
  10 |   try {
> 11 |     const { models } = await gateway.getAvailableModels();
     |                        ^
  12 |     const language = models
  13 |       .filter((model) => (model.modelType ?? "language") === "language")
  14 |       .map((model) => ({ {
  statusCode: 401,
  generationId: undefined,
  isRetryable: false,
  type: 'authentication_error',
  [cause]: Error [VercelOidcTokenError]: The 'x-vercel-oidc-token' header is missing from the request. Do you have the OIDC option enabled in the Vercel project settings?
  Unable to find project root directory. Have you linked your project with `vc link?`
      at async GET (app/api/models/route.ts:11:24)
     9 |
    10 |   try {
  > 11 |     const { models } = await gateway.getAvailableModels();
       |                        ^
    12 |     const language = models
    13 |       .filter((model) => (model.modelType ?? "language") === "language")
    14 |       .map((model) => ({ {
    cause: undefined
  }
}
 GET /api/models 503 in 909ms (next.js: 744ms, application-code: 165ms)
 GET /api/capabilities 200 in 934ms (next.js: 770ms, application-code: 165ms)
[browser] ../../../../../Users/jaywest/Myeve/node_modules/@novnc/novnc/core/util/browser.js
The generated code contains 'async/await' because this module is using "topLevelAwait".
However, your target environment does not appear to support 'async/await'.
As a result, the code may not run as expected or may cause runtime errors.

Import trace for requested module:
../../../../../Users/jaywest/Myeve/node_modules/@novnc/novnc/core/util/browser.js
../../../../../Users/jaywest/Myeve/node_modules/@novnc/novnc/core/rfb.js
./components/computer-viewer.tsx
./components/computer-workspace.tsx
./app/chat.tsx
 GET /api/commands 200 in 905ms (next.js: 737ms, application-code: 168ms)
 GET /api/goals 200 in 819ms (next.js: 654ms, application-code: 165ms)
 GET /api/agents 200 in 107ms (next.js: 3ms, application-code: 105ms)
⚠ ../../../../../Users/jaywest/Myeve/node_modules/@novnc/novnc/core/util/browser.js
The generated code contains 'async/await' because this module is using "topLevelAwait".
However, your target environment does not appear to support 'async/await'.
As a result, the code may not run as expected or may cause runtime errors.

Import trace for requested module:
../../../../../Users/jaywest/Myeve/node_modules/@novnc/novnc/core/util/browser.js
../../../../../Users/jaywest/Myeve/node_modules/@novnc/novnc/core/rfb.js
./components/computer-viewer.tsx
./components/computer-workspace.tsx
./app/chat.tsx
 GET /api/goals/focus 200 in 100ms (next.js: 2ms, application-code: 98ms)
 GET /api/threads 200 in 111ms (next.js: 3ms, application-code: 108ms)
 GET /goals 200 in 325ms (next.js: 72ms, proxy.ts: 214ms, application-code: 38ms)
 GET /api/threads/424963ce-96c1-4d42-aecc-f0d9ef082393 404 in 1074ms (next.js: 1070ms, application-code: 3ms)
[browser] ../../../../../Users/jaywest/Myeve/node_modules/@novnc/novnc/core/util/browser.js
The generated code contains 'async/await' because this module is using "topLevelAwait".
However, your target environment does not appear to support 'async/await'.
As a result, the code may not run as expected or may cause runtime errors.

Import trace for requested module:
../../../../../Users/jaywest/Myeve/node_modules/@novnc/novnc/core/util/browser.js
../../../../../Users/jaywest/Myeve/node_modules/@novnc/novnc/core/rfb.js
./components/computer-viewer.tsx
./components/computer-workspace.tsx
./app/chat.tsx
⚠ ../../../../../Users/jaywest/Myeve/node_modules/@novnc/novnc/core/util/browser.js
The generated code contains 'async/await' because this module is using "topLevelAwait".
However, your target environment does not appear to support 'async/await'.
As a result, the code may not run as expected or may cause runtime errors.

Import trace for requested module:
../../../../../Users/jaywest/Myeve/node_modules/@novnc/novnc/core/util/browser.js
../../../../../Users/jaywest/Myeve/node_modules/@novnc/novnc/core/rfb.js
./components/computer-viewer.tsx
./components/computer-workspace.tsx
./app/chat.tsx
[browser] ../../../../../Users/jaywest/Myeve/node_modules/@novnc/novnc/core/util/browser.js
The generated code contains 'async/await' because this module is using "topLevelAwait".
However, your target environment does not appear to support 'async/await'.
As a result, the code may not run as expected or may cause runtime errors.

Import trace for requested module:
../../../../../Users/jaywest/Myeve/node_modules/@novnc/novnc/core/util/browser.js
../../../../../Users/jaywest/Myeve/node_modules/@novnc/novnc/core/rfb.js
./components/computer-viewer.tsx
./components/computer-workspace.tsx
./app/chat.tsx
 GET /api/threads/424963ce-96c1-4d42-aecc-f0d9ef082393 404 in 727ms (next.js: 702ms, application-code: 26ms)
 GET /api/threads/424963ce-96c1-4d42-aecc-f0d9ef082393 404 in 2ms (next.js: 0.6ms, application-code: 1.8ms)
 GET /api/threads/424963ce-96c1-4d42-aecc-f0d9ef082393 404 in 2ms (next.js: 0.5ms, application-code: 1.6ms)
⚠ ../../../../../Users/jaywest/Myeve/node_modules/@novnc/novnc/core/util/browser.js
The generated code contains 'async/await' because this module is using "topLevelAwait".
However, your target environment does not appear to support 'async/await'.
As a result, the code may not run as expected or may cause runtime errors.

Import trace for requested module:
../../../../../Users/jaywest/Myeve/node_modules/@novnc/novnc/core/util/browser.js
../../../../../Users/jaywest/Myeve/node_modules/@novnc/novnc/core/rfb.js
./components/computer-viewer.tsx
./components/computer-workspace.tsx
./app/chat.tsx
 GET /api/goals/goal_b96e7077-00db-43dd-913c-372f69f9301e 200 in 1061ms (next.js: 1050ms, application-code: 11ms)
⚠ ../../../../../Users/jaywest/Myeve/node_modules/@novnc/novnc/core/util/browser.js
The generated code contains 'async/await' because this module is using "topLevelAwait".
However, your target environment does not appear to support 'async/await'.
As a result, the code may not run as expected or may cause runtime errors.

Import trace for requested module:
../../../../../Users/jaywest/Myeve/node_modules/@novnc/novnc/core/util/browser.js
../../../../../Users/jaywest/Myeve/node_modules/@novnc/novnc/core/rfb.js
./components/computer-viewer.tsx
./components/computer-workspace.tsx
./app/chat.tsx
[browser] ../../../../../Users/jaywest/Myeve/node_modules/@novnc/novnc/core/util/browser.js
The generated code contains 'async/await' because this module is using "topLevelAwait".
However, your target environment does not appear to support 'async/await'.
As a result, the code may not run as expected or may cause runtime errors.

Import trace for requested module:
../../../../../Users/jaywest/Myeve/node_modules/@novnc/novnc/core/util/browser.js
../../../../../Users/jaywest/Myeve/node_modules/@novnc/novnc/core/rfb.js
./components/computer-viewer.tsx
./components/computer-workspace.tsx
./app/chat.tsx
 GET /api/task-runs?threadId=424963ce-96c1-4d42-aecc-f0d9ef082393 200 in 416ms (next.js: 399ms, application-code: 17ms)
 GET /api/task-runs?threadId=424963ce-96c1-4d42-aecc-f0d9ef082393 200 in 422ms (next.js: 404ms, application-code: 18ms)
 GET /api/goals 200 in 12ms (next.js: 2ms, application-code: 10ms)
 GET /api/goals/focus 200 in 11ms (next.js: 1.9ms, application-code: 9ms)
 GET /api/goals 200 in 4ms (next.js: 0.5ms, application-code: 3ms)
 GET /api/goals/focus 200 in 7ms (next.js: 0.6ms, application-code: 7ms)
 GET /api/goals/goal_b96e7077-00db-43dd-913c-372f69f9301e 200 in 9ms (next.js: 3ms, application-code: 5ms)
⚠ ../../../../../Users/jaywest/Myeve/node_modules/@novnc/novnc/core/util/browser.js
The generated code contains 'async/await' because this module is using "topLevelAwait".
However, your target environment does not appear to support 'async/await'.
As a result, the code may not run as expected or may cause runtime errors.

Import trace for requested module:
../../../../../Users/jaywest/Myeve/node_modules/@novnc/novnc/core/util/browser.js
../../../../../Users/jaywest/Myeve/node_modules/@novnc/novnc/core/rfb.js
./components/computer-viewer.tsx
./components/computer-workspace.tsx
./app/chat.tsx
[browser] ../../../../../Users/jaywest/Myeve/node_modules/@novnc/novnc/core/util/browser.js
The generated code contains 'async/await' because this module is using "topLevelAwait".
However, your target environment does not appear to support 'async/await'.
As a result, the code may not run as expected or may cause runtime errors.

Import trace for requested module:
../../../../../Users/jaywest/Myeve/node_modules/@novnc/novnc/core/util/browser.js
../../../../../Users/jaywest/Myeve/node_modules/@novnc/novnc/core/rfb.js
./components/computer-viewer.tsx
./components/computer-workspace.tsx
./app/chat.tsx
⚠ ../../../../../Users/jaywest/Myeve/node_modules/@novnc/novnc/core/util/browser.js
The generated code contains 'async/await' because this module is using "topLevelAwait".
However, your target environment does not appear to support 'async/await'.
As a result, the code may not run as expected or may cause runtime errors.

Import trace for requested module:
../../../../../Users/jaywest/Myeve/node_modules/@novnc/novnc/core/util/browser.js
../../../../../Users/jaywest/Myeve/node_modules/@novnc/novnc/core/rfb.js
./components/computer-viewer.tsx
./components/computer-workspace.tsx
./app/chat.tsx
⚠ ../../../../../Users/jaywest/Myeve/node_modules/@novnc/novnc/core/util/browser.js
The generated code contains 'async/await' because this module is using "topLevelAwait".
However, your target environment does not appear to support 'async/await'.
As a result, the code may not run as expected or may cause runtime errors.

Import trace for requested module:
../../../../../Users/jaywest/Myeve/node_modules/@novnc/novnc/core/util/browser.js
../../../../../Users/jaywest/Myeve/node_modules/@novnc/novnc/core/rfb.js
./components/computer-viewer.tsx
./components/computer-workspace.tsx
./app/chat.tsx
⚠ ../../../../../Users/jaywest/Myeve/node_modules/@novnc/novnc/core/util/browser.js
The generated code contains 'async/await' because this module is using "topLevelAwait".
However, your target environment does not appear to support 'async/await'.
As a result, the code may not run as expected or may cause runtime errors.

Import trace for requested module:
../../../../../Users/jaywest/Myeve/node_modules/@novnc/novnc/core/util/browser.js
../../../../../Users/jaywest/Myeve/node_modules/@novnc/novnc/core/rfb.js
./components/computer-viewer.tsx
./components/computer-workspace.tsx
./app/chat.tsx
 GET /manage 200 in 1704ms (next.js: 634ms, proxy.ts: 589ms, application-code: 481ms)
[browser] ../../../../../Users/jaywest/Myeve/node_modules/@novnc/novnc/core/util/browser.js
The generated code contains 'async/await' because this module is using "topLevelAwait".
However, your target environment does not appear to support 'async/await'.
As a result, the code may not run as expected or may cause runtime errors.
 GET /api/capabilities 200 in 13ms (next.js: 4ms, application-code: 9ms)
⚠ ../../../../../Users/jaywest/Myeve/node_modules/@novnc/novnc/core/util/browser.js
The generated code contains 'async/await' because this module is using "topLevelAwait".
However, your target environment does not appear to support 'async/await'.
As a result, the code may not run as expected or may cause runtime errors.

Import trace for requested module:
../../../../../Users/jaywest/Myeve/node_modules/@novnc/novnc/core/util/browser.js
../../../../../Users/jaywest/Myeve/node_modules/@novnc/novnc/core/rfb.js
./components/computer-viewer.tsx
./components/computer-workspace.tsx
./app/chat.tsx
[browser] ../../../../../Users/jaywest/Myeve/node_modules/@novnc/novnc/core/util/browser.js
The generated code contains 'async/await' because this module is using "topLevelAwait".
However, your target environment does not appear to support 'async/await'.
As a result, the code may not run as expected or may cause runtime errors.

Import trace for requested module:
../../../../../Users/jaywest/Myeve/node_modules/@novnc/novnc/core/util/browser.js
../../../../../Users/jaywest/Myeve/node_modules/@novnc/novnc/core/rfb.js
./components/computer-viewer.tsx
./components/computer-workspace.tsx
./app/chat.tsx
⚠ ../../../../../Users/jaywest/Myeve/node_modules/@novnc/novnc/core/util/browser.js
The generated code contains 'async/await' because this module is using "topLevelAwait".
However, your target environment does not appear to support 'async/await'.
As a result, the code may not run as expected or may cause runtime errors.

Import trace for requested module:
../../../../../Users/jaywest/Myeve/node_modules/@novnc/novnc/core/util/browser.js
../../../../../Users/jaywest/Myeve/node_modules/@novnc/novnc/core/rfb.js
./components/computer-viewer.tsx
./components/computer-workspace.tsx
./app/chat.tsx
Model catalog failed Error [GatewayAuthenticationError]: AI Gateway authentication failed: No authentication provided.

Option 1 - API key:
Create an API key: https://vercel.com/d?to=%2F%5Bteam%5D%2F%7E%2Fai%2Fapi-keys
Provide via 'apiKey' option or 'AI_GATEWAY_API_KEY' environment variable.

Option 2 - Vercel access token:
Pass a Vercel personal access token or Vercel app access token via the 'apiKey' option.

Option 3 - OIDC token:
Run 'npx vercel link' to link your project, then 'vc env pull' to fetch the token.
    at async GET (app/api/models/route.ts:11:24)
   9 |
  10 |   try {
> 11 |     const { models } = await gateway.getAvailableModels();
     |                        ^
  12 |     const language = models
  13 |       .filter((model) => (model.modelType ?? "language") === "language")
  14 |       .map((model) => ({ {
  statusCode: 401,
  generationId: undefined,
  isRetryable: false,
  type: 'authentication_error',
  [cause]: Error [VercelOidcTokenError]: The 'x-vercel-oidc-token' header is missing from the request. Do you have the OIDC option enabled in the Vercel project settings?
  Unable to find project root directory. Have you linked your project with `vc link?`
      at async GET (app/api/models/route.ts:11:24)
     9 |
    10 |   try {
  > 11 |     const { models } = await gateway.getAvailableModels();
       |                        ^
    12 |     const language = models
    13 |       .filter((model) => (model.modelType ?? "language") === "language")
    14 |       .map((model) => ({ {
    cause: undefined
  }
}
 GET /api/update-check 200 in 1233ms (next.js: 1092ms, application-code: 141ms)
 GET /api/models 503 in 1224ms (next.js: 1083ms, application-code: 141ms)
[browser] ../../../../../Users/jaywest/Myeve/node_modules/@novnc/novnc/core/util/browser.js
The generated code contains 'async/await' because this module is using "topLevelAwait".
However, your target environment does not appear to support 'async/await'.
As a result, the code may not run as expected or may cause runtime errors.

Import trace for requested module:
../../../../../Users/jaywest/Myeve/node_modules/@novnc/novnc/core/util/browser.js
../../../../../Users/jaywest/Myeve/node_modules/@novnc/novnc/core/rfb.js
./components/computer-viewer.tsx
./components/computer-workspace.tsx
./app/chat.tsx
 GET /api/commands 200 in 1231ms (next.js: 1080ms, application-code: 151ms)
 GET /api/capabilities 200 in 4ms (next.js: 1.7ms, application-code: 1.8ms)
 GET /api/agents 200 in 1238ms (next.js: 1080ms, application-code: 158ms)
⚠ ../../../../../Users/jaywest/Myeve/node_modules/@novnc/novnc/core/util/browser.js
The generated code contains 'async/await' because this module is using "topLevelAwait".
However, your target environment does not appear to support 'async/await'.
As a result, the code may not run as expected or may cause runtime errors.

Import trace for requested module:
../../../../../Users/jaywest/Myeve/node_modules/@novnc/novnc/core/util/browser.js
../../../../../Users/jaywest/Myeve/node_modules/@novnc/novnc/core/rfb.js
./components/computer-viewer.tsx
./components/computer-workspace.tsx
./app/chat.tsx
 GET /api/threads/9ea6ca73-1d31-418f-988e-7ff8aaa721a2 404 in 1194ms (next.js: 1031ms, application-code: 162ms)
 GET /api/threads 200 in 1246ms (next.js: 1080ms, application-code: 165ms)
[browser] ../../../../../Users/jaywest/Myeve/node_modules/@novnc/novnc/core/util/browser.js
The generated code contains 'async/await' because this module is using "topLevelAwait".
However, your target environment does not appear to support 'async/await'.
As a result, the code may not run as expected or may cause runtime errors.

Import trace for requested module:
../../../../../Users/jaywest/Myeve/node_modules/@novnc/novnc/core/util/browser.js
../../../../../Users/jaywest/Myeve/node_modules/@novnc/novnc/core/rfb.js
./components/computer-viewer.tsx
./components/computer-workspace.tsx
./app/chat.tsx
⚠ ../../../../../Users/jaywest/Myeve/node_modules/@novnc/novnc/core/util/browser.js
The generated code contains 'async/await' because this module is using "topLevelAwait".
However, your target environment does not appear to support 'async/await'.
As a result, the code may not run as expected or may cause runtime errors.

Import trace for requested module:
../../../../../Users/jaywest/Myeve/node_modules/@novnc/novnc/core/util/browser.js
../../../../../Users/jaywest/Myeve/node_modules/@novnc/novnc/core/rfb.js
./components/computer-viewer.tsx
./components/computer-workspace.tsx
./app/chat.tsx

../../../../../Users/jaywest/Myeve/node_modules/eve/dist/src/internal/application/optional-package-install.js
Critical dependency: the request of a dependency is an expression

Import trace for requested module:
../../../../../Users/jaywest/Myeve/node_modules/eve/dist/src/internal/application/optional-package-install.js
../../../../../Users/jaywest/Myeve/node_modules/eve/dist/src/execution/sandbox/bash-tool.js
../../../../../Users/jaywest/Myeve/node_modules/eve/dist/src/public/tools/define-bash-tool.js
../../../../../Users/jaywest/Myeve/node_modules/eve/dist/src/public/tools/index.js
../../../../../Users/jaywest/Myeve/node_modules/@agent-browser/eve/dist/extension/tools/click.mjs
../../../../../Users/jaywest/Myeve/node_modules/@agent-browser/eve/dist/tools/index.mjs
./lib/readiness.ts
./app/api/readiness/route.ts
 GET /goals 200 in 779ms (next.js: 68ms, proxy.ts: 293ms, application-code: 418ms)
[browser] ../../../../../Users/jaywest/Myeve/node_modules/@novnc/novnc/core/util/browser.js
The generated code contains 'async/await' because this module is using "topLevelAwait".
However, your target environment does not appear to support 'async/await'.
As a result, the code may not run as expected or may cause runtime errors.
 GET /api/goals 200 in 18ms (next.js: 5ms, application-code: 12ms)
Model catalog failed Error [GatewayAuthenticationError]: AI Gateway authentication failed: No authentication provided.

Option 1 - API key:
Create an API key: https://vercel.com/d?to=%2F%5Bteam%5D%2F%7E%2Fai%2Fapi-keys
Provide via 'apiKey' option or 'AI_GATEWAY_API_KEY' environment variable.

Option 2 - Vercel access token:
Pass a Vercel personal access token or Vercel app access token via the 'apiKey' option.

Option 3 - OIDC token:
Run 'npx vercel link' to link your project, then 'vc env pull' to fetch the token.
    at async GET (app/api/models/route.ts:11:24)
   9 |
  10 |   try {
> 11 |     const { models } = await gateway.getAvailableModels();
     |                        ^
  12 |     const language = models
  13 |       .filter((model) => (model.modelType ?? "language") === "language")
  14 |       .map((model) => ({ {
  statusCode: 401,
  generationId: undefined,
  isRetryable: false,
  type: 'authentication_error',
  [cause]: Error [VercelOidcTokenError]: The 'x-vercel-oidc-token' header is missing from the request. Do you have the OIDC option enabled in the Vercel project settings?
  Unable to find project root directory. Have you linked your project with `vc link?`
      at async GET (app/api/models/route.ts:11:24)
     9 |
    10 |   try {
  > 11 |     const { models } = await gateway.getAvailableModels();
       |                        ^
    12 |     const language = models
    13 |       .filter((model) => (model.modelType ?? "language") === "language")
    14 |       .map((model) => ({ {
    cause: undefined
  }
}
 GET /api/models 503 in 8ms (next.js: 1.3ms, application-code: 7ms)
 GET /api/commands 200 in 18ms (next.js: 3ms, application-code: 15ms)
 GET /api/goals/focus 200 in 43ms (next.js: 4ms, application-code: 39ms)
 GET /api/capabilities 200 in 2ms (next.js: 0.5ms, application-code: 1.8ms)
 GET /api/agents 200 in 31ms (next.js: 2ms, application-code: 29ms)
 GET /api/goals 200 in 6ms (next.js: 0.4ms, application-code: 6ms)
Model catalog failed Error [GatewayAuthenticationError]: AI Gateway authentication failed: No authentication provided.

Option 1 - API key:
Create an API key: https://vercel.com/d?to=%2F%5Bteam%5D%2F%7E%2Fai%2Fapi-keys
Provide via 'apiKey' option or 'AI_GATEWAY_API_KEY' environment variable.

Option 2 - Vercel access token:
Pass a Vercel personal access token or Vercel app access token via the 'apiKey' option.

Option 3 - OIDC token:
Run 'npx vercel link' to link your project, then 'vc env pull' to fetch the token.
    at async GET (app/api/models/route.ts:11:24)
   9 |
  10 |   try {
> 11 |     const { models } = await gateway.getAvailableModels();
     |                        ^
  12 |     const language = models
  13 |       .filter((model) => (model.modelType ?? "language") === "language")
  14 |       .map((model) => ({ {
  statusCode: 401,
  generationId: undefined,
  isRetryable: false,
  type: 'authentication_error',
  [cause]: Error [VercelOidcTokenError]: The 'x-vercel-oidc-token' header is missing from the request. Do you have the OIDC option enabled in the Vercel project settings?
  Unable to find project root directory. Have you linked your project with `vc link?`
      at async GET (app/api/models/route.ts:11:24)
     9 |
    10 |   try {
  > 11 |     const { models } = await gateway.getAvailableModels();
       |                        ^
    12 |     const language = models
    13 |       .filter((model) => (model.modelType ?? "language") === "language")
    14 |       .map((model) => ({ {
    cause: undefined
  }
}
 GET /api/models 503 in 2ms (next.js: 0.4ms, application-code: 1.9ms)
 GET /api/commands 200 in 1.3ms (next.js: 0.4ms, application-code: 0.9ms)
 GET /api/threads/d76b7d92-7e11-423f-b8aa-cdf66263adf5 404 in 11ms (next.js: 3ms, application-code: 8ms)
 GET /api/threads 200 in 31ms (next.js: 2ms, application-code: 29ms)
 GET /api/threads 200 in 4ms (next.js: 0.5ms, application-code: 3ms)
 GET /api/goals/focus 200 in 18ms (next.js: 0.3ms, application-code: 18ms)
 GET /api/threads/d76b7d92-7e11-423f-b8aa-cdf66263adf5 404 in 3ms (next.js: 0.7ms, application-code: 3ms)
 GET /api/agents 200 in 18ms (next.js: 0.3ms, application-code: 18ms)
 GET /api/threads/d76b7d92-7e11-423f-b8aa-cdf66263adf5 404 in 3ms (next.js: 0.8ms, application-code: 2.0ms)
 GET /api/threads/d76b7d92-7e11-423f-b8aa-cdf66263adf5 404 in 3ms (next.js: 0.7ms, application-code: 2ms)
⚠ ../../../../../Users/jaywest/Myeve/node_modules/@novnc/novnc/core/util/browser.js
The generated code contains 'async/await' because this module is using "topLevelAwait".
However, your target environment does not appear to support 'async/await'.
As a result, the code may not run as expected or may cause runtime errors.

Import trace for requested module:
../../../../../Users/jaywest/Myeve/node_modules/@novnc/novnc/core/util/browser.js
../../../../../Users/jaywest/Myeve/node_modules/@novnc/novnc/core/rfb.js
./components/computer-viewer.tsx
./components/computer-workspace.tsx
./app/chat.tsx

../../../../../Users/jaywest/Myeve/node_modules/eve/dist/src/internal/application/optional-package-install.js
Critical dependency: the request of a dependency is an expression

Import trace for requested module:
../../../../../Users/jaywest/Myeve/node_modules/eve/dist/src/internal/application/optional-package-install.js
../../../../../Users/jaywest/Myeve/node_modules/eve/dist/src/execution/sandbox/bash-tool.js
../../../../../Users/jaywest/Myeve/node_modules/eve/dist/src/public/tools/define-bash-tool.js
../../../../../Users/jaywest/Myeve/node_modules/eve/dist/src/public/tools/index.js
../../../../../Users/jaywest/Myeve/node_modules/@agent-browser/eve/dist/extension/tools/click.mjs
../../../../../Users/jaywest/Myeve/node_modules/@agent-browser/eve/dist/tools/index.mjs
./lib/readiness.ts
./app/api/readiness/route.ts
⚠ ../../../../../Users/jaywest/Myeve/node_modules/@novnc/novnc/core/util/browser.js
The generated code contains 'async/await' because this module is using "topLevelAwait".
However, your target environment does not appear to support 'async/await'.
As a result, the code may not run as expected or may cause runtime errors.

Import trace for requested module:
../../../../../Users/jaywest/Myeve/node_modules/@novnc/novnc/core/util/browser.js
../../../../../Users/jaywest/Myeve/node_modules/@novnc/novnc/core/rfb.js
./components/computer-viewer.tsx
./components/computer-workspace.tsx
./app/chat.tsx

../../../../../Users/jaywest/Myeve/node_modules/eve/dist/src/internal/application/optional-package-install.js
Critical dependency: the request of a dependency is an expression

Import trace for requested module:
../../../../../Users/jaywest/Myeve/node_modules/eve/dist/src/internal/application/optional-package-install.js
../../../../../Users/jaywest/Myeve/node_modules/eve/dist/src/execution/sandbox/bash-tool.js
../../../../../Users/jaywest/Myeve/node_modules/eve/dist/src/public/tools/define-bash-tool.js
../../../../../Users/jaywest/Myeve/node_modules/eve/dist/src/public/tools/index.js
../../../../../Users/jaywest/Myeve/node_modules/@agent-browser/eve/dist/extension/tools/click.mjs
../../../../../Users/jaywest/Myeve/node_modules/@agent-browser/eve/dist/tools/index.mjs
./lib/readiness.ts
./app/api/readiness/route.ts
 GET /api/owner-data?download=1 200 in 899ms (next.js: 727ms, application-code: 172ms)
⚠ ../../../../../Users/jaywest/Myeve/node_modules/@novnc/novnc/core/util/browser.js
The generated code contains 'async/await' because this module is using "topLevelAwait".
However, your target environment does not appear to support 'async/await'.
As a result, the code may not run as expected or may cause runtime errors.

Import trace for requested module:
../../../../../Users/jaywest/Myeve/node_modules/@novnc/novnc/core/util/browser.js
../../../../../Users/jaywest/Myeve/node_modules/@novnc/novnc/core/rfb.js
./components/computer-viewer.tsx
./components/computer-workspace.tsx
./app/chat.tsx

../../../../../Users/jaywest/Myeve/node_modules/eve/dist/src/internal/application/optional-package-install.js
Critical dependency: the request of a dependency is an expression

Import trace for requested module:
../../../../../Users/jaywest/Myeve/node_modules/eve/dist/src/internal/application/optional-package-install.js
../../../../../Users/jaywest/Myeve/node_modules/eve/dist/src/execution/sandbox/bash-tool.js
../../../../../Users/jaywest/Myeve/node_modules/eve/dist/src/public/tools/define-bash-tool.js
../../../../../Users/jaywest/Myeve/node_modules/eve/dist/src/public/tools/index.js
../../../../../Users/jaywest/Myeve/node_modules/@agent-browser/eve/dist/extension/tools/click.mjs
../../../../../Users/jaywest/Myeve/node_modules/@agent-browser/eve/dist/tools/index.mjs
./lib/readiness.ts
./app/api/readiness/route.ts
⚠ ../../../../../Users/jaywest/Myeve/node_modules/@novnc/novnc/core/util/browser.js
The generated code contains 'async/await' because this module is using "topLevelAwait".
However, your target environment does not appear to support 'async/await'.
As a result, the code may not run as expected or may cause runtime errors.

Import trace for requested module:
../../../../../Users/jaywest/Myeve/node_modules/@novnc/novnc/core/util/browser.js
../../../../../Users/jaywest/Myeve/node_modules/@novnc/novnc/core/rfb.js
./components/computer-viewer.tsx
./components/computer-workspace.tsx
./app/chat.tsx

../../../../../Users/jaywest/Myeve/node_modules/eve/dist/src/internal/application/optional-package-install.js
Critical dependency: the request of a dependency is an expression

Import trace for requested module:
../../../../../Users/jaywest/Myeve/node_modules/eve/dist/src/internal/application/optional-package-install.js
../../../../../Users/jaywest/Myeve/node_modules/eve/dist/src/execution/sandbox/bash-tool.js
../../../../../Users/jaywest/Myeve/node_modules/eve/dist/src/public/tools/define-bash-tool.js
../../../../../Users/jaywest/Myeve/node_modules/eve/dist/src/public/tools/index.js
../../../../../Users/jaywest/Myeve/node_modules/@agent-browser/eve/dist/extension/tools/click.mjs
../../../../../Users/jaywest/Myeve/node_modules/@agent-browser/eve/dist/tools/index.mjs
./lib/readiness.ts
./app/api/readiness/route.ts
 GET /manage/data 200 in 1515ms (next.js: 1175ms, proxy.ts: 2.0ms, application-code: 338ms)
[browser] ../../../../../Users/jaywest/Myeve/node_modules/@novnc/novnc/core/util/browser.js
The generated code contains 'async/await' because this module is using "topLevelAwait".
However, your target environment does not appear to support 'async/await'.
As a result, the code may not run as expected or may cause runtime errors.
 GET /api/capabilities 200 in 12ms (next.js: 2ms, application-code: 10ms)
 GET /api/update-check 200 in 3ms (next.js: 1.8ms, application-code: 1.4ms)
Model catalog failed Error [GatewayAuthenticationError]: AI Gateway authentication failed: No authentication provided.

Option 1 - API key:
Create an API key: https://vercel.com/d?to=%2F%5Bteam%5D%2F%7E%2Fai%2Fapi-keys
Provide via 'apiKey' option or 'AI_GATEWAY_API_KEY' environment variable.

Option 2 - Vercel access token:
Pass a Vercel personal access token or Vercel app access token via the 'apiKey' option.

Option 3 - OIDC token:
Run 'npx vercel link' to link your project, then 'vc env pull' to fetch the token.
    at async GET (app/api/models/route.ts:11:24)
   9 |
  10 |   try {
> 11 |     const { models } = await gateway.getAvailableModels();
     |                        ^
  12 |     const language = models
  13 |       .filter((model) => (model.modelType ?? "language") === "language")
  14 |       .map((model) => ({ {
  statusCode: 401,
  generationId: undefined,
  isRetryable: false,
  type: 'authentication_error',
  [cause]: Error [VercelOidcTokenError]: The 'x-vercel-oidc-token' header is missing from the request. Do you have the OIDC option enabled in the Vercel project settings?
  Unable to find project root directory. Have you linked your project with `vc link?`
      at async GET (app/api/models/route.ts:11:24)
     9 |
    10 |   try {
  > 11 |     const { models } = await gateway.getAvailableModels();
       |                        ^
    12 |     const language = models
    13 |       .filter((model) => (model.modelType ?? "language") === "language")
    14 |       .map((model) => ({ {
    cause: undefined
  }
}
 GET /api/models 503 in 29ms (next.js: 1.1ms, application-code: 27ms)
 GET /api/commands 200 in 67ms (next.js: 1.4ms, application-code: 66ms)
 GET /api/capabilities 200 in 1.7ms (next.js: 0.4ms, application-code: 1.4ms)
 GET /api/update-check 200 in 1.6ms (next.js: 0.4ms, application-code: 1.2ms)
 GET /api/agents 200 in 87ms (next.js: 1.7ms, application-code: 86ms)
 GET /api/goals 200 in 25ms (next.js: 1.6ms, application-code: 23ms)
 GET /api/threads 200 in 49ms (next.js: 2.0ms, application-code: 47ms)
 GET /api/threads/c9c6ad82-bc7d-453b-9bed-39b77f71a1bf 404 in 35ms (next.js: 3ms, application-code: 32ms)
 GET /api/agents 200 in 30ms (next.js: 0.4ms, application-code: 30ms)
 GET /api/automations 200 in 28ms (next.js: 2ms, application-code: 26ms)
Model catalog failed Error [GatewayAuthenticationError]: AI Gateway authentication failed: No authentication provided.

Option 1 - API key:
Create an API key: https://vercel.com/d?to=%2F%5Bteam%5D%2F%7E%2Fai%2Fapi-keys
Provide via 'apiKey' option or 'AI_GATEWAY_API_KEY' environment variable.

Option 2 - Vercel access token:
Pass a Vercel personal access token or Vercel app access token via the 'apiKey' option.

Option 3 - OIDC token:
Run 'npx vercel link' to link your project, then 'vc env pull' to fetch the token.
    at async GET (app/api/models/route.ts:11:24)
   9 |
  10 |   try {
> 11 |     const { models } = await gateway.getAvailableModels();
     |                        ^
  12 |     const language = models
  13 |       .filter((model) => (model.modelType ?? "language") === "language")
  14 |       .map((model) => ({ {
  statusCode: 401,
  generationId: undefined,
  isRetryable: false,
  type: 'authentication_error',
  [cause]: Error [VercelOidcTokenError]: The 'x-vercel-oidc-token' header is missing from the request. Do you have the OIDC option enabled in the Vercel project settings?
  Unable to find project root directory. Have you linked your project with `vc link?`
      at async GET (app/api/models/route.ts:11:24)
     9 |
    10 |   try {
  > 11 |     const { models } = await gateway.getAvailableModels();
       |                        ^
    12 |     const language = models
    13 |       .filter((model) => (model.modelType ?? "language") === "language")
    14 |       .map((model) => ({ {
    cause: undefined
  }
}
 GET /api/models 503 in 2ms (next.js: 0.3ms, application-code: 2ms)
 GET /api/goals 200 in 6ms (next.js: 0.6ms, application-code: 5ms)
 GET /api/commands 200 in 1.6ms (next.js: 0.5ms, application-code: 1.1ms)
 GET /api/capabilities 200 in 1.8ms (next.js: 0.5ms, application-code: 1.4ms)
 GET /api/agents 200 in 57ms (next.js: 0.4ms, application-code: 56ms)
 GET /api/threads 200 in 4ms (next.js: 0.5ms, application-code: 3ms)
 GET /api/agents 200 in 13ms (next.js: 0.4ms, application-code: 12ms)
 GET /api/owner-data 200 in 64ms (next.js: 2ms, application-code: 61ms)
 GET /api/automations 200 in 5ms (next.js: 0.4ms, application-code: 5ms)
 GET /api/threads/c9c6ad82-bc7d-453b-9bed-39b77f71a1bf 404 in 2ms (next.js: 0.4ms, application-code: 2.0ms)
 GET /api/threads/c9c6ad82-bc7d-453b-9bed-39b77f71a1bf 404 in 1.9ms (next.js: 0.5ms, application-code: 1.4ms)
 GET /api/threads/c9c6ad82-bc7d-453b-9bed-39b77f71a1bf 404 in 1.8ms (next.js: 0.4ms, application-code: 1.4ms)
 POST /api/owner-data 200 in 24ms (next.js: 0.8ms, application-code: 23ms)
Owner archive validation failed
 POST /api/owner-data 400 in 3ms (next.js: 0.6ms, application-code: 2ms)
Owner archive validation failed
 POST /api/owner-data 400 in 3ms (next.js: 0.6ms, application-code: 2ms)
Owner archive validation failed
 POST /api/owner-data 400 in 5ms (next.js: 0.7ms, application-code: 5ms)
Owner archive validation failed
 POST /api/owner-data 400 in 7ms (next.js: 0.6ms, application-code: 6ms)
 GET /api/owner-data 200 in 13ms (next.js: 0.5ms, application-code: 13ms)
⚠ ../../../../../Users/jaywest/Myeve/node_modules/@novnc/novnc/core/util/browser.js
The generated code contains 'async/await' because this module is using "topLevelAwait".
However, your target environment does not appear to support 'async/await'.
As a result, the code may not run as expected or may cause runtime errors.

Import trace for requested module:
../../../../../Users/jaywest/Myeve/node_modules/@novnc/novnc/core/util/browser.js
../../../../../Users/jaywest/Myeve/node_modules/@novnc/novnc/core/rfb.js
./components/computer-viewer.tsx
./components/computer-workspace.tsx
./app/chat.tsx

../../../../../Users/jaywest/Myeve/node_modules/eve/dist/src/internal/application/optional-package-install.js
Critical dependency: the request of a dependency is an expression

Import trace for requested module:
../../../../../Users/jaywest/Myeve/node_modules/eve/dist/src/internal/application/optional-package-install.js
../../../../../Users/jaywest/Myeve/node_modules/eve/dist/src/execution/sandbox/bash-tool.js
../../../../../Users/jaywest/Myeve/node_modules/eve/dist/src/public/tools/define-bash-tool.js
../../../../../Users/jaywest/Myeve/node_modules/eve/dist/src/public/tools/index.js
../../../../../Users/jaywest/Myeve/node_modules/@agent-browser/eve/dist/extension/tools/click.mjs
../../../../../Users/jaywest/Myeve/node_modules/@agent-browser/eve/dist/tools/index.mjs
./lib/readiness.ts
./app/api/readiness/route.ts
⚠ ../../../../../Users/jaywest/Myeve/node_modules/@novnc/novnc/core/util/browser.js
The generated code contains 'async/await' because this module is using "topLevelAwait".
However, your target environment does not appear to support 'async/await'.
As a result, the code may not run as expected or may cause runtime errors.

Import trace for requested module:
../../../../../Users/jaywest/Myeve/node_modules/@novnc/novnc/core/util/browser.js
../../../../../Users/jaywest/Myeve/node_modules/@novnc/novnc/core/rfb.js
./components/computer-viewer.tsx
./components/computer-workspace.tsx
./app/chat.tsx

../../../../../Users/jaywest/Myeve/node_modules/eve/dist/src/internal/application/optional-package-install.js
Critical dependency: the request of a dependency is an expression

Import trace for requested module:
../../../../../Users/jaywest/Myeve/node_modules/eve/dist/src/internal/application/optional-package-install.js
../../../../../Users/jaywest/Myeve/node_modules/eve/dist/src/execution/sandbox/bash-tool.js
../../../../../Users/jaywest/Myeve/node_modules/eve/dist/src/public/tools/define-bash-tool.js
../../../../../Users/jaywest/Myeve/node_modules/eve/dist/src/public/tools/index.js
../../../../../Users/jaywest/Myeve/node_modules/@agent-browser/eve/dist/extension/tools/click.mjs
../../../../../Users/jaywest/Myeve/node_modules/@agent-browser/eve/dist/tools/index.mjs
./lib/readiness.ts
./app/api/readiness/route.ts
 GET /chat 200 in 1241ms (next.js: 845ms, proxy.ts: 1.8ms, application-code: 394ms)
[browser] ../../../../../Users/jaywest/Myeve/node_modules/@novnc/novnc/core/util/browser.js
The generated code contains 'async/await' because this module is using "topLevelAwait".
However, your target environment does not appear to support 'async/await'.
As a result, the code may not run as expected or may cause runtime errors.
Model catalog failed Error [GatewayAuthenticationError]: AI Gateway authentication failed: No authentication provided.

Option 1 - API key:
Create an API key: https://vercel.com/d?to=%2F%5Bteam%5D%2F%7E%2Fai%2Fapi-keys
Provide via 'apiKey' option or 'AI_GATEWAY_API_KEY' environment variable.

Option 2 - Vercel access token:
Pass a Vercel personal access token or Vercel app access token via the 'apiKey' option.

Option 3 - OIDC token:
Run 'npx vercel link' to link your project, then 'vc env pull' to fetch the token.
    at async GET (app/api/models/route.ts:11:24)
   9 |
  10 |   try {
> 11 |     const { models } = await gateway.getAvailableModels();
     |                        ^
  12 |     const language = models
  13 |       .filter((model) => (model.modelType ?? "language") === "language")
  14 |       .map((model) => ({ {
  statusCode: 401,
  generationId: undefined,
  isRetryable: false,
  type: 'authentication_error',
  [cause]: Error [VercelOidcTokenError]: The 'x-vercel-oidc-token' header is missing from the request. Do you have the OIDC option enabled in the Vercel project settings?
  Unable to find project root directory. Have you linked your project with `vc link?`
      at async GET (app/api/models/route.ts:11:24)
     9 |
    10 |   try {
  > 11 |     const { models } = await gateway.getAvailableModels();
       |                        ^
    12 |     const language = models
    13 |       .filter((model) => (model.modelType ?? "language") === "language")
    14 |       .map((model) => ({ {
    cause: undefined
  }
}
 GET /api/models 503 in 29ms (next.js: 1.7ms, application-code: 28ms)
 GET /api/commands 200 in 81ms (next.js: 1.5ms, application-code: 80ms)
 GET /api/capabilities 200 in 3ms (next.js: 1.5ms, application-code: 1.5ms)
 GET /api/agents 200 in 106ms (next.js: 1.8ms, application-code: 104ms)
Model catalog failed Error [GatewayAuthenticationError]: AI Gateway authentication failed: No authentication provided.

Option 1 - API key:
Create an API key: https://vercel.com/d?to=%2F%5Bteam%5D%2F%7E%2Fai%2Fapi-keys
Provide via 'apiKey' option or 'AI_GATEWAY_API_KEY' environment variable.

Option 2 - Vercel access token:
Pass a Vercel personal access token or Vercel app access token via the 'apiKey' option.

Option 3 - OIDC token:
Run 'npx vercel link' to link your project, then 'vc env pull' to fetch the token.
    at async GET (app/api/models/route.ts:11:24)
   9 |
  10 |   try {
> 11 |     const { models } = await gateway.getAvailableModels();
     |                        ^
  12 |     const language = models
  13 |       .filter((model) => (model.modelType ?? "language") === "language")
  14 |       .map((model) => ({ {
  statusCode: 401,
  generationId: undefined,
  isRetryable: false,
  type: 'authentication_error',
  [cause]: Error [VercelOidcTokenError]: The 'x-vercel-oidc-token' header is missing from the request. Do you have the OIDC option enabled in the Vercel project settings?
  Unable to find project root directory. Have you linked your project with `vc link?`
      at async GET (app/api/models/route.ts:11:24)
     9 |
    10 |   try {
  > 11 |     const { models } = await gateway.getAvailableModels();
       |                        ^
    12 |     const language = models
    13 |       .filter((model) => (model.modelType ?? "language") === "language")
    14 |       .map((model) => ({ {
    cause: undefined
  }
}
 GET /api/models 503 in 3ms (next.js: 0.3ms, application-code: 3ms)
 GET /api/threads 200 in 32ms (next.js: 2ms, application-code: 30ms)
 GET /api/threads/588fa835-11f3-4bb8-b8a1-a55c5f01f0a7 404 in 11ms (next.js: 3ms, application-code: 8ms)
 GET /api/commands 200 in 1.2ms (next.js: 0.3ms, application-code: 0.8ms)
 GET /api/threads 200 in 1.7ms (next.js: 0.3ms, application-code: 1.4ms)
 GET /api/agents 200 in 8ms (next.js: 0.4ms, application-code: 7ms)
 GET /api/threads/588fa835-11f3-4bb8-b8a1-a55c5f01f0a7 404 in 1.9ms (next.js: 0.5ms, application-code: 1.5ms)
 GET /api/threads/588fa835-11f3-4bb8-b8a1-a55c5f01f0a7 404 in 3ms (next.js: 0.6ms, application-code: 1.9ms)
 GET /api/task-runs?threadId=588fa835-11f3-4bb8-b8a1-a55c5f01f0a7 200 in 9ms (next.js: 4ms, application-code: 5ms)
 GET /api/task-runs?threadId=588fa835-11f3-4bb8-b8a1-a55c5f01f0a7 200 in 2ms (next.js: 0.5ms, application-code: 1.7ms)
 GET /api/threads/588fa835-11f3-4bb8-b8a1-a55c5f01f0a7 404 in 2ms (next.js: 0.7ms, application-code: 1.8ms)
 GET /api/task-runs?threadId=588fa835-11f3-4bb8-b8a1-a55c5f01f0a7 200 in 2ms (next.js: 0.4ms, application-code: 2ms)
 GET /api/task-runs?threadId=588fa835-11f3-4bb8-b8a1-a55c5f01f0a7 200 in 1.8ms (next.js: 0.3ms, application-code: 1.5ms)
 GET /api/task-runs?threadId=588fa835-11f3-4bb8-b8a1-a55c5f01f0a7 200 in 3ms (next.js: 0.6ms, application-code: 2ms)
 GET /api/task-runs?threadId=588fa835-11f3-4bb8-b8a1-a55c5f01f0a7 200 in 1.6ms (next.js: 0.3ms, application-code: 1.3ms)
⚠ ../../../../../Users/jaywest/Myeve/node_modules/@novnc/novnc/core/util/browser.js
The generated code contains 'async/await' because this module is using "topLevelAwait".
However, your target environment does not appear to support 'async/await'.
As a result, the code may not run as expected or may cause runtime errors.

Import trace for requested module:
../../../../../Users/jaywest/Myeve/node_modules/@novnc/novnc/core/util/browser.js
../../../../../Users/jaywest/Myeve/node_modules/@novnc/novnc/core/rfb.js
./components/computer-viewer.tsx
./components/computer-workspace.tsx
./app/chat.tsx

../../../../../Users/jaywest/Myeve/node_modules/eve/dist/src/internal/application/optional-package-install.js
Critical dependency: the request of a dependency is an expression

Import trace for requested module:
../../../../../Users/jaywest/Myeve/node_modules/eve/dist/src/internal/application/optional-package-install.js
../../../../../Users/jaywest/Myeve/node_modules/eve/dist/src/execution/sandbox/bash-tool.js
../../../../../Users/jaywest/Myeve/node_modules/eve/dist/src/public/tools/define-bash-tool.js
../../../../../Users/jaywest/Myeve/node_modules/eve/dist/src/public/tools/index.js
../../../../../Users/jaywest/Myeve/node_modules/@agent-browser/eve/dist/extension/tools/click.mjs
../../../../../Users/jaywest/Myeve/node_modules/@agent-browser/eve/dist/tools/index.mjs
./lib/readiness.ts
./app/api/readiness/route.ts
[browser] ../../../../../Users/jaywest/Myeve/node_modules/@novnc/novnc/core/util/browser.js
The generated code contains 'async/await' because this module is using "topLevelAwait".
However, your target environment does not appear to support 'async/await'.
As a result, the code may not run as expected or may cause runtime errors.

Import trace for requested module:
../../../../../Users/jaywest/Myeve/node_modules/@novnc/novnc/core/util/browser.js
../../../../../Users/jaywest/Myeve/node_modules/@novnc/novnc/core/rfb.js
./components/computer-viewer.tsx
./components/computer-workspace.tsx
./app/chat.tsx
⚠ ../../../../../Users/jaywest/Myeve/node_modules/@novnc/novnc/core/util/browser.js
The generated code contains 'async/await' because this module is using "topLevelAwait".
However, your target environment does not appear to support 'async/await'.
As a result, the code may not run as expected or may cause runtime errors.

Import trace for requested module:
../../../../../Users/jaywest/Myeve/node_modules/@novnc/novnc/core/util/browser.js
../../../../../Users/jaywest/Myeve/node_modules/@novnc/novnc/core/rfb.js
./components/computer-viewer.tsx
./components/computer-workspace.tsx
./app/chat.tsx

../../../../../Users/jaywest/Myeve/node_modules/eve/dist/src/internal/application/optional-package-install.js
Critical dependency: the request of a dependency is an expression

Import trace for requested module:
../../../../../Users/jaywest/Myeve/node_modules/eve/dist/src/internal/application/optional-package-install.js
../../../../../Users/jaywest/Myeve/node_modules/eve/dist/src/execution/sandbox/bash-tool.js
../../../../../Users/jaywest/Myeve/node_modules/eve/dist/src/public/tools/define-bash-tool.js
../../../../../Users/jaywest/Myeve/node_modules/eve/dist/src/public/tools/index.js
../../../../../Users/jaywest/Myeve/node_modules/@agent-browser/eve/dist/extension/tools/click.mjs
../../../../../Users/jaywest/Myeve/node_modules/@agent-browser/eve/dist/tools/index.mjs
./lib/readiness.ts
./app/api/readiness/route.ts
onUploadCompleted provided but no callbackUrl could be determined. Please provide a callbackUrl in onBeforeGenerateToken or set the VERCEL_BLOB_CALLBACK_URL environment variable.
 POST /api/files/upload 200 in 1778ms (next.js: 1475ms, application-code: 303ms)
[browser] ../../../../../Users/jaywest/Myeve/node_modules/@novnc/novnc/core/util/browser.js
The generated code contains 'async/await' because this module is using "topLevelAwait".
However, your target environment does not appear to support 'async/await'.
As a result, the code may not run as expected or may cause runtime errors.

Import trace for requested module:
../../../../../Users/jaywest/Myeve/node_modules/@novnc/novnc/core/util/browser.js
../../../../../Users/jaywest/Myeve/node_modules/@novnc/novnc/core/rfb.js
./components/computer-viewer.tsx
./components/computer-workspace.tsx
./app/chat.tsx
 GET /api/files 200 in 1777ms (next.js: 1467ms, application-code: 310ms)
 POST /api/files 200 in 6ms (next.js: 0.8ms, application-code: 5ms)
⚠ ../../../../../Users/jaywest/Myeve/node_modules/@novnc/novnc/core/util/browser.js
The generated code contains 'async/await' because this module is using "topLevelAwait".
However, your target environment does not appear to support 'async/await'.
As a result, the code may not run as expected or may cause runtime errors.

Import trace for requested module:
../../../../../Users/jaywest/Myeve/node_modules/@novnc/novnc/core/util/browser.js
../../../../../Users/jaywest/Myeve/node_modules/@novnc/novnc/core/rfb.js
./components/computer-viewer.tsx
./components/computer-workspace.tsx
./app/chat.tsx

../../../../../Users/jaywest/Myeve/node_modules/eve/dist/src/internal/application/optional-package-install.js
Critical dependency: the request of a dependency is an expression

Import trace for requested module:
../../../../../Users/jaywest/Myeve/node_modules/eve/dist/src/internal/application/optional-package-install.js
../../../../../Users/jaywest/Myeve/node_modules/eve/dist/src/execution/sandbox/bash-tool.js
../../../../../Users/jaywest/Myeve/node_modules/eve/dist/src/public/tools/define-bash-tool.js
../../../../../Users/jaywest/Myeve/node_modules/eve/dist/src/public/tools/index.js
../../../../../Users/jaywest/Myeve/node_modules/@agent-browser/eve/dist/extension/tools/click.mjs
../../../../../Users/jaywest/Myeve/node_modules/@agent-browser/eve/dist/tools/index.mjs
./lib/readiness.ts
./app/api/readiness/route.ts
[browser] ../../../../../Users/jaywest/Myeve/node_modules/@novnc/novnc/core/util/browser.js
The generated code contains 'async/await' because this module is using "topLevelAwait".
However, your target environment does not appear to support 'async/await'.
As a result, the code may not run as expected or may cause runtime errors.

Import trace for requested module:
../../../../../Users/jaywest/Myeve/node_modules/@novnc/novnc/core/util/browser.js
../../../../../Users/jaywest/Myeve/node_modules/@novnc/novnc/core/rfb.js
./components/computer-viewer.tsx
./components/computer-workspace.tsx
./app/chat.tsx
⚠ ../../../../../Users/jaywest/Myeve/node_modules/@novnc/novnc/core/util/browser.js
The generated code contains 'async/await' because this module is using "topLevelAwait".
However, your target environment does not appear to support 'async/await'.
As a result, the code may not run as expected or may cause runtime errors.

Import trace for requested module:
../../../../../Users/jaywest/Myeve/node_modules/@novnc/novnc/core/util/browser.js
../../../../../Users/jaywest/Myeve/node_modules/@novnc/novnc/core/rfb.js
./components/computer-viewer.tsx
./components/computer-workspace.tsx
./app/chat.tsx

../../../../../Users/jaywest/Myeve/node_modules/eve/dist/src/internal/application/optional-package-install.js
Critical dependency: the request of a dependency is an expression

Import trace for requested module:
../../../../../Users/jaywest/Myeve/node_modules/eve/dist/src/internal/application/optional-package-install.js
../../../../../Users/jaywest/Myeve/node_modules/eve/dist/src/execution/sandbox/bash-tool.js
../../../../../Users/jaywest/Myeve/node_modules/eve/dist/src/public/tools/define-bash-tool.js
../../../../../Users/jaywest/Myeve/node_modules/eve/dist/src/public/tools/index.js
../../../../../Users/jaywest/Myeve/node_modules/@agent-browser/eve/dist/extension/tools/click.mjs
../../../../../Users/jaywest/Myeve/node_modules/@agent-browser/eve/dist/tools/index.mjs
./lib/readiness.ts
./app/api/readiness/route.ts
[browser] ../../../../../Users/jaywest/Myeve/node_modules/@novnc/novnc/core/util/browser.js
The generated code contains 'async/await' because this module is using "topLevelAwait".
However, your target environment does not appear to support 'async/await'.
As a result, the code may not run as expected or may cause runtime errors.

Import trace for requested module:
../../../../../Users/jaywest/Myeve/node_modules/@novnc/novnc/core/util/browser.js
../../../../../Users/jaywest/Myeve/node_modules/@novnc/novnc/core/rfb.js
./components/computer-viewer.tsx
./components/computer-workspace.tsx
./app/chat.tsx
 GET /api/files 200 in 1365ms (next.js: 1141ms, application-code: 225ms)
 GET /api/files 200 in 3ms (next.js: 0.6ms, application-code: 2ms)
 GET /api/files/5e6341d6-88b4-49e2-8001-d1e82a5d0bf9/content 200 in 1910ms (next.js: 1904ms, application-code: 6ms)
 GET /api/threads/588fa835-11f3-4bb8-b8a1-a55c5f01f0a7 404 in 15ms (next.js: 4ms, application-code: 11ms)
 PUT /api/threads/588fa835-11f3-4bb8-b8a1-a55c5f01f0a7 200 in 3ms (next.js: 0.6ms, application-code: 3ms)
 GET /api/files/5e6341d6-88b4-49e2-8001-d1e82a5d0bf9/content 200 in 5ms (next.js: 1.7ms, application-code: 3ms)
 GET /api/files 200 in 3ms (next.js: 0.8ms, application-code: 3ms)
 GET /api/files 200 in 2ms (next.js: 0.5ms, application-code: 1.7ms)
⚠ ../../../../../Users/jaywest/Myeve/node_modules/@novnc/novnc/core/util/browser.js
The generated code contains 'async/await' because this module is using "topLevelAwait".
However, your target environment does not appear to support 'async/await'.
As a result, the code may not run as expected or may cause runtime errors.

Import trace for requested module:
../../../../../Users/jaywest/Myeve/node_modules/@novnc/novnc/core/util/browser.js
../../../../../Users/jaywest/Myeve/node_modules/@novnc/novnc/core/rfb.js
./components/computer-viewer.tsx
./components/computer-workspace.tsx
./app/chat.tsx

../../../../../Users/jaywest/Myeve/node_modules/eve/dist/src/internal/application/optional-package-install.js
Critical dependency: the request of a dependency is an expression

Import trace for requested module:
../../../../../Users/jaywest/Myeve/node_modules/eve/dist/src/internal/application/optional-package-install.js
../../../../../Users/jaywest/Myeve/node_modules/eve/dist/src/execution/sandbox/bash-tool.js
../../../../../Users/jaywest/Myeve/node_modules/eve/dist/src/public/tools/define-bash-tool.js
../../../../../Users/jaywest/Myeve/node_modules/eve/dist/src/public/tools/index.js
../../../../../Users/jaywest/Myeve/node_modules/@agent-browser/eve/dist/extension/tools/click.mjs
../../../../../Users/jaywest/Myeve/node_modules/@agent-browser/eve/dist/tools/index.mjs
./lib/readiness.ts
./app/api/readiness/route.ts
⚠ ../../../../../Users/jaywest/Myeve/node_modules/@novnc/novnc/core/util/browser.js
The generated code contains 'async/await' because this module is using "topLevelAwait".
However, your target environment does not appear to support 'async/await'.
As a result, the code may not run as expected or may cause runtime errors.

Import trace for requested module:
../../../../../Users/jaywest/Myeve/node_modules/@novnc/novnc/core/util/browser.js
../../../../../Users/jaywest/Myeve/node_modules/@novnc/novnc/core/rfb.js
./components/computer-viewer.tsx
./components/computer-workspace.tsx
./app/chat.tsx

../../../../../Users/jaywest/Myeve/node_modules/eve/dist/src/internal/application/optional-package-install.js
Critical dependency: the request of a dependency is an expression

Import trace for requested module:
../../../../../Users/jaywest/Myeve/node_modules/eve/dist/src/internal/application/optional-package-install.js
../../../../../Users/jaywest/Myeve/node_modules/eve/dist/src/execution/sandbox/bash-tool.js
../../../../../Users/jaywest/Myeve/node_modules/eve/dist/src/public/tools/define-bash-tool.js
../../../../../Users/jaywest/Myeve/node_modules/eve/dist/src/public/tools/index.js
../../../../../Users/jaywest/Myeve/node_modules/@agent-browser/eve/dist/extension/tools/click.mjs
../../../../../Users/jaywest/Myeve/node_modules/@agent-browser/eve/dist/tools/index.mjs
./lib/readiness.ts
./app/api/readiness/route.ts
[browser] ../../../../../Users/jaywest/Myeve/node_modules/@novnc/novnc/core/util/browser.js
The generated code contains 'async/await' because this module is using "topLevelAwait".
However, your target environment does not appear to support 'async/await'.
As a result, the code may not run as expected or may cause runtime errors.

Import trace for requested module:
../../../../../Users/jaywest/Myeve/node_modules/@novnc/novnc/core/util/browser.js
../../../../../Users/jaywest/Myeve/node_modules/@novnc/novnc/core/rfb.js
./components/computer-viewer.tsx
./components/computer-workspace.tsx
./app/chat.tsx
 GET /files 200 in 1082ms (next.js: 720ms, proxy.ts: 1.7ms, application-code: 360ms)
⚠ Fast Refresh had to perform a full reload. Read more: https://nextjs.org/docs/messages/fast-refresh-reload
[browser] ../../../../../Users/jaywest/Myeve/node_modules/@novnc/novnc/core/util/browser.js
The generated code contains 'async/await' because this module is using "topLevelAwait".
However, your target environment does not appear to support 'async/await'.
As a result, the code may not run as expected or may cause runtime errors.
Model catalog failed Error [GatewayAuthenticationError]: AI Gateway authentication failed: No authentication provided.

Option 1 - API key:
Create an API key: https://vercel.com/d?to=%2F%5Bteam%5D%2F%7E%2Fai%2Fapi-keys
Provide via 'apiKey' option or 'AI_GATEWAY_API_KEY' environment variable.

Option 2 - Vercel access token:
Pass a Vercel personal access token or Vercel app access token via the 'apiKey' option.

Option 3 - OIDC token:
Run 'npx vercel link' to link your project, then 'vc env pull' to fetch the token.
    at async GET (app/api/models/route.ts:11:24)
   9 |
  10 |   try {
> 11 |     const { models } = await gateway.getAvailableModels();
     |                        ^
  12 |     const language = models
  13 |       .filter((model) => (model.modelType ?? "language") === "language")
  14 |       .map((model) => ({ {
  statusCode: 401,
  generationId: undefined,
  isRetryable: false,
  type: 'authentication_error',
  [cause]: Error [VercelOidcTokenError]: The 'x-vercel-oidc-token' header is missing from the request. Do you have the OIDC option enabled in the Vercel project settings?
  Unable to find project root directory. Have you linked your project with `vc link?`
      at async GET (app/api/models/route.ts:11:24)
     9 |
    10 |   try {
  > 11 |     const { models } = await gateway.getAvailableModels();
       |                        ^
    12 |     const language = models
    13 |       .filter((model) => (model.modelType ?? "language") === "language")
    14 |       .map((model) => ({ {
    cause: undefined
  }
}
 GET /api/models 503 in 8ms (next.js: 1.4ms, application-code: 6ms)
 GET /api/commands 200 in 28ms (next.js: 1.4ms, application-code: 26ms)
 GET /api/capabilities 200 in 3ms (next.js: 1.6ms, application-code: 1.7ms)
 GET /api/agents 200 in 46ms (next.js: 1.8ms, application-code: 44ms)
 GET /api/threads 200 in 31ms (next.js: 14ms, application-code: 18ms)
Model catalog failed Error [GatewayAuthenticationError]: AI Gateway authentication failed: No authentication provided.

Option 1 - API key:
Create an API key: https://vercel.com/d?to=%2F%5Bteam%5D%2F%7E%2Fai%2Fapi-keys
Provide via 'apiKey' option or 'AI_GATEWAY_API_KEY' environment variable.

Option 2 - Vercel access token:
Pass a Vercel personal access token or Vercel app access token via the 'apiKey' option.

Option 3 - OIDC token:
Run 'npx vercel link' to link your project, then 'vc env pull' to fetch the token.
    at async GET (app/api/models/route.ts:11:24)
   9 |
  10 |   try {
> 11 |     const { models } = await gateway.getAvailableModels();
     |                        ^
  12 |     const language = models
  13 |       .filter((model) => (model.modelType ?? "language") === "language")
  14 |       .map((model) => ({ {
  statusCode: 401,
  generationId: undefined,
  isRetryable: false,
  type: 'authentication_error',
  [cause]: Error [VercelOidcTokenError]: The 'x-vercel-oidc-token' header is missing from the request. Do you have the OIDC option enabled in the Vercel project settings?
  Unable to find project root directory. Have you linked your project with `vc link?`
      at async GET (app/api/models/route.ts:11:24)
     9 |
    10 |   try {
  > 11 |     const { models } = await gateway.getAvailableModels();
       |                        ^
    12 |     const language = models
    13 |       .filter((model) => (model.modelType ?? "language") === "language")
    14 |       .map((model) => ({ {
    cause: undefined
  }
}
 GET /api/models 503 in 3ms (next.js: 0.4ms, application-code: 3ms)
 GET /api/files 200 in 266ms (next.js: 9ms, application-code: 257ms)
 GET /api/commands 200 in 1.1ms (next.js: 0.3ms, application-code: 0.8ms)
 GET /api/threads 200 in 1.5ms (next.js: 0.3ms, application-code: 1.2ms)
 GET /api/files 200 in 20ms (next.js: 0.5ms, application-code: 19ms)
 GET /api/agents 200 in 6ms (next.js: 0.4ms, application-code: 6ms)
 GET /api/files/5e6341d6-88b4-49e2-8001-d1e82a5d0bf9/content 200 in 13ms (next.js: 8ms, application-code: 4ms)
 GET /api/owner-data 200 in 38ms (next.js: 5ms, application-code: 33ms)
 GET /api/owner-data?download=1 200 in 62ms (next.js: 0.5ms, application-code: 61ms)
 GET /api/task-runs?threadId=588fa835-11f3-4bb8-b8a1-a55c5f01f0a7 200 in 7ms (next.js: 2ms, application-code: 5ms)
 GET /api/task-runs?threadId=588fa835-11f3-4bb8-b8a1-a55c5f01f0a7 200 in 2.0ms (next.js: 0.4ms, application-code: 1.6ms)
onUploadCompleted provided but no callbackUrl could be determined. Please provide a callbackUrl in onBeforeGenerateToken or set the VERCEL_BLOB_CALLBACK_URL environment variable.
 POST /api/files/upload 200 in 12ms (next.js: 7ms, application-code: 4ms)
 GET /api/files 200 in 3ms (next.js: 0.5ms, application-code: 2.0ms)
 POST /api/files 200 in 4ms (next.js: 0.5ms, application-code: 4ms)
 GET /api/files/2ac2543d-71ee-4c34-ad3a-81e27f4f6bdf/content 200 in 4ms (next.js: 0.6ms, application-code: 3ms)
 GET /api/threads/588fa835-11f3-4bb8-b8a1-a55c5f01f0a7 200 in 5ms (next.js: 3ms, application-code: 2ms)
 PUT /api/threads/588fa835-11f3-4bb8-b8a1-a55c5f01f0a7 200 in 3ms (next.js: 0.4ms, application-code: 3ms)
 GET /api/files 200 in 3ms (next.js: 0.6ms, application-code: 2ms)
 GET /api/files/5e6341d6-88b4-49e2-8001-d1e82a5d0bf9/content 404 in 3ms (next.js: 0.5ms, application-code: 3ms)
 GET /api/files 200 in 2ms (next.js: 0.5ms, application-code: 1.7ms)
 GET /chat 200 in 21ms (next.js: 7ms, proxy.ts: 1.7ms, application-code: 12ms)
[browser] ../../../../../Users/jaywest/Myeve/node_modules/@novnc/novnc/core/util/browser.js
The generated code contains 'async/await' because this module is using "topLevelAwait".
However, your target environment does not appear to support 'async/await'.
As a result, the code may not run as expected or may cause runtime errors.
Model catalog failed Error [GatewayAuthenticationError]: AI Gateway authentication failed: No authentication provided.

Option 1 - API key:
Create an API key: https://vercel.com/d?to=%2F%5Bteam%5D%2F%7E%2Fai%2Fapi-keys
Provide via 'apiKey' option or 'AI_GATEWAY_API_KEY' environment variable.

Option 2 - Vercel access token:
Pass a Vercel personal access token or Vercel app access token via the 'apiKey' option.

Option 3 - OIDC token:
Run 'npx vercel link' to link your project, then 'vc env pull' to fetch the token.
    at async GET (app/api/models/route.ts:11:24)
   9 |
  10 |   try {
> 11 |     const { models } = await gateway.getAvailableModels();
     |                        ^
  12 |     const language = models
  13 |       .filter((model) => (model.modelType ?? "language") === "language")
  14 |       .map((model) => ({ {
  statusCode: 401,
  generationId: undefined,
  isRetryable: false,
  type: 'authentication_error',
  [cause]: Error [VercelOidcTokenError]: The 'x-vercel-oidc-token' header is missing from the request. Do you have the OIDC option enabled in the Vercel project settings?
  Unable to find project root directory. Have you linked your project with `vc link?`
      at async GET (app/api/models/route.ts:11:24)
     9 |
    10 |   try {
  > 11 |     const { models } = await gateway.getAvailableModels();
       |                        ^
    12 |     const language = models
    13 |       .filter((model) => (model.modelType ?? "language") === "language")
    14 |       .map((model) => ({ {
    cause: undefined
  }
}
 GET /api/models 503 in 3ms (next.js: 0.6ms, application-code: 3ms)
 GET /api/commands 200 in 1.1ms (next.js: 0.3ms, application-code: 0.8ms)
 GET /api/threads 200 in 2ms (next.js: 0.5ms, application-code: 1.9ms)
 GET /api/capabilities 200 in 1.5ms (next.js: 0.4ms, application-code: 1.1ms)
Model catalog failed Error [GatewayAuthenticationError]: AI Gateway authentication failed: No authentication provided.

Option 1 - API key:
Create an API key: https://vercel.com/d?to=%2F%5Bteam%5D%2F%7E%2Fai%2Fapi-keys
Provide via 'apiKey' option or 'AI_GATEWAY_API_KEY' environment variable.

Option 2 - Vercel access token:
Pass a Vercel personal access token or Vercel app access token via the 'apiKey' option.

Option 3 - OIDC token:
Run 'npx vercel link' to link your project, then 'vc env pull' to fetch the token.
    at async GET (app/api/models/route.ts:11:24)
   9 |
  10 |   try {
> 11 |     const { models } = await gateway.getAvailableModels();
     |                        ^
  12 |     const language = models
  13 |       .filter((model) => (model.modelType ?? "language") === "language")
  14 |       .map((model) => ({ {
  statusCode: 401,
  generationId: undefined,
  isRetryable: false,
  type: 'authentication_error',
  [cause]: Error [VercelOidcTokenError]: The 'x-vercel-oidc-token' header is missing from the request. Do you have the OIDC option enabled in the Vercel project settings?
  Unable to find project root directory. Have you linked your project with `vc link?`
      at async GET (app/api/models/route.ts:11:24)
     9 |
    10 |   try {
  > 11 |     const { models } = await gateway.getAvailableModels();
       |                        ^
    12 |     const language = models
    13 |       .filter((model) => (model.modelType ?? "language") === "language")
    14 |       .map((model) => ({ {
    cause: undefined
  }
}
 GET /api/models 503 in 2ms (next.js: 0.3ms, application-code: 1.7ms)
 GET /api/agents 200 in 13ms (next.js: 0.4ms, application-code: 13ms)
 GET /api/commands 200 in 1.3ms (next.js: 0.4ms, application-code: 1.0ms)
 GET /api/threads/754d43ee-aa49-4c3f-b197-d5723c54fb99 404 in 7ms (next.js: 1.1ms, application-code: 6ms)
 GET /api/agents 200 in 7ms (next.js: 0.5ms, application-code: 6ms)
 GET /api/threads 200 in 3ms (next.js: 0.4ms, application-code: 2ms)
 GET /api/threads/754d43ee-aa49-4c3f-b197-d5723c54fb99 404 in 2ms (next.js: 0.5ms, application-code: 1.7ms)
 GET /api/threads/754d43ee-aa49-4c3f-b197-d5723c54fb99 404 in 3ms (next.js: 0.6ms, application-code: 1.9ms)
 GET /api/task-runs?threadId=754d43ee-aa49-4c3f-b197-d5723c54fb99 200 in 3ms (next.js: 0.5ms, application-code: 3ms)
 GET /api/task-runs?threadId=754d43ee-aa49-4c3f-b197-d5723c54fb99 200 in 2ms (next.js: 0.4ms, application-code: 1.8ms)
 GET /api/threads/754d43ee-aa49-4c3f-b197-d5723c54fb99 404 in 2ms (next.js: 0.6ms, application-code: 1.7ms)
 GET /api/task-runs?threadId=754d43ee-aa49-4c3f-b197-d5723c54fb99 200 in 3ms (next.js: 0.5ms, application-code: 2ms)
 GET /api/task-runs?threadId=754d43ee-aa49-4c3f-b197-d5723c54fb99 200 in 1.7ms (next.js: 0.3ms, application-code: 1.4ms)
 GET /api/task-runs?threadId=754d43ee-aa49-4c3f-b197-d5723c54fb99 200 in 3ms (next.js: 0.7ms, application-code: 3ms)
 GET /api/task-runs?threadId=754d43ee-aa49-4c3f-b197-d5723c54fb99 200 in 1.8ms (next.js: 0.4ms, application-code: 1.4ms)
 GET /api/files 200 in 3ms (next.js: 0.6ms, application-code: 3ms)
⚠ ../../../../../Users/jaywest/Myeve/node_modules/@novnc/novnc/core/util/browser.js
The generated code contains 'async/await' because this module is using "topLevelAwait".
However, your target environment does not appear to support 'async/await'.
As a result, the code may not run as expected or may cause runtime errors.

Import trace for requested module:
../../../../../Users/jaywest/Myeve/node_modules/@novnc/novnc/core/util/browser.js
../../../../../Users/jaywest/Myeve/node_modules/@novnc/novnc/core/rfb.js
./components/computer-viewer.tsx
./components/computer-workspace.tsx
./app/chat.tsx

../../../../../Users/jaywest/Myeve/node_modules/eve/dist/src/internal/application/optional-package-install.js
Critical dependency: the request of a dependency is an expression

Import trace for requested module:
../../../../../Users/jaywest/Myeve/node_modules/eve/dist/src/internal/application/optional-package-install.js
../../../../../Users/jaywest/Myeve/node_modules/eve/dist/src/execution/sandbox/bash-tool.js
../../../../../Users/jaywest/Myeve/node_modules/eve/dist/src/public/tools/define-bash-tool.js
../../../../../Users/jaywest/Myeve/node_modules/eve/dist/src/public/tools/index.js
../../../../../Users/jaywest/Myeve/node_modules/@agent-browser/eve/dist/extension/tools/click.mjs
../../../../../Users/jaywest/Myeve/node_modules/@agent-browser/eve/dist/tools/index.mjs
./lib/readiness.ts
./app/api/readiness/route.ts
